node_id,label,x,y,z,radius,parent_id,type
1,1,0.0,0.0,0.0,4.387,-1,root
2,1,-0.39,0.12,1.02,3.618,1,slab
3,1,-0.45,1.2,2.0,4.069,2,slab
4,7,-0.77,4.51,0.55,0.185,3,slab
5,7,-1.28,5.02,0.55,0.185,4,slab
6,7,-2.28,6.56,0.55,0.185,5,slab
7,7,-3.94,7.92,0.55,0.185,6,slab
8,7,-6.6,8.89,0.4,0.185,7,slab
9,7,-7.4,8.96,0.4,0.185,8,slab
10,7,-7.86,9.15,-0.34,0.185,9,slab
11,7,-6.84,9.65,-0.74,0.185,10,slab
12,7,-6.74,10.14,-0.74,0.185,11,slab
13,7,-7.89,11.51,-0.85,0.185,12,slab
14,7,-8.06,11.65,-0.85,0.185,13,slab
15,7,-12.72,12.82,-1.29,0.185,14,slab
16,7,-12.77,13.55,-0.6,0.15,15,slab
17,7,-13.37,14.59,-0.6,0.15,16,slab
18,7,-13.89,15.01,-1.1,0.15,17,slab
19,7,-14.28,15.09,-1.1,0.15,18,slab
20,7,-14.77,15.19,-1.42,0.15,19,slab
21,7,-14.98,15.23,-1.42,0.15,20,slab
22,7,-14.95,15.33,-1.6,0.075,21,slab
23,7,-14.92,16.96,-1.04,0.075,22,slab
24,7,-15.21,17.53,-1.04,0.075,23,slab
25,7,-15.39,19.11,-1.04,0.075,24,slab
26,7,-15.42,19.93,-1.04,0.075,25,slab
27,7,-15.47,20.65,-1.04,0.075,26,end
28,7,1.08,4.24,1.07,0.26,1,slab
29,7,1.21,5.84,1.07,0.26,28,slab
30,7,1.06,8.53,1.2,0.26,29,slab
31,7,1.91,9.17,1.2,0.26,30,slab
32,7,3.45,10.18,1.89,0.26,31,slab
33,7,4.33,11.02,1.17,0.26,32,slab
34,7,3.53,11.08,0.46,0.15,33,slab
35,7,1.29,10.12,0.46,0.15,34,slab
36,7,0.5,10.28,1.12,0.035,35,slab
37,7,-0.05,11.02,1.12,0.035,36,end
38,7,1.14,4.02,0.31,0.185,1,slab
39,7,4.76,6.23,0.31,0.185,38,slab
40,7,5.51,6.89,0.4,0.185,39,slab
41,7,5.81,7.34,0.4,0.185,40,slab
42,7,7.65,8.79,0.97,0.185,41,slab
43,7,8.1,9.01,0.89,0.185,42,slab
44,7,9.07,9.21,0.89,0.185,43,slab
45,7,9.5,9.33,-0.5,0.185,44,slab
46,7,9.9,10.26,-1.25,0.185,45,slab
47,7,10.78,12.53,-1.25,0.185,46,slab
48,7,11.03,14.22,-1.2,0.185,47,slab
49,7,11.29,15.49,-1.2,0.185,48,slab
50,7,11.23,16.63,-1.58,0.185,49,slab
51,7,11.35,17.21,-1.58,0.185,50,slab
52,7,12.19,18.26,-1.7,0.185,51,slab
53,7,12.58,18.69,-1.7,0.185,52,slab
54,7,13.28,20.08,-2.33,0.185,53,slab
55,7,13.6,21.13,-2.33,0.185,54,slab
56,7,13.39,22.1,-2.52,0.185,55,slab
57,7,13.16,22.46,-2.52,0.185,56,branch
58,7,14.29,24.46,-4.9,0.075,57,slab
59,7,14.41,25.05,-4.9,0.075,58,slab
60,7,14.67,26.23,-4.94,0.075,59,slab
61,7,14.96,27.18,-5.0,0.075,60,branch
62,7,16.95,27.89,-5.78,0.075,61,slab
63,7,17.76,28.34,-5.19,0.075,62,slab
64,7,18.46,29.21,-5.19,0.075,63,slab
65,7,18.42,29.53,-4.84,0.075,64,slab
66,7,18.52,30.02,-4.84,0.075,65,slab
67,7,18.87,30.25,-4.69,0.075,66,slab
68,7,19.23,30.48,-4.69,0.075,67,slab
69,7,19.53,30.94,-4.69,0.075,68,slab
70,7,19.79,31.18,-4.69,0.075,69,slab
71,7,19.77,31.6,-4.65,0.075,70,slab
72,7,19.56,32.56,-4.65,0.075,71,slab
73,7,19.63,33.36,-4.65,0.075,72,slab
74,7,19.79,33.64,-4.65,0.075,73,slab
75,7,20.67,33.96,-4.65,0.075,74,slab
76,7,20.71,34.15,-4.65,0.075,75,slab
77,7,20.62,34.69,-4.69,0.075,76,slab
78,7,20.51,35.12,-4.69,0.075,77,end
79,7,13.47,28.31,-5.28,0.075,61,slab
80,7,13.08,28.91,-5.28,0.075,79,slab
81,7,12.83,29.16,-5.25,0.075,80,slab
82,7,12.44,29.25,-5.25,0.075,81,slab
83,7,11.83,29.78,-6.13,0.035,82,slab
84,7,11.56,30.96,-6.09,0.035,83,slab
85,7,11.49,31.59,-6.09,0.035,84,slab
86,7,11.22,32.26,-5.65,0.035,85,slab
87,7,11.11,32.69,-5.65,0.035,86,slab
88,7,10.94,33.34,-5.65,0.035,87,slab
89,7,11.08,34.02,-6.17,0.035,88,slab
90,7,11.06,34.44,-6.17,0.035,89,slab
91,7,11.2,35.12,-6.25,0.035,90,slab
92,7,11.15,35.85,-6.25,0.035,91,slab
93,7,11.31,37.04,-6.25,0.035,92,slab
94,7,11.37,37.84,-6.25,0.035,93,slab
95,7,11.3,38.47,-6.25,0.035,94,slab
96,7,11.2,38.49,-6.25,0.035,95,end
97,7,10.88,23.75,-2.69,0.075,57,slab
98,7,10.14,24.62,-2.69,0.075,97,slab
99,7,9.5,25.47,-3.44,0.075,98,slab
100,7,9.17,25.84,-3.44,0.075,99,slab
101,7,8.94,26.2,-3.69,0.075,100,slab
102,7,8.43,26.71,-3.69,0.075,101,slab
103,7,8.4,27.53,-3.77,0.075,102,slab
104,7,8.56,28.31,-3.77,0.075,103,slab
105,7,8.95,29.16,-4.19,0.075,104,slab
106,7,9.32,30.0,-4.19,0.075,105,slab
107,7,9.58,30.76,-4.19,0.075,106,slab
108,7,10.58,32.08,-4.19,0.075,107,slab
109,7,11.06,33.42,-5.03,0.075,108,slab
110,7,11.15,34.32,-5.15,0.075,109,slab
111,7,10.83,34.79,-6.13,0.075,110,slab
112,7,10.09,34.64,-6.13,0.075,111,slab
113,7,10.32,34.29,-6.59,0.075,112,slab
114,7,10.42,34.26,-6.59,0.075,113,slab
115,7,9.94,33.95,-7.05,0.075,114,slab
116,7,9.46,33.14,-6.25,0.075,115,slab
117,7,8.83,32.55,-6.25,0.075,116,slab
118,7,8.14,32.19,-6.17,0.075,117,slab
119,7,7.91,32.03,-6.17,0.075,118,slab
120,7,7.01,32.11,-5.5,0.075,119,slab
121,7,6.41,32.24,-5.5,0.075,120,end
122,7,0.4,3.6,-0.28,0.185,1,slab
123,7,0.42,4.62,-0.54,0.185,122,slab
124,7,1.08,8.26,-0.54,0.185,123,slab
125,7,2.15,9.97,-0.4,0.185,124,slab
126,7,2.42,10.33,0.15,0.185,125,slab
127,7,2.54,12.35,0.15,0.185,126,slab
128,7,2.36,13.92,0.2,0.185,127,slab
129,7,2.37,14.43,0.2,0.185,128,slab
130,7,2.14,15.81,-0.21,0.185,129,slab
131,7,1.9,16.57,0.2,0.185,130,slab
132,7,0.56,18.48,0.2,0.185,131,slab
133,7,-0.33,20.91,0.46,0.11,132,slab
134,7,-0.85,23.38,0.46,0.11,133,end
135,7,-0.25,3.24,-0.1,0.295,1,slab
136,7,-0.92,5.42,-0.37,0.295,135,slab
137,7,-2.2,6.61,-1.18,0.295,136,slab
138,7,-2.96,7.39,-1.18,0.295,137,slab
139,7,-5.12,9.27,-1.37,0.295,138,slab
140,7,-5.88,12.49,-2.25,0.295,139,slab
141,7,-5.87,13.51,-2.38,0.295,140,branch
142,7,-7.37,15.15,-2.79,0.295,141,slab
143,7,-8.64,16.85,-3.6,0.26,142,slab
144,7,-8.52,17.43,-3.5,0.26,143,slab
145,7,-8.33,17.9,-4.38,0.22,144,slab
146,7,-7.48,18.03,-4.6,0.22,145,slab
147,7,-6.89,20.87,-5.5,0.185,146,slab
148,7,-6.89,21.38,-5.5,0.185,147,slab
149,7,-6.78,21.86,-5.94,0.185,148,slab
150,7,-7.32,23.21,-6.28,0.15,149,slab
151,7,-7.95,24.06,-6.4,0.15,150,slab
152,7,-8.07,25.0,-6.44,0.15,151,slab
153,7,-8.42,25.78,-6.44,0.15,152,slab
154,7,-8.98,26.51,-6.9,0.15,153,slab
155,7,-9.48,27.03,-6.9,0.15,154,slab
156,7,-9.87,30.07,-6.4,0.075,155,slab
157,7,-9.82,30.78,-6.69,0.075,156,slab
158,7,-9.62,31.25,-6.69,0.075,157,slab
159,7,-9.64,31.66,-6.69,0.075,158,slab
160,7,-9.97,32.03,-6.94,0.075,159,slab
161,7,-10.3,32.41,-6.94,0.075,160,slab
162,7,-10.38,33.04,-7.4,0.075,161,slab
163,7,-10.54,33.68,-7.4,0.075,162,slab
164,7,-10.53,33.78,-6.6,0.075,163,slab
165,7,-11.43,35.3,-6.65,0.075,164,slab
166,7,-11.8,36.0,-6.65,0.075,165,slab
167,7,-11.85,36.21,-7.24,0.075,166,slab
168,7,-12.19,36.58,-7.24,0.075,167,slab
169,7,-12.69,37.09,-7.53,0.075,168,slab
170,7,-13.27,37.73,-7.53,0.075,169,slab
171,7,-13.35,37.85,-7.9,0.075,170,slab
172,7,-14.21,38.13,-7.9,0.075,171,slab
173,7,-14.49,38.29,-8.15,0.075,172,slab
174,7,-14.78,38.36,-8.15,0.075,173,slab
175,7,-15.86,38.58,-8.35,0.075,174,slab
176,7,-16.35,38.67,-8.03,0.075,175,branch
177,7,-16.39,39.91,-8.28,0.075,176,slab
178,7,-16.1,40.88,-9.25,0.075,177,slab
179,7,-15.93,41.66,-9.6,0.075,178,slab
180,7,-15.91,41.75,-9.75,0.075,179,end
181,7,-18.1,40.07,-7.4,0.075,176,slab
182,7,-18.43,40.45,-7.94,0.075,181,slab
183,7,-19.13,40.49,-8.19,0.075,182,slab
184,7,-19.23,40.51,-8.19,0.075,183,end
185,7,-4.77,15.83,-1.63,0.11,141,slab
186,7,-5.0,16.7,-1.6,0.11,185,slab
187,7,-4.96,16.89,-1.6,0.11,186,slab
188,7,-4.79,18.69,-1.6,0.11,187,slab
189,7,-4.92,19.54,-1.12,0.11,188,slab
190,7,-5.05,21.31,-1.1,0.185,189,branch
191,7,-6.61,23.16,-1.05,0.185,190,slab
192,7,-6.61,23.16,-0.6,0.185,191,slab
193,7,-6.79,25.24,-0.49,0.185,192,slab
194,7,-6.82,25.55,-0.49,0.185,193,slab
195,7,-7.66,28.38,-1.12,0.15,194,slab
196,7,-7.8,28.72,-1.12,0.15,195,slab
197,7,-8.15,29.51,-1.12,0.15,196,slab
198,7,-8.5,29.79,-1.12,0.15,197,branch
199,7,-11.82,31.0,-1.12,0.11,198,slab
200,7,-12.02,31.03,-1.12,0.11,199,slab
201,7,-12.84,31.51,-1.1,0.11,200,slab
202,7,-12.87,31.82,-0.8,0.11,201,slab
203,7,-13.2,32.71,-0.8,0.11,202,slab
204,7,-13.47,33.38,-1.35,0.11,203,slab
205,7,-13.95,34.5,-1.35,0.11,204,slab
206,7,-14.15,35.05,-1.35,0.11,205,slab
207,7,-15.08,35.96,-1.35,0.11,206,slab
208,7,-15.58,36.47,-0.99,0.11,207,slab
209,7,-16.24,37.23,-0.99,0.11,208,slab
210,7,-16.19,38.45,-0.8,0.11,209,end
211,7,-8.23,30.03,-1.85,0.15,198,branch
212,7,-8.54,33.47,-0.74,0.075,211,slab
213,7,-8.5,34.18,-1.1,0.075,212,slab
214,7,-8.88,35.28,-1.24,0.075,213,slab
215,7,-9.16,36.36,-1.24,0.075,214,slab
216,7,-9.12,36.56,-1.18,0.075,215,slab
217,7,-9.11,38.08,-0.68,0.11,216,slab
218,7,-8.89,39.17,-0.62,0.11,217,slab
219,7,-8.68,40.14,-0.62,0.11,218,slab
220,7,-8.31,40.47,-1.37,0.11,219,slab
221,7,-7.97,41.12,-1.37,0.11,220,slab
222,7,-7.71,41.37,-1.69,0.11,221,slab
223,7,-7.53,41.75,-1.69,0.11,222,slab
224,7,-7.82,42.31,-2.0,0.11,223,slab
225,7,-8.15,42.69,-2.0,0.11,224,slab
226,7,-7.7,42.9,-2.5,0.11,225,slab
227,7,-7.46,43.06,-2.5,0.11,226,slab
228,7,-7.26,43.02,-2.69,0.11,227,end
229,7,-8.1,30.22,-2.38,0.15,211,slab
230,7,-7.27,31.27,-2.44,0.15,229,slab
231,7,-6.97,31.71,-2.5,0.15,230,slab
232,7,-7.45,33.35,-2.5,0.15,231,slab
233,7,-7.84,34.86,-2.5,0.15,232,slab
234,7,-8.13,35.94,-2.54,0.15,233,slab
235,7,-8.28,36.68,-2.54,0.15,234,slab
236,7,-8.53,36.94,-2.54,0.15,235,slab
237,7,-9.37,37.33,-2.54,0.15,236,slab
238,7,-10.84,38.14,-2.69,0.15,237,slab
239,7,-11.57,38.6,-2.69,0.15,238,slab
240,7,-12.29,39.98,-2.54,0.15,239,branch
241,7,-14.28,39.78,-3.0,0.075,240,slab
242,7,-15.11,40.67,-3.0,0.075,241,slab
243,7,-15.93,41.15,-2.85,0.075,242,slab
244,7,-17.12,41.8,-2.85,0.075,243,slab
245,7,-18.16,42.23,-3.1,0.075,244,slab
246,7,-19.0,42.61,-3.1,0.075,245,slab
247,7,-19.66,42.85,-3.1,0.075,246,slab
248,7,-21.21,43.78,-3.1,0.075,247,slab
249,7,-21.28,43.9,-3.04,0.075,248,end
250,7,-12.59,43.0,-3.1,0.075,240,slab
251,7,-13.3,43.97,-3.1,0.075,250,slab
252,7,-13.84,44.8,-3.13,0.075,251,slab
253,7,-14.08,45.16,-3.13,0.075,252,slab
254,7,-14.36,46.23,-2.88,0.075,253,slab
255,7,-14.29,46.52,-2.88,0.075,254,slab
256,7,-14.02,47.39,-3.44,0.075,255,slab
257,7,-13.47,48.08,-3.44,0.075,256,slab
258,7,-12.97,48.49,-3.44,0.075,257,slab
259,7,-12.34,49.08,-3.04,0.075,258,slab
260,7,-11.84,49.49,-2.5,0.075,259,slab
261,7,-11.14,50.88,-2.5,0.075,260,slab
262,7,-10.9,52.05,-1.85,0.075,261,slab
263,7,-10.67,53.12,-1.85,0.075,262,slab
264,7,-10.41,54.4,-1.6,0.075,263,slab
265,7,-9.83,55.71,-1.6,0.075,264,slab
266,7,-9.72,56.2,-1.3,0.075,265,end
267,7,-4.31,24.42,-1.05,0.11,190,slab
268,7,-4.78,25.54,-0.8,0.11,267,slab
269,7,-5.05,26.72,-0.12,0.11,268,slab
270,7,-5.25,27.27,-0.12,0.11,269,slab
271,7,-4.95,28.64,-0.12,0.11,270,slab
272,7,-4.86,30.05,-0.55,0.11,271,slab
273,7,-4.74,31.14,-0.35,0.11,272,slab
274,7,-4.53,32.13,-0.35,0.11,273,slab
275,7,-3.74,32.99,-0.18,0.11,274,slab
276,7,-3.6,33.67,-0.18,0.11,275,slab
277,7,-3.41,35.06,0.0,0.11,276,slab
278,7,-3.75,36.36,0.37,0.11,277,slab
279,7,-4.17,37.26,0.37,0.11,278,slab
280,7,-4.97,38.35,-0.37,0.11,279,end
281,7,0.58,3.44,-0.14,0.22,1,slab
282,7,1.88,6.23,-1.01,0.22,281,slab
283,7,2.92,10.21,-1.01,0.22,282,slab
284,7,3.95,14.69,-1.37,0.22,283,slab
285,7,4.11,15.47,-1.37,0.22,284,slab
286,7,4.76,17.58,-2.06,0.22,285,slab
287,7,4.91,18.27,-2.52,0.22,286,slab
288,7,4.6,19.76,-2.52,0.22,287,slab
289,7,4.54,19.98,-2.52,0.22,288,slab
290,7,4.88,20.62,-2.52,0.22,289,slab
291,7,5.04,20.9,-2.77,0.22,290,slab
292,7,4.09,22.22,-2.77,0.22,291,slab
293,7,3.65,23.54,-3.21,0.22,292,slab
294,7,3.18,25.17,-3.31,0.22,293,branch
295,7,1.88,26.77,-3.21,0.15,294,slab
296,7,1.26,26.28,-3.21,0.15,295,slab
297,7,0.91,26.56,-3.21,0.15,296,slab
298,7,0.57,26.84,-3.56,0.15,297,slab
299,7,0.39,26.97,-3.56,0.15,298,slab
300,7,-0.71,27.41,-3.56,0.15,299,slab
301,7,-1.06,27.68,-3.56,0.15,300,slab
302,7,-2.12,28.52,-2.62,0.11,301,slab
303,7,-2.4,29.09,-2.62,0.11,302,slab
304,7,-2.89,29.7,-2.02,0.11,303,slab
305,7,-3.14,30.46,-2.02,0.11,304,slab
306,7,-2.38,32.15,-2.65,0.075,305,slab
307,7,-2.36,32.25,-2.46,0.075,306,slab
308,7,-3.0,33.1,-4.87,0.075,307,slab
309,7,-3.83,33.07,-4.87,0.075,308,slab
310,7,-3.92,33.08,-4.87,0.075,309,slab
311,7,-4.18,34.26,-5.21,0.075,310,slab
312,7,-4.34,35.01,-5.21,0.075,311,slab
313,7,-4.82,36.13,-5.31,0.075,312,slab
314,7,-5.14,37.02,-5.31,0.075,313,slab
315,7,-5.45,38.0,-5.31,0.075,314,slab
316,7,-5.56,38.94,-5.31,0.075,315,slab
317,7,-5.81,39.2,-5.46,0.075,316,slab
318,7,-6.95,39.13,-5.46,0.075,317,slab
319,7,-7.58,39.05,-5.52,0.075,318,slab
320,7,-8.62,38.97,-5.52,0.075,319,slab
321,7,-9.01,39.06,-5.77,0.075,320,slab
322,7,-9.41,38.62,-5.77,0.075,321,slab
323,7,-9.66,38.37,-5.77,0.075,322,slab
324,7,-9.78,38.29,-5.77,0.075,323,slab
325,7,-11.36,38.52,-5.4,0.075,324,slab
326,7,-11.26,39.52,-5.4,0.075,325,slab
327,7,-11.71,40.33,-5.21,0.075,326,slab
328,7,-12.64,41.24,-5.21,0.075,327,slab
329,7,-13.15,41.76,-5.46,0.075,328,slab
330,7,-13.3,41.99,-5.46,0.075,329,slab
331,7,-13.75,42.29,-5.46,0.075,330,slab
332,7,-14.1,42.57,-5.62,0.075,331,slab
333,7,-14.29,42.6,-5.62,0.075,332,slab
334,7,-15.22,42.59,-6.12,0.075,333,slab
335,7,-15.61,42.68,-6.12,0.075,334,slab
336,7,-16.33,42.63,-6.42,0.075,335,slab
337,7,-16.43,42.64,-6.67,0.075,336,slab
338,7,-16.74,43.12,-6.67,0.075,337,slab
339,7,-16.78,43.43,-6.67,0.075,338,slab
340,7,-16.72,43.73,-6.67,0.075,339,slab
341,7,-16.12,44.12,-6.87,0.075,340,slab
342,7,-15.63,44.52,-6.96,0.075,341,slab
343,7,-15.28,44.75,-6.96,0.075,342,slab
344,7,-14.57,45.22,-6.96,0.075,343,slab
345,7,-14.41,45.49,-7.21,0.075,344,slab
346,7,-13.71,45.86,-7.62,0.075,345,slab
347,7,-13.63,46.25,-7.62,0.075,346,slab
348,7,-13.84,47.21,-7.62,0.075,347,slab
349,7,-14.37,47.63,-7.87,0.075,348,slab
350,7,-14.81,47.93,-7.87,0.075,349,slab
351,7,-15.09,48.08,-8.17,0.075,350,slab
352,7,-15.37,48.25,-8.42,0.075,351,slab
353,7,-15.85,48.34,-8.42,0.075,352,slab
354,7,-16.19,48.22,-8.42,0.075,353,slab
355,7,-16.29,48.24,-8.55,0.075,354,slab
356,7,-17.14,48.51,-8.55,0.075,355,slab
357,7,-17.89,48.87,-8.55,0.075,356,slab
358,7,-18.65,49.13,-8.55,0.075,357,slab
359,7,-19.24,49.26,-8.55,0.075,358,slab
360,7,-19.98,49.62,-9.05,0.075,359,slab
361,7,-19.96,49.72,-9.17,0.075,360,slab
362,7,-20.62,49.45,-9.17,0.075,361,slab
363,7,-21.53,49.53,-9.11,0.035,362,slab
364,7,-22.17,49.88,-9.11,0.035,363,slab
365,7,-21.34,48.99,-9.11,0.035,364,slab
366,7,-21.7,48.75,-9.05,0.035,365,slab
367,7,-21.83,48.57,-9.05,0.035,366,slab
368,7,-22.09,48.33,-9.05,0.035,367,end
369,7,3.4,27.67,-3.46,0.075,294,slab
370,7,2.89,28.7,-3.77,0.075,369,slab
371,7,2.69,29.15,-3.77,0.075,370,slab
372,7,2.35,31.47,-4.37,0.075,371,slab
373,7,1.75,32.51,-4.37,0.075,372,slab
374,7,1.56,33.58,-4.31,0.075,373,branch
375,7,-0.21,33.34,-4.31,0.075,374,slab
376,7,-0.29,33.45,-4.31,0.075,375,slab
377,7,-1.05,35.55,-4.52,0.075,376,slab
378,7,-1.83,37.24,-4.52,0.075,377,slab
379,7,-2.3,37.96,-4.52,0.075,378,slab
380,7,-3.51,41.38,-4.87,0.075,379,slab
381,7,-3.93,41.88,-4.4,0.075,380,slab
382,7,-4.79,43.58,-4.12,0.075,381,slab
383,7,-5.23,44.4,-4.12,0.075,382,slab
384,7,-5.86,45.34,-4.02,0.075,383,slab
385,7,-6.62,46.11,-4.02,0.075,384,slab
386,7,-7.37,46.88,-4.9,0.075,385,slab
387,7,-8.52,47.73,-4.9,0.075,386,slab
388,7,-8.72,47.78,-4.9,0.075,387,slab
389,7,-10.13,47.87,-4.9,0.075,388,slab
390,7,-11.15,47.88,-5.15,0.075,389,slab
391,7,-11.35,47.4,-5.15,0.075,390,end
392,7,2.43,35.74,-3.96,0.075,374,slab
393,7,2.57,36.94,-4.71,0.075,392,slab
394,7,2.89,38.0,-5.02,0.075,393,slab
395,7,3.0,39.0,-5.02,0.075,394,slab
396,7,3.56,39.7,-5.21,0.075,395,slab
397,7,3.3,40.87,-5.21,0.075,396,slab
398,7,3.14,41.62,-5.21,0.075,397,slab
399,7,2.98,42.27,-5.21,0.075,398,slab
400,7,3.03,43.08,-4.81,0.075,399,slab
401,7,3.53,44.0,-5.21,0.075,400,slab
402,7,3.36,44.14,-5.06,0.075,401,slab
403,7,3.4,44.84,-5.06,0.075,402,slab
404,7,3.08,45.21,-4.56,0.075,403,slab
405,7,2.72,45.49,-4.56,0.075,404,slab
406,7,2.5,45.84,-4.46,0.075,405,branch
407,7,3.85,46.48,-3.62,0.035,406,slab
408,7,3.78,47.62,-3.81,0.035,407,slab
409,7,3.99,49.1,-4.21,0.035,408,slab
410,7,4.1,49.6,-4.21,0.035,409,slab
411,7,4.14,50.31,-4.27,0.035,410,slab
412,7,4.18,50.5,-4.27,0.035,411,slab
413,7,4.53,50.73,-4.02,0.035,412,slab
414,7,4.87,50.87,-3.77,0.035,413,slab
415,7,5.38,51.37,-4.46,0.075,414,slab
416,7,6.0,51.85,-4.46,0.075,415,slab
417,7,6.51,52.36,-4.56,0.075,416,slab
418,7,6.83,52.4,-4.56,0.075,417,slab
419,7,7.85,52.39,-4.52,0.075,418,slab
420,7,8.19,52.62,-4.52,0.075,419,slab
421,7,8.48,52.98,-4.52,0.075,420,slab
422,7,8.91,53.08,-4.81,0.075,421,end
423,7,1.5,47.48,-3.96,0.075,406,slab
424,7,1.06,47.78,-3.96,0.075,423,slab
425,7,0.49,48.0,-3.9,0.075,424,slab
426,7,0.23,48.26,-3.9,0.075,425,slab
427,7,-0.51,49.03,-3.46,0.075,426,slab
428,7,-1.13,49.86,-3.46,0.075,427,slab
429,7,-1.43,50.34,-3.46,0.075,428,slab
430,7,-1.59,51.09,-3.46,0.075,429,slab
431,7,-1.66,52.23,-3.46,0.075,430,slab
432,7,-1.91,52.99,-3.62,0.075,431,slab
433,7,-2.1,53.54,-3.62,0.075,432,slab
434,7,-2.08,53.64,-3.52,0.075,433,slab
435,7,-2.11,53.96,-3.52,0.075,434,slab
436,7,-2.13,54.37,-3.31,0.075,435,slab
437,7,-2.31,55.43,-3.31,0.075,436,slab
438,7,-4.18,57.76,-3.31,0.075,437,slab
439,7,-4.31,58.09,-2.9,0.075,438,slab
440,7,-4.51,58.65,-2.31,0.075,439,slab
441,7,-4.78,59.32,-2.31,0.075,440,slab
442,7,-5.03,60.08,-2.15,0.075,441,slab
443,7,-5.2,60.73,-2.46,0.075,442,end
444,7,1.58,3.73,-0.57,0.15,1,slab
445,7,2.55,4.44,-0.69,0.15,444,slab
446,7,4.79,6.32,-0.75,0.15,445,slab
447,7,5.32,6.42,-0.75,0.15,446,slab
448,7,8.5,6.47,-1.08,0.15,447,slab
449,7,10.56,7.06,-1.08,0.15,448,slab
450,7,12.22,6.71,-1.13,0.15,449,slab
451,7,12.69,6.51,-1.13,0.15,450,slab
452,7,13.45,6.76,-1.13,0.15,451,branch
453,7,16.37,6.05,-1.45,0.11,452,slab
454,7,16.7,5.67,-1.45,0.11,453,slab
455,7,16.8,5.66,-0.94,0.11,454,slab
456,7,17.12,5.18,-0.94,0.11,455,branch
457,7,17.08,4.06,-0.88,0.035,456,slab
458,7,18.04,3.76,-0.88,0.035,457,end
459,7,18.97,4.8,-0.51,0.035,456,slab
460,7,20.37,5.62,-0.38,0.035,459,slab
461,7,20.66,6.07,-0.82,0.035,460,slab
462,7,21.12,6.29,-0.82,0.035,461,slab
463,7,22.07,6.91,-0.25,0.035,462,slab
464,7,22.84,7.15,-0.25,0.035,463,slab
465,7,23.35,7.15,0.05,0.035,464,slab
466,7,25.05,6.49,0.12,0.035,465,end
467,7,14.63,7.95,-1.5,0.035,452,slab
468,7,16.1,8.66,-1.5,0.035,467,slab
469,7,16.35,8.91,-0.88,0.035,468,slab
470,7,16.73,9.25,-0.88,0.035,469,slab
471,7,16.94,10.22,-0.75,0.035,470,slab
472,7,17.24,10.67,-0.75,0.035,471,slab
473,7,17.67,11.3,-0.75,0.035,472,slab
474,7,18.25,12.1,-0.51,0.035,473,slab
475,7,18.68,12.72,-0.51,0.035,474,slab
476,7,19.59,13.14,-0.51,0.075,475,slab
477,7,20.11,13.65,-0.51,0.075,476,slab
478,7,20.64,14.25,-0.5,0.075,477,slab
479,7,21.73,14.12,-0.5,0.075,478,slab
480,7,22.33,14.0,-0.44,0.075,479,slab
481,7,22.43,13.98,-0.44,0.075,480,slab
482,7,23.04,14.46,-0.44,0.075,481,slab
483,7,23.93,15.3,-0.38,0.075,482,slab
484,7,24.08,15.58,-0.38,0.075,483,slab
485,7,24.08,15.58,-0.5,0.075,484,end
486,1,-0.06,-0.8,-1.0,3.977,1,slab
487,1,-0.42,-1.03,-2.0,3.925,486,slab
488,1,-0.76,-2.3,-3.0,3.365,487,branch
489,7,-2.67,-1.18,-3.15,0.22,488,slab
490,7,-4.61,-0.67,-3.58,0.22,489,slab
491,7,-5.44,-0.7,-3.58,0.22,490,slab
492,7,-6.46,-0.69,-3.58,0.22,491,slab
493,7,-7.36,-0.61,-3.65,0.22,492,slab
494,7,-8.17,-0.13,-3.65,0.22,493,slab
495,7,-8.99,0.33,-3.0,0.22,494,slab
496,7,-9.44,0.64,-3.0,0.22,495,slab
497,7,-9.94,0.74,-2.75,0.22,496,slab
498,7,-10.23,0.79,-2.75,0.22,497,slab
499,7,-10.62,0.88,-2.33,0.22,498,slab
500,7,-10.82,0.92,-2.33,0.22,499,slab
501,7,-10.98,1.13,-2.02,0.22,500,slab
502,7,-10.95,1.75,-2.02,0.22,501,slab
503,7,-11.13,1.88,-2.02,0.22,502,slab
504,7,-11.13,1.88,-1.58,0.22,503,slab
505,7,-13.79,2.34,-1.2,0.22,504,slab
506,7,-14.33,2.25,-1.13,0.22,505,slab
507,7,-14.89,1.95,-1.13,0.22,506,slab
508,7,-15.92,1.46,-1.76,0.22,507,slab
509,7,-16.39,1.14,-1.76,0.22,508,slab
510,7,-17.19,0.72,-2.27,0.22,509,slab
511,7,-17.58,0.8,-2.27,0.22,510,slab
512,7,-18.52,1.69,-2.27,0.22,511,slab
513,7,-19.21,2.85,-2.27,0.22,512,slab
514,7,-19.96,3.11,-2.27,0.22,513,branch
515,7,-20.46,4.14,-2.25,0.11,514,slab
516,7,-20.99,4.56,-2.58,0.11,515,slab
517,7,-21.53,4.88,-2.58,0.11,516,slab
518,7,-21.73,4.92,-2.5,0.11,517,slab
519,7,-21.8,5.55,-2.5,0.11,518,slab
520,7,-22.0,6.09,-3.19,0.11,519,slab
521,7,-22.58,6.73,-3.19,0.11,520,slab
522,7,-23.82,7.19,-3.4,0.11,521,slab
523,7,-24.87,7.51,-3.4,0.11,522,slab
524,7,-25.59,7.46,-3.75,0.11,523,slab
525,7,-26.99,7.14,-3.75,0.11,524,slab
526,7,-28.6,6.76,-3.75,0.11,525,slab
527,7,-29.21,6.28,-3.75,0.11,526,slab
528,7,-29.84,6.21,-3.44,0.11,527,slab
529,7,-30.71,6.48,-3.44,0.11,528,slab
530,7,-31.37,6.73,-3.33,0.11,529,slab
531,7,-32.24,6.91,-3.33,0.11,530,slab
532,7,-33.09,7.29,-3.4,0.11,531,slab
533,7,-33.28,7.33,-3.4,0.11,532,slab
534,7,-35.39,9.92,-3.65,0.035,533,slab
535,7,-36.08,10.57,-3.69,0.035,534,slab
536,7,-36.26,10.71,-3.69,0.035,535,slab
537,7,-37.34,9.91,-3.69,0.035,536,slab
538,7,-37.96,9.43,-3.52,0.035,537,slab
539,7,-39.61,8.85,-3.52,0.035,538,slab
540,7,-39.94,8.72,-3.27,0.035,539,slab
541,7,-40.35,8.7,-3.27,0.035,540,slab
542,7,-41.62,8.97,-3.75,0.075,541,slab
543,7,-42.39,9.24,-3.75,0.075,542,slab
544,7,-43.47,9.46,-3.83,0.075,543,end
545,7,-23.16,1.03,-2.77,0.15,514,slab
546,7,-24.14,-0.27,-2.77,0.15,545,slab
547,7,-25.01,-1.01,-2.58,0.15,546,slab
548,7,-25.54,-1.11,-2.58,0.15,547,slab
549,7,-28.01,-0.69,-2.0,0.15,548,slab
550,7,-29.18,-0.44,-2.0,0.15,549,slab
551,7,-31.18,-0.23,-1.88,0.15,550,slab
552,7,-32.41,-0.28,-1.75,0.15,551,slab
553,7,-33.42,-0.17,-1.75,0.15,552,slab
554,7,-34.2,0.0,-1.75,0.15,553,slab
555,7,-34.59,0.06,-1.51,0.15,554,slab
556,7,-34.69,0.09,-1.45,0.15,555,branch
557,7,-38.14,0.19,-1.51,0.11,556,branch
558,7,-41.55,1.5,-1.51,0.075,557,slab
559,7,-41.67,1.93,-1.5,0.075,558,end
560,7,-42.06,-1.43,-2.19,0.075,557,slab
561,7,-43.05,-0.81,-1.45,0.075,560,slab
562,7,-43.35,-0.75,-1.38,0.075,561,slab
563,7,-44.17,-0.27,-1.38,0.075,562,end
564,7,-39.14,3.24,-2.65,0.075,556,slab
565,7,-40.2,3.56,-2.65,0.075,564,slab
566,7,-40.91,3.6,-2.19,0.075,565,slab
567,7,-41.28,3.79,-2.19,0.075,566,branch
568,7,-41.67,5.81,-1.63,0.075,567,slab
569,7,-42.85,8.0,-1.63,0.075,568,slab
570,7,-43.13,9.08,-1.7,0.075,569,slab
571,7,-43.11,9.69,-1.95,0.075,570,slab
572,7,-43.21,10.63,-1.95,0.075,571,slab
573,7,-43.64,11.54,-2.33,0.075,572,slab
574,7,-44.24,12.07,-2.33,0.075,573,slab
575,7,-45.91,12.93,-2.25,0.075,574,slab
576,7,-46.52,12.96,-2.25,0.075,575,slab
577,7,-47.81,13.12,-2.25,0.075,576,slab
578,7,-48.28,12.81,-1.95,0.075,577,slab
579,7,-48.52,12.15,-1.95,0.075,578,slab
580,7,-48.94,11.63,-1.76,0.075,579,slab
581,7,-48.72,11.68,-1.76,0.075,580,slab
582,7,-49.07,12.46,-1.75,0.075,581,slab
583,7,-49.5,12.86,-1.75,0.075,582,end
584,7,-44.77,3.7,-2.83,0.075,567,slab
585,7,-45.16,3.79,-2.83,0.075,584,slab
586,7,-45.59,4.18,-3.02,0.075,585,slab
587,7,-46.18,4.3,-3.02,0.075,586,slab
588,7,-47.08,4.39,-2.33,0.075,587,slab
589,7,-47.37,4.45,-2.33,0.075,588,slab
590,7,-47.66,4.0,-2.15,0.075,589,slab
591,7,-48.09,3.48,-2.15,0.075,590,slab
592,7,-48.5,2.95,-1.83,0.075,591,slab
593,7,-49.17,2.68,-1.83,0.075,592,slab
594,7,-49.6,2.57,-2.33,0.075,593,slab
595,7,-49.8,2.6,-2.33,0.075,594,slab
596,7,-49.93,2.94,-2.33,0.075,595,slab
597,7,-50.33,3.95,-2.27,0.075,596,slab
598,7,-50.67,4.83,-2.27,0.075,597,slab
599,7,-50.84,4.97,-2.27,0.075,598,slab
600,7,-51.37,4.87,-1.95,0.075,599,slab
601,7,-52.0,4.8,-1.95,0.075,600,slab
602,7,-52.8,4.87,-1.83,0.075,601,slab
603,7,-53.39,4.99,-1.83,0.075,602,slab
604,7,-53.68,5.05,-2.33,0.075,603,slab
605,7,-53.97,5.12,-2.33,0.075,604,slab
606,7,-54.27,5.17,-2.65,0.075,605,slab
607,7,-54.92,5.0,-2.65,0.075,606,slab
608,7,-55.48,4.72,-2.65,0.075,607,slab
609,7,-55.6,4.63,-2.69,0.075,608,slab
610,7,-55.7,4.66,-2.69,0.075,609,slab
611,7,-55.83,6.52,-2.69,0.075,610,slab
612,7,-56.24,7.02,-2.69,0.075,611,slab
613,7,-56.82,7.65,-2.69,0.075,612,end
614,1,-1.38,-2.77,-4.14,2.987,488,slab
615,1,-1.08,-2.84,-6.0,1.883,614,slab
616,7,-2.68,-3.16,-5.69,0.185,615,slab
617,7,-6.65,-5.59,-5.63,0.185,616,slab
618,7,-7.19,-6.19,-5.63,0.185,617,branch
619,7,-10.55,-6.62,-6.03,0.185,618,slab
620,7,-11.98,-7.13,-5.79,0.185,619,slab
621,7,-12.02,-8.76,-6.03,0.185,620,branch
622,7,-11.01,-10.81,-6.65,0.15,621,slab
623,7,-10.8,-11.25,-6.65,0.15,622,slab
624,7,-10.16,-11.6,-6.9,0.15,623,slab
625,7,-8.02,-12.15,-6.9,0.15,624,slab
626,7,-7.66,-12.32,-6.99,0.15,625,slab
627,7,-6.72,-12.72,-6.74,0.15,626,slab
628,7,-6.56,-12.96,-6.74,0.15,627,slab
629,7,-6.26,-13.43,-6.74,0.15,628,slab
630,7,-6.09,-14.08,-6.65,0.15,629,end
631,7,-14.83,-10.52,-7.03,0.15,621,slab
632,7,-15.88,-13.56,-6.6,0.15,631,slab
633,7,-16.0,-14.16,-6.6,0.15,632,branch
634,7,-17.82,-13.06,-7.03,0.075,633,slab
635,7,-18.34,-12.14,-6.49,0.075,634,slab
636,7,-18.98,-11.29,-6.49,0.075,635,slab
637,7,-19.64,-10.03,-6.53,0.075,636,slab
638,7,-19.77,-9.69,-6.53,0.075,637,slab
639,7,-19.86,-9.67,-6.6,0.075,638,slab
640,7,-21.2,-9.7,-6.6,0.075,639,slab
641,7,-21.65,-9.9,-6.6,0.075,640,slab
642,7,-21.99,-10.04,-6.6,0.075,641,slab
643,7,-23.01,-10.54,-6.99,0.075,642,slab
644,7,-23.71,-11.93,-6.6,0.075,643,slab
645,7,-25.73,-14.27,-6.53,0.075,644,slab
646,7,-27.71,-16.41,-7.35,0.075,645,slab
647,7,-28.77,-17.1,-6.9,0.075,646,slab
648,7,-29.06,-17.45,-6.9,0.075,647,slab
649,7,-28.57,-18.07,-6.85,0.075,648,slab
650,7,-28.16,-18.56,-6.85,0.075,649,slab
651,7,-27.56,-19.09,-6.85,0.075,650,slab
652,7,-28.07,-20.11,-6.44,0.075,651,slab
653,7,-28.29,-20.67,-6.44,0.075,652,slab
654,7,-28.42,-21.27,-6.9,0.075,653,slab
655,7,-28.52,-21.76,-6.9,0.075,654,slab
656,7,-27.53,-22.88,-6.9,0.075,655,end
657,7,-16.44,-17.23,-5.85,0.075,633,slab
658,7,-16.17,-17.39,-5.29,0.075,657,slab
659,7,-16.68,-18.41,-5.29,0.075,658,slab
660,7,-17.42,-18.97,-6.03,0.075,659,slab
661,7,-17.44,-19.07,-6.03,0.075,660,slab
662,7,-17.76,-19.61,-6.1,0.075,661,branch
663,7,-17.64,-23.42,-6.4,0.035,662,slab
664,7,-17.71,-23.81,-6.24,0.035,663,slab
665,7,-17.52,-24.36,-6.24,0.035,664,slab
666,7,-17.89,-25.61,-6.24,0.035,665,slab
667,7,-18.23,-26.77,-6.24,0.035,666,end
668,7,-18.7,-19.72,-5.29,0.075,662,slab
669,7,-19.7,-20.64,-5.75,0.075,668,slab
670,7,-19.93,-21.2,-5.75,0.075,669,slab
671,7,-21.22,-22.05,-6.03,0.075,670,slab
672,7,-21.43,-23.03,-5.54,0.075,671,slab
673,7,-21.57,-23.71,-5.54,0.075,672,slab
674,7,-22.2,-24.3,-5.54,0.075,673,slab
675,7,-22.37,-24.57,-5.54,0.075,674,slab
676,7,-22.76,-25.0,-5.54,0.075,675,slab
677,7,-22.69,-25.63,-5.94,0.075,676,slab
678,7,-22.86,-26.41,-5.94,0.075,677,slab
679,7,-23.18,-26.96,-5.75,0.075,678,slab
680,7,-24.65,-28.69,-6.03,0.075,679,slab
681,7,-24.92,-28.94,-6.44,0.075,680,slab
682,7,-25.6,-28.8,-6.74,0.075,681,slab
683,7,-25.76,-28.56,-6.74,0.075,682,slab
684,7,-26.26,-28.05,-6.78,0.075,683,slab
685,7,-27.37,-27.51,-6.78,0.075,684,slab
686,7,-27.76,-27.43,-6.78,0.075,685,end
687,7,-7.12,-9.26,-4.63,0.11,618,branch
688,7,-8.37,-10.84,-3.44,0.11,687,slab
689,7,-8.46,-11.74,-3.44,0.11,688,slab
690,7,-8.28,-13.32,-3.44,0.11,689,slab
691,7,-8.39,-14.83,-3.44,0.11,690,slab
692,7,-8.64,-15.07,-3.44,0.11,691,slab
693,7,-9.32,-16.36,-3.38,0.11,692,slab
694,7,-9.38,-16.67,-3.38,0.11,693,slab
695,7,-9.32,-17.8,-3.38,0.11,694,slab
696,7,-9.22,-18.84,-3.44,0.11,695,slab
697,7,-9.14,-19.88,-3.6,0.11,696,slab
698,7,-8.91,-21.77,-3.6,0.11,697,slab
699,7,-8.82,-22.3,-3.6,0.11,698,slab
700,7,-8.25,-24.46,-3.75,0.075,699,slab
701,7,-8.1,-25.21,-4.1,0.075,700,slab
702,7,-8.14,-25.4,-4.1,0.075,701,slab
703,7,-8.14,-25.91,-4.1,0.075,702,slab
704,7,-9.36,-28.32,-4.13,0.075,703,slab
705,7,-9.76,-28.74,-4.13,0.075,704,slab
706,7,-10.28,-29.34,-4.35,0.075,705,slab
707,7,-10.84,-29.54,-4.6,0.075,706,slab
708,7,-11.32,-29.84,-4.6,0.075,707,slab
709,7,-11.55,-30.0,-4.85,0.075,708,slab
710,7,-12.11,-30.7,-5.25,0.075,709,slab
711,7,-12.16,-30.99,-5.25,0.075,710,slab
712,7,-12.98,-32.97,-5.75,0.075,711,slab
713,7,-13.34,-33.2,-5.75,0.075,712,slab
714,7,-13.56,-33.76,-5.99,0.075,713,slab
715,7,-14.21,-33.93,-5.99,0.075,714,slab
716,7,-15.42,-34.81,-5.99,0.075,715,slab
717,7,-15.73,-34.84,-6.19,0.075,716,slab
718,7,-15.87,-35.03,-7.44,0.075,717,slab
719,7,-16.25,-36.37,-7.44,0.075,718,slab
720,7,-16.21,-36.69,-7.78,0.075,719,slab
721,7,-16.47,-36.93,-7.78,0.075,720,slab
722,7,-17.95,-37.14,-7.78,0.075,721,slab
723,7,-19.96,-36.51,-7.99,0.075,722,slab
724,7,-21.23,-36.25,-8.1,0.075,723,slab
725,7,-21.69,-36.47,-8.1,0.075,724,slab
726,7,-22.61,-36.99,-8.27,0.075,725,slab
727,7,-23.41,-36.92,-8.27,0.075,726,slab
728,7,-24.61,-36.78,-8.52,0.075,727,slab
729,7,-25.35,-36.42,-8.52,0.075,728,slab
730,7,-25.56,-35.96,-8.52,0.075,729,slab
731,7,-25.7,-35.62,-8.77,0.075,730,slab
732,7,-26.09,-35.55,-8.77,0.075,731,slab
733,7,-26.68,-35.42,-8.77,0.075,732,slab
734,7,-27.65,-35.22,-8.89,0.075,733,slab
735,7,-28.59,-34.81,-8.89,0.075,734,slab
736,7,-29.71,-34.79,-8.89,0.075,735,slab
737,7,-29.85,-34.96,-8.98,0.075,736,end
738,7,-6.57,-11.53,-3.44,0.11,687,slab
739,7,-6.61,-12.24,-3.44,0.11,738,slab
740,7,-6.34,-12.39,-3.69,0.11,739,slab
741,7,-5.01,-12.87,-3.69,0.11,740,slab
742,7,-4.57,-13.17,-3.85,0.11,741,slab
743,7,-3.86,-14.24,-3.35,0.11,742,slab
744,7,-2.53,-16.66,-3.29,0.11,743,slab
745,7,-2.38,-17.41,-2.88,0.11,744,slab
746,7,-2.25,-17.74,-2.88,0.11,745,slab
747,7,-1.99,-18.92,-2.79,0.11,746,slab
748,7,-1.77,-19.37,-2.79,0.11,747,slab
749,7,-0.67,-21.45,-2.44,0.11,748,slab
750,7,-0.58,-21.98,-2.44,0.11,749,slab
751,7,-0.21,-23.58,-2.35,0.11,750,slab
752,7,-0.14,-23.8,-2.35,0.11,751,slab
753,7,0.17,-24.17,-2.35,0.11,752,slab
754,7,0.99,-25.16,-2.19,0.11,753,slab
755,7,1.04,-26.4,-2.44,0.11,754,slab
756,7,1.29,-27.06,-2.1,0.11,755,slab
757,7,0.87,-28.21,-2.1,0.11,756,slab
758,7,0.37,-28.61,-1.94,0.11,757,slab
759,7,0.29,-29.0,-1.94,0.11,758,slab
760,7,0.37,-31.06,-1.94,0.11,759,slab
761,7,0.14,-31.22,-1.8,0.11,760,slab
762,7,-0.77,-31.64,-1.8,0.11,761,slab
763,7,-1.09,-31.77,-1.37,0.11,762,slab
764,7,-4.81,-33.86,-0.6,0.11,763,slab
765,7,-5.17,-33.68,-1.05,0.11,764,slab
766,7,-6.16,-31.53,-1.43,0.075,765,slab
767,7,-6.94,-29.43,-1.43,0.075,766,slab
768,7,-7.36,-28.53,-1.43,0.075,767,slab
769,7,-8.61,-27.15,-0.99,0.075,768,slab
770,7,-9.62,-26.11,-0.43,0.075,769,slab
771,7,-10.58,-24.89,0.06,0.075,770,slab
772,7,-11.25,-24.14,0.06,0.075,771,slab
773,7,-11.45,-23.68,0.54,0.075,772,end
774,7,-2.57,-2.79,-6.26,0.185,1,slab
775,7,-6.11,-4.09,-6.3,0.185,774,slab
776,7,-6.86,-4.24,-6.3,0.185,775,slab
777,7,-7.87,-4.24,-7.51,0.185,776,slab
778,7,-8.73,-3.95,-7.51,0.185,777,slab
779,7,-9.32,-3.32,-7.8,0.185,778,slab
780,7,-10.19,-2.12,-7.84,0.185,779,slab
781,7,-10.78,-1.49,-7.84,0.185,780,slab
782,7,-11.85,-1.26,-7.84,0.185,781,slab
783,7,-13.3,-1.36,-8.01,0.185,782,slab
784,7,-13.71,-1.38,-8.01,0.185,783,slab
785,7,-13.65,-0.58,-8.31,0.185,784,slab
786,7,-12.98,0.6,-8.31,0.185,785,slab
787,7,-12.41,0.97,-9.35,0.15,786,slab
788,7,-12.53,2.33,-9.81,0.15,787,slab
789,7,-12.66,2.66,-9.81,0.15,788,slab
790,7,-13.3,3.51,-9.81,0.15,789,slab
791,7,-14.01,4.07,-10.17,0.15,790,slab
792,7,-14.51,4.58,-10.17,0.15,791,slab
793,7,-14.86,5.37,-10.31,0.15,792,slab
794,7,-15.11,5.62,-10.31,0.15,793,slab
795,7,-16.1,5.32,-10.56,0.15,794,slab
796,7,-16.77,5.05,-10.56,0.15,795,slab
797,7,-17.21,5.34,-10.85,0.15,796,slab
798,7,-17.29,5.46,-10.85,0.15,797,slab
799,7,-17.32,6.29,-11.35,0.15,798,slab
800,7,-17.61,6.35,-11.67,0.15,799,slab
801,7,-17.7,6.47,-11.67,0.15,800,slab
802,7,-17.63,6.76,-11.76,0.15,801,slab
803,7,-17.73,6.79,-11.76,0.15,802,branch
804,7,-17.97,8.57,-12.92,0.075,803,slab
805,7,-18.38,9.57,-12.76,0.075,804,slab
806,7,-18.36,10.59,-12.76,0.075,805,slab
807,7,-18.34,10.69,-12.97,0.075,806,branch
808,7,-16.96,11.42,-13.96,0.075,807,slab
809,7,-16.28,11.78,-13.96,0.075,808,slab
810,7,-15.94,12.43,-14.02,0.075,809,slab
811,7,-15.75,13.31,-14.02,0.075,810,slab
812,7,-15.69,13.6,-14.02,0.075,811,slab
813,7,-14.27,13.1,-14.67,0.075,812,slab
814,7,-14.13,13.28,-14.67,0.075,813,slab
815,7,-13.81,13.83,-15.02,0.075,814,slab
816,7,-13.26,14.52,-15.71,0.075,815,slab
817,7,-12.85,15.46,-15.71,0.075,816,slab
818,7,-12.74,15.95,-16.2,0.075,817,slab
819,7,-13.3,16.78,-16.2,0.075,818,slab
820,7,-13.48,17.33,-16.61,0.075,819,slab
821,7,-13.67,18.39,-16.61,0.075,820,slab
822,7,-13.65,19.0,-16.86,0.075,821,slab
823,7,-13.13,19.51,-16.86,0.075,822,slab
824,7,-13.01,19.59,-16.86,0.075,823,slab
825,7,-12.67,20.22,-16.86,0.075,824,slab
826,7,-12.4,21.09,-17.02,0.075,825,slab
827,7,-12.47,21.21,-17.02,0.075,826,slab
828,7,-12.7,21.56,-17.02,0.075,827,slab
829,7,-12.92,22.01,-17.02,0.075,828,slab
830,7,-13.12,22.47,-17.52,0.075,829,slab
831,7,-13.51,23.06,-17.52,0.075,830,slab
832,7,-13.65,23.39,-18.2,0.075,831,slab
833,7,-13.78,23.73,-18.2,0.075,832,slab
834,7,-13.83,23.95,-18.79,0.075,833,slab
835,7,-13.73,24.44,-18.79,0.075,834,slab
836,7,-13.47,24.68,-19.42,0.075,835,slab
837,7,-13.37,25.17,-19.42,0.075,836,slab
838,7,-13.51,25.51,-19.86,0.075,837,slab
839,7,-13.48,26.12,-19.86,0.075,838,slab
840,7,-13.33,26.39,-20.61,0.075,839,slab
841,7,-13.05,26.74,-20.61,0.075,840,slab
842,7,-13.05,26.74,-20.7,0.075,841,end
843,7,-18.58,11.55,-12.97,0.075,807,slab
844,7,-19.19,12.49,-12.97,0.075,843,slab
845,7,-19.54,13.29,-13.72,0.075,844,slab
846,7,-20.06,14.21,-13.72,0.075,845,slab
847,7,-20.6,15.04,-13.72,0.075,846,slab
848,7,-21.03,15.44,-13.92,0.075,847,slab
849,7,-21.26,15.8,-13.92,0.075,848,slab
850,7,-21.36,16.32,-14.1,0.075,849,slab
851,7,-21.33,16.92,-14.1,0.075,850,slab
852,7,-21.68,17.72,-14.1,0.075,851,slab
853,7,-21.78,17.74,-14.1,0.075,852,slab
854,7,-21.99,18.19,-14.1,0.075,853,slab
855,7,-22.19,18.23,-14.21,0.075,854,slab
856,7,-22.38,18.27,-14.21,0.075,855,slab
857,7,-22.31,19.07,-14.21,0.075,856,end
858,7,-18.92,3.56,-11.51,0.075,803,slab
859,7,-19.92,2.65,-11.51,0.075,858,slab
860,7,-20.23,1.68,-11.01,0.075,859,slab
861,7,-20.63,0.77,-11.35,0.075,860,slab
862,7,-20.72,0.28,-11.35,0.075,861,slab
863,7,-20.69,-1.04,-10.51,0.075,862,slab
864,7,-20.68,-1.96,-10.42,0.075,863,slab
865,7,-20.5,-4.05,-10.47,0.075,864,end
866,7,-2.34,-3.97,-5.0,0.11,1,slab
867,7,-3.03,-5.77,-5.69,0.11,866,slab
868,7,-2.87,-7.95,-6.25,0.11,867,slab
869,7,-2.81,-8.17,-6.25,0.11,868,slab
870,7,-2.48,-9.06,-6.25,0.11,869,slab
871,7,-2.01,-11.71,-6.46,0.11,870,slab
872,7,-1.49,-12.13,-6.46,0.11,871,slab
873,7,-1.16,-12.5,-6.75,0.11,872,slab
874,7,0.1,-12.76,-6.75,0.11,873,slab
875,7,0.16,-12.98,-6.75,0.11,874,slab
876,7,0.23,-14.02,-7.05,0.11,875,slab
877,7,0.14,-14.51,-7.05,0.11,876,slab
878,7,0.16,-15.43,-7.46,0.11,877,slab
879,7,0.17,-15.84,-7.46,0.11,878,slab
880,7,0.51,-16.12,-7.84,0.11,879,slab
881,7,1.07,-16.33,-7.84,0.11,880,slab
882,7,1.15,-16.45,-8.17,0.11,881,slab
883,7,1.45,-18.97,-8.56,0.11,882,slab
884,7,1.58,-19.31,-8.56,0.11,883,slab
885,7,1.71,-21.06,-9.31,0.11,884,slab
886,7,1.14,-21.87,-9.92,0.11,885,slab
887,7,1.04,-22.35,-10.51,0.11,886,slab
888,7,0.67,-22.69,-10.67,0.11,887,branch
889,7,-0.73,-22.71,-8.72,0.11,888,slab
890,7,-0.77,-23.31,-8.22,0.11,889,slab
891,7,-0.7,-23.53,-8.22,0.11,890,slab
892,7,-1.18,-24.85,-7.84,0.11,891,slab
893,7,-1.39,-25.33,-8.72,0.11,892,slab
894,7,-2.13,-26.91,-9.01,0.11,893,slab
895,7,-2.06,-27.54,-9.01,0.11,894,slab
896,7,-1.69,-27.72,-9.72,0.11,895,slab
897,7,-1.45,-28.07,-10.26,0.11,896,slab
898,7,-1.1,-28.35,-10.26,0.11,897,slab
899,7,-1.93,-29.4,-11.85,0.075,898,slab
900,7,-2.45,-29.9,-11.22,0.075,899,slab
901,7,-2.56,-28.45,-12.85,0.075,900,slab
902,7,-3.02,-28.25,-12.85,0.075,901,slab
903,7,-3.32,-28.19,-14.1,0.075,902,slab
904,7,-3.77,-28.4,-14.1,0.075,903,slab
905,7,-3.66,-29.35,-14.1,0.075,904,slab
906,7,-3.74,-30.25,-14.27,0.075,905,slab
907,7,-4.22,-30.56,-14.27,0.075,906,slab
908,7,-4.59,-30.89,-14.27,0.075,907,slab
909,7,-4.68,-31.28,-14.35,0.075,908,slab
910,7,-4.55,-32.12,-14.35,0.075,909,slab
911,7,-4.51,-32.44,-14.35,0.075,910,slab
912,7,-4.5,-32.85,-14.67,0.075,911,slab
913,7,-4.45,-33.16,-14.67,0.075,912,slab
914,7,-4.84,-34.0,-14.78,0.075,913,slab
915,7,-5.33,-34.41,-14.78,0.075,914,slab
916,7,-5.55,-34.97,-14.78,0.075,915,slab
917,7,-5.53,-35.39,-14.78,0.075,916,slab
918,7,-5.48,-36.62,-15.53,0.075,917,slab
919,7,-5.53,-36.82,-15.53,0.075,918,slab
920,7,-5.74,-37.39,-15.02,0.075,919,slab
921,7,-6.06,-37.42,-14.53,0.075,920,slab
922,7,-6.99,-37.94,-14.46,0.075,921,slab
923,7,-7.09,-37.93,-14.46,0.075,922,slab
924,7,-7.13,-38.64,-14.46,0.075,923,end
925,7,1.41,-23.97,-9.97,0.075,888,slab
926,7,2.26,-24.86,-11.06,0.075,925,slab
927,7,2.8,-25.18,-11.06,0.075,926,slab
928,7,4.05,-26.05,-11.26,0.075,927,slab
929,7,4.22,-26.19,-11.26,0.075,928,slab
930,7,4.41,-26.74,-11.26,0.075,929,slab
931,7,4.39,-26.84,-11.97,0.075,930,slab
932,7,5.06,-27.08,-11.97,0.075,931,slab
933,7,5.16,-27.1,-12.56,0.075,932,slab
934,7,5.39,-27.45,-12.56,0.075,933,slab
935,7,5.34,-27.64,-12.97,0.075,934,slab
936,7,4.68,-27.91,-12.97,0.075,935,slab
937,7,3.62,-28.62,-12.97,0.075,936,slab
938,7,3.53,-29.01,-13.42,0.075,937,slab
939,7,3.58,-29.73,-13.42,0.075,938,slab
940,7,3.78,-29.78,-13.42,0.075,939,slab
941,7,4.86,-30.0,-13.76,0.075,940,slab
942,7,5.18,-29.96,-13.76,0.075,941,slab
943,7,4.31,-30.19,-13.76,0.075,942,slab
944,7,1.92,-31.32,-14.27,0.075,943,slab
945,7,1.51,-31.35,-14.27,0.075,944,slab
946,7,0.0,-31.44,-14.78,0.075,945,slab
947,7,-0.16,-32.12,-15.1,0.075,946,slab
948,7,-0.1,-32.85,-15.1,0.075,947,slab
949,7,-0.23,-33.94,-15.1,0.075,948,slab
950,7,-0.64,-34.47,-15.42,0.075,949,slab
951,7,-0.57,-35.1,-15.42,0.075,950,slab
952,7,-0.32,-35.35,-15.46,0.075,951,slab
953,7,-0.44,-35.94,-15.46,0.075,952,slab
954,7,-0.65,-36.0,-15.78,0.075,953,slab
955,7,-0.77,-36.08,-15.78,0.075,954,slab
956,7,-1.42,-35.74,-15.78,0.075,955,slab
957,7,-1.34,-35.35,-15.78,0.075,956,slab
958,7,-1.05,-33.97,-15.78,0.075,957,slab
959,7,-0.97,-33.58,-15.78,0.075,958,slab
960,7,-0.75,-33.02,-15.78,0.075,959,slab
961,7,-0.06,-32.65,-15.78,0.075,960,slab
962,7,0.7,-32.31,-15.78,0.075,961,slab
963,7,1.0,-31.84,-15.78,0.075,962,slab
964,7,1.45,-31.13,-15.21,0.075,963,slab
965,7,1.77,-30.58,-15.1,0.075,964,slab
966,7,2.0,-30.01,-15.1,0.075,965,slab
967,7,2.29,-29.57,-14.28,0.075,966,slab
968,7,2.59,-29.11,-14.28,0.075,967,slab
969,7,2.82,-28.96,-13.76,0.075,968,slab
970,7,4.23,-29.05,-13.76,0.075,969,slab
971,7,4.32,-29.17,-13.56,0.075,970,end
972,7,-1.53,-3.06,-6.88,0.22,1,slab
973,7,-2.54,-4.47,-6.88,0.22,972,slab
974,7,-3.35,-7.37,-7.34,0.22,973,slab
975,7,-3.41,-9.09,-7.92,0.22,974,slab
976,7,-4.71,-10.46,-7.92,0.22,975,slab
977,7,-5.62,-11.39,-7.5,0.22,976,branch
978,7,-6.71,-12.7,-8.64,0.035,977,slab
979,7,-6.89,-12.56,-8.64,0.035,978,slab
980,7,-7.3,-12.07,-8.64,0.035,979,slab
981,7,-8.24,-12.68,-9.5,0.075,980,slab
982,7,-9.18,-13.71,-9.5,0.075,981,slab
983,7,-9.39,-13.77,-9.3,0.075,982,slab
984,7,-10.07,-15.06,-9.3,0.075,983,slab
985,7,-10.62,-15.76,-9.89,0.075,984,slab
986,7,-11.32,-17.15,-9.89,0.075,985,slab
987,7,-11.62,-17.6,-10.25,0.075,986,slab
988,7,-11.82,-18.07,-10.25,0.075,987,slab
989,7,-11.65,-19.23,-10.5,0.075,988,slab
990,7,-11.82,-20.01,-10.75,0.075,989,branch
991,7,-10.92,-23.06,-10.93,0.11,990,slab
992,7,-10.77,-23.8,-10.93,0.11,991,slab
993,7,-10.44,-24.18,-11.05,0.11,992,slab
994,7,-9.84,-24.71,-11.05,0.11,993,slab
995,7,-9.0,-25.09,-11.39,0.11,994,slab
996,7,-7.22,-25.37,-11.39,0.11,995,slab
997,7,-6.49,-25.31,-11.39,0.11,996,slab
998,7,-5.46,-26.75,-11.55,0.11,997,slab
999,7,-5.27,-27.3,-11.25,0.11,998,end
1000,7,-13.47,-23.54,-11.09,0.11,990,slab
1001,7,-14.21,-24.1,-11.09,0.11,1000,slab
1002,7,-15.02,-25.06,-11.05,0.11,1001,slab
1003,7,-15.9,-25.39,-11.05,0.11,1002,slab
1004,7,-16.88,-25.18,-10.55,0.11,1003,slab
1005,7,-17.27,-25.09,-10.55,0.11,1004,slab
1006,7,-18.05,-24.93,-10.55,0.11,1005,slab
1007,7,-18.43,-24.76,-10.55,0.11,1006,slab
1008,7,-18.6,-24.61,-11.25,0.11,1007,slab
1009,7,-18.93,-24.24,-11.25,0.11,1008,slab
1010,7,-19.33,-24.16,-11.3,0.11,1009,slab
1011,7,-19.89,-23.94,-11.3,0.11,1010,slab
1012,7,-20.31,-23.96,-11.8,0.11,1011,slab
1013,7,-20.89,-24.34,-11.8,0.11,1012,slab
1014,7,-21.13,-24.5,-11.8,0.11,1013,slab
1015,7,-21.23,-24.48,-12.18,0.11,1014,end
1016,7,-6.13,-13.33,-8.02,0.22,977,branch
1017,7,-6.26,-14.93,-8.59,0.22,1016,slab
1018,7,-6.3,-16.05,-8.59,0.22,1017,slab
1019,7,-6.47,-16.94,-8.59,0.22,1018,slab
1020,7,-7.37,-20.22,-9.18,0.15,1019,slab
1021,7,-8.22,-21.37,-8.34,0.15,1020,slab
1022,7,-8.24,-21.47,-8.25,0.15,1021,slab
1023,7,-8.65,-22.0,-8.25,0.15,1022,slab
1024,7,-8.78,-22.59,-8.39,0.15,1023,slab
1025,7,-8.98,-23.05,-8.39,0.15,1024,branch
1026,7,-10.31,-27.47,-9.39,0.075,1025,slab
1027,7,-10.49,-27.84,-9.39,0.075,1026,slab
1028,7,-10.65,-28.11,-9.39,0.075,1027,slab
1029,7,-10.81,-28.39,-9.43,0.075,1028,branch
1030,7,-8.84,-30.23,-10.68,0.075,1029,slab
1031,7,-8.83,-30.64,-10.68,0.075,1030,slab
1032,7,-8.83,-31.15,-10.84,0.075,1031,slab
1033,7,-8.98,-31.84,-10.84,0.075,1032,slab
1034,7,-8.51,-32.54,-10.84,0.075,1033,slab
1035,7,-7.55,-34.28,-11.55,0.075,1034,slab
1036,7,-7.24,-34.76,-11.55,0.075,1035,slab
1037,7,-6.65,-35.39,-12.05,0.075,1036,slab
1038,7,-6.58,-35.51,-12.05,0.075,1037,slab
1039,7,-7.25,-37.31,-12.8,0.075,1038,slab
1040,7,-7.29,-37.91,-12.93,0.075,1039,slab
1041,7,-7.31,-38.52,-12.93,0.075,1040,slab
1042,7,-6.78,-40.88,-13.64,0.11,1041,slab
1043,7,-6.31,-41.08,-13.64,0.11,1042,slab
1044,7,-5.55,-40.83,-14.18,0.11,1043,slab
1045,7,-4.85,-40.47,-14.18,0.11,1044,slab
1046,7,-3.95,-40.04,-14.18,0.11,1045,slab
1047,7,-3.11,-39.91,-14.78,0.11,1046,slab
1048,7,-2.55,-39.71,-14.78,0.11,1047,slab
1049,7,-0.87,-40.48,-15.03,0.11,1048,slab
1050,7,-0.62,-40.74,-15.03,0.11,1049,slab
1051,7,-0.39,-41.09,-15.03,0.11,1050,slab
1052,7,-0.24,-42.34,-15.03,0.11,1051,slab
1053,7,0.15,-43.25,-15.18,0.11,1052,slab
1054,7,0.94,-44.33,-15.18,0.11,1053,slab
1055,7,1.8,-45.12,-15.18,0.11,1054,slab
1056,7,2.87,-45.86,-15.28,0.11,1055,slab
1057,7,4.01,-46.8,-15.28,0.11,1056,end
1058,7,-12.85,-30.31,-10.39,0.11,1029,slab
1059,7,-13.18,-30.45,-10.39,0.11,1058,slab
1060,7,-13.54,-30.68,-10.39,0.11,1059,slab
1061,7,-13.67,-30.86,-10.5,0.11,1060,slab
1062,7,-13.86,-31.23,-10.5,0.11,1061,slab
1063,7,-14.36,-32.14,-10.84,0.11,1062,slab
1064,7,-14.73,-32.48,-10.84,0.11,1063,slab
1065,7,-15.47,-33.55,-10.84,0.11,1064,slab
1066,7,-15.73,-34.31,-10.84,0.11,1065,slab
1067,7,-16.82,-36.64,-10.89,0.11,1066,end
1068,7,-10.99,-24.37,-7.42,0.11,1025,slab
1069,7,-11.78,-24.72,-7.8,0.11,1068,slab
1070,7,-12.41,-25.3,-7.8,0.11,1069,slab
1071,7,-13.53,-25.77,-8.34,0.11,1070,slab
1072,7,-14.55,-25.26,-8.34,0.11,1071,slab
1073,7,-15.15,-24.72,-8.59,0.11,1072,end
1074,7,-6.22,-13.72,-8.13,0.22,1016,branch
1075,7,-8.13,-14.55,-6.34,0.035,1074,slab
1076,7,-9.35,-16.02,-6.34,0.035,1075,slab
1077,7,-9.51,-16.3,-6.34,0.035,1076,branch
1078,7,-9.7,-19.63,-6.34,0.075,1077,slab
1079,7,-9.62,-20.26,-6.34,0.075,1078,slab
1080,7,-9.48,-20.6,-6.34,0.075,1079,slab
1081,7,-9.02,-21.31,-6.09,0.075,1080,slab
1082,7,-8.43,-22.35,-6.09,0.075,1081,slab
1083,7,-7.84,-22.98,-5.75,0.075,1082,slab
1084,7,-6.5,-23.88,-5.75,0.075,1083,slab
1085,7,-5.81,-24.02,-5.75,0.075,1084,end
1086,7,-15.12,-23.6,-6.13,0.075,1077,slab
1087,7,-16.3,-23.87,-6.13,0.075,1086,slab
1088,7,-17.83,-27.74,-5.65,0.075,1087,slab
1089,7,-18.39,-28.03,-5.65,0.075,1088,slab
1090,7,-18.7,-28.48,-5.65,0.075,1089,slab
1091,7,-19.52,-29.03,-5.65,0.075,1090,slab
1092,7,-20.56,-30.03,-5.65,0.075,1091,slab
1093,7,-20.9,-30.26,-6.3,0.075,1092,slab
1094,7,-21.82,-31.2,-6.3,0.075,1093,slab
1095,7,-22.31,-31.6,-5.78,0.075,1094,slab
1096,7,-22.71,-32.03,-5.78,0.075,1095,slab
1097,7,-23.05,-32.67,-5.78,0.075,1096,slab
1098,7,-23.62,-33.48,-5.5,0.075,1097,slab
1099,7,-23.99,-33.81,-5.5,0.075,1098,slab
1100,7,-25.06,-34.5,-5.5,0.075,1099,slab
1101,7,-25.3,-34.66,-5.5,0.075,1100,slab
1102,7,-25.51,-35.23,-5.5,0.075,1101,slab
1103,7,-25.58,-35.52,-5.5,0.075,1102,slab
1104,7,-25.65,-35.81,-5.44,0.075,1103,end
1105,7,-6.29,-14.11,-8.25,0.22,1074,end
1106,7,-1.72,-3.93,-5.53,0.26,1,slab
1107,7,-2.29,-4.23,-5.53,0.26,1106,slab
1108,7,-3.54,-5.8,-5.53,0.26,1107,slab
1109,7,-3.6,-6.09,-5.5,0.26,1108,slab
1110,7,-3.71,-6.59,-5.5,0.26,1109,slab
1111,7,-3.76,-7.39,-4.84,0.26,1110,slab
1112,7,-3.91,-9.5,-4.03,0.26,1111,slab
1113,7,-4.05,-10.7,-4.0,0.26,1112,slab
1114,7,-3.99,-12.35,-4.0,0.26,1113,slab
1115,7,-3.74,-14.14,-4.03,0.26,1114,slab
1116,7,-3.23,-15.57,-4.09,0.185,1115,slab
1117,7,-2.86,-16.26,-4.09,0.185,1116,slab
1118,7,-2.83,-16.58,-4.09,0.185,1117,slab
1119,7,-2.7,-17.41,-4.09,0.185,1118,slab
1120,7,-2.62,-18.04,-4.09,0.185,1119,slab
1121,7,-2.46,-19.71,-3.94,0.185,1120,slab
1122,7,-2.23,-20.58,-3.94,0.185,1121,slab
1123,7,-2.04,-21.13,-3.83,0.185,1122,slab
1124,7,-1.79,-21.39,-3.83,0.185,1123,slab
1125,7,-1.15,-22.23,-3.65,0.185,1124,slab
1126,7,-0.8,-22.52,-3.65,0.185,1125,slab
1127,7,-0.66,-22.85,-4.15,0.185,1126,slab
1128,7,-1.05,-24.71,-3.9,0.11,1127,slab
1129,7,-1.59,-25.31,-3.9,0.11,1128,slab
1130,7,-1.63,-25.51,-3.65,0.11,1129,slab
1131,7,-2.48,-27.17,-3.65,0.11,1130,slab
1132,7,-2.6,-27.75,-3.4,0.11,1131,slab
1133,7,-2.71,-28.24,-3.4,0.11,1132,slab
1134,7,-3.09,-29.59,-3.4,0.11,1133,slab
1135,7,-3.4,-30.55,-3.4,0.11,1134,slab
1136,7,-3.88,-31.88,-3.19,0.11,1135,slab
1137,7,-3.86,-32.29,-3.19,0.11,1136,slab
1138,7,-3.63,-32.65,-3.4,0.11,1137,slab
1139,7,-3.37,-32.9,-3.58,0.11,1138,slab
1140,7,-3.95,-33.19,-3.58,0.11,1139,slab
1141,7,-4.68,-33.76,-3.58,0.11,1140,slab
1142,7,-5.53,-34.9,-3.65,0.11,1141,slab
1143,7,-5.75,-35.48,-3.65,0.11,1142,slab
1144,7,-5.95,-35.94,-3.65,0.11,1143,branch
1145,7,-4.95,-40.45,-4.0,0.035,1144,slab
1146,7,-4.85,-40.47,-3.58,0.035,1145,slab
1147,7,-4.29,-41.71,-3.58,0.035,1146,slab
1148,7,-4.06,-42.05,-3.58,0.035,1147,slab
1149,7,-3.86,-43.02,-4.25,0.035,1148,slab
1150,7,-3.85,-44.45,-4.59,0.035,1149,slab
1151,7,-3.91,-44.74,-4.59,0.035,1150,slab
1152,7,-3.97,-45.04,-4.84,0.035,1151,end
1153,7,-7.15,-38.25,-2.52,0.075,1144,slab
1154,7,-7.39,-38.4,-3.4,0.075,1153,slab
1155,7,-6.85,-39.74,-3.58,0.075,1154,slab
1156,7,-6.99,-40.42,-3.69,0.075,1155,slab
1157,7,-7.17,-40.8,-3.69,0.075,1156,slab
1158,7,-7.47,-41.24,-3.94,0.075,1157,slab
1159,7,-7.78,-41.8,-3.94,0.075,1158,slab
1160,7,-8.31,-42.29,-3.94,0.075,1159,slab
1161,7,-8.58,-42.65,-3.69,0.075,1160,slab
1162,7,-8.84,-42.9,-3.69,0.075,1161,slab
1163,7,-8.74,-43.43,-2.94,0.075,1162,slab
1164,7,-8.59,-44.18,-2.94,0.075,1163,slab
1165,7,-8.34,-44.43,-2.94,0.075,1164,slab
1166,7,-8.4,-44.72,-2.9,0.075,1165,slab
1167,7,-9.17,-44.97,-2.9,0.075,1166,slab
1168,7,-9.65,-45.28,-2.5,0.075,1167,slab
1169,7,-9.76,-45.36,-2.5,0.075,1168,slab
1170,7,-9.8,-45.56,-2.25,0.075,1169,slab
1171,7,-9.45,-46.35,-2.25,0.075,1170,slab
1172,7,-9.3,-47.1,-2.25,0.075,1171,slab
1173,7,-9.09,-47.54,-2.02,0.075,1172,slab
1174,7,-9.34,-49.23,-2.02,0.075,1173,slab
1175,7,-10.01,-51.44,-2.33,0.075,1174,slab
1176,7,-10.33,-52.5,-2.33,0.075,1175,slab
1177,7,-10.73,-52.93,-2.33,0.075,1176,slab
1178,7,-11.38,-53.1,-1.95,0.075,1177,slab
1179,7,-11.52,-53.27,-1.95,0.075,1178,slab
1180,7,-11.74,-53.84,-1.7,0.075,1179,slab
1181,7,-11.74,-54.35,-1.7,0.075,1180,slab
1182,7,-11.74,-54.86,-1.7,0.075,1181,slab
1183,7,-11.59,-55.1,-1.7,0.075,1182,slab
1184,7,-11.37,-55.55,-2.69,0.075,1183,slab
1185,7,-11.11,-56.21,-2.69,0.075,1184,end
1186,7,0.78,-4.08,-4.12,0.15,1,slab
1187,7,3.82,-6.15,-4.12,0.15,1186,slab
1188,7,5.64,-9.6,-4.12,0.15,1187,slab
1189,7,6.62,-10.83,-4.18,0.15,1188,slab
1190,7,6.67,-11.04,-4.18,0.15,1189,slab
1191,7,6.83,-11.27,-4.18,0.15,1190,branch
1192,7,7.49,-11.51,-5.08,0.075,1191,slab
1193,7,8.22,-11.46,-6.08,0.075,1192,slab
1194,7,8.42,-11.0,-6.08,0.075,1193,slab
1195,7,8.32,-10.97,-6.73,0.075,1194,slab
1196,7,7.4,-11.49,-6.73,0.075,1195,slab
1197,7,5.17,-12.88,-7.07,0.075,1196,slab
1198,7,4.93,-13.03,-7.07,0.075,1197,slab
1199,7,3.91,-12.5,-8.18,0.075,1198,slab
1200,7,3.72,-12.47,-8.52,0.075,1199,slab
1201,7,0.54,-13.03,-6.73,0.035,1200,slab
1202,7,0.05,-13.44,-6.73,0.035,1201,slab
1203,7,-0.1,-13.71,-6.73,0.035,1202,slab
1204,7,-0.92,-15.17,-6.77,0.035,1203,end
1205,7,6.82,-11.78,-4.21,0.15,1191,branch
1206,7,7.56,-15.1,-4.37,0.15,1205,slab
1207,7,7.78,-15.56,-4.37,0.15,1206,slab
1208,7,7.96,-16.11,-4.33,0.15,1207,branch
1209,7,9.51,-20.93,-4.33,0.15,1208,slab
1210,7,9.49,-21.03,-4.33,0.15,1209,slab
1211,7,9.76,-21.18,-4.37,0.15,1210,branch
1212,7,12.52,-21.25,-4.46,0.11,1211,slab
1213,7,15.0,-22.07,-4.46,0.11,1212,slab
1214,7,16.35,-21.95,-4.77,0.11,1213,slab
1215,7,17.55,-22.1,-4.96,0.11,1214,slab
1216,7,17.94,-22.18,-5.18,0.11,1215,slab
1217,7,18.82,-22.36,-5.18,0.11,1216,slab
1218,7,19.11,-22.43,-5.37,0.11,1217,slab
1219,7,19.72,-22.45,-5.37,0.11,1218,slab
1220,7,20.0,-22.6,-5.21,0.11,1219,slab
1221,7,20.29,-22.67,-4.87,0.075,1220,slab
1222,7,20.9,-22.18,-4.58,0.075,1221,slab
1223,7,21.12,-22.13,-4.58,0.075,1222,slab
1224,7,21.04,-22.52,-4.27,0.075,1223,slab
1225,7,21.1,-23.15,-4.27,0.075,1224,slab
1226,7,21.08,-23.76,-4.21,0.075,1225,slab
1227,7,21.12,-24.07,-4.21,0.075,1226,slab
1228,7,21.15,-24.39,-3.77,0.075,1227,slab
1229,7,21.37,-24.83,-3.77,0.075,1228,slab
1230,7,21.42,-25.56,-3.77,0.075,1229,slab
1231,7,21.28,-26.25,-3.46,0.075,1230,slab
1232,7,21.15,-26.84,-3.43,0.075,1231,slab
1233,7,21.12,-27.03,-3.43,0.075,1232,slab
1234,7,21.32,-27.49,-3.43,0.075,1233,slab
1235,7,21.75,-27.88,-3.43,0.075,1234,slab
1236,7,22.64,-28.99,-3.18,0.075,1235,slab
1237,7,22.98,-29.36,-3.18,0.075,1236,slab
1238,7,23.89,-30.37,-3.18,0.075,1237,slab
1239,7,23.97,-30.49,-3.83,0.075,1238,slab
1240,7,24.25,-31.57,-3.83,0.075,1239,slab
1241,7,24.35,-32.09,-3.58,0.075,1240,slab
1242,7,24.18,-32.88,-3.58,0.075,1241,slab
1243,7,23.78,-33.31,-3.43,0.075,1242,slab
1244,7,23.13,-33.99,-3.43,0.075,1243,slab
1245,7,22.76,-34.32,-3.43,0.075,1244,slab
1246,7,22.62,-34.5,-3.43,0.075,1245,slab
1247,7,22.89,-35.16,-3.43,0.075,1246,slab
1248,7,23.31,-36.07,-3.93,0.075,1247,slab
1249,7,23.41,-36.6,-3.93,0.075,1248,slab
1250,7,23.56,-37.35,-4.02,0.075,1249,slab
1251,7,23.59,-37.67,-4.02,0.075,1250,slab
1252,7,23.73,-37.99,-4.02,0.075,1251,slab
1253,7,24.57,-37.86,-4.08,0.075,1252,slab
1254,7,24.87,-37.93,-4.08,0.075,1253,slab
1255,7,24.72,-38.61,-4.18,0.075,1254,slab
1256,7,24.51,-38.67,-4.18,0.075,1255,slab
1257,7,24.41,-38.64,-4.58,0.075,1256,end
1258,7,10.6,-25.55,-4.12,0.075,1211,slab
1259,7,10.41,-26.42,-4.52,0.075,1258,slab
1260,7,10.35,-26.73,-4.52,0.075,1259,slab
1261,7,10.02,-28.29,-4.52,0.075,1260,slab
1262,7,9.94,-28.68,-4.52,0.075,1261,slab
1263,7,9.45,-30.01,-4.52,0.075,1262,slab
1264,7,9.35,-30.5,-4.71,0.075,1263,slab
1265,7,8.54,-31.45,-4.33,0.075,1264,slab
1266,7,6.96,-32.14,-4.68,0.075,1265,branch
1267,7,4.93,-34.58,-4.68,0.075,1266,slab
1268,7,4.88,-34.77,-4.68,0.075,1267,slab
1269,7,3.9,-35.08,-4.68,0.075,1268,slab
1270,7,3.16,-35.24,-4.96,0.075,1269,slab
1271,7,2.92,-35.39,-4.96,0.075,1270,slab
1272,7,2.37,-35.58,-4.62,0.075,1271,slab
1273,7,2.34,-35.68,-4.62,0.075,1272,slab
1274,7,2.4,-36.41,-5.21,0.075,1273,slab
1275,7,2.54,-36.73,-5.21,0.075,1274,slab
1276,7,2.69,-36.97,-5.21,0.075,1275,slab
1277,7,2.56,-38.07,-4.87,0.075,1276,slab
1278,7,2.6,-38.38,-4.87,0.075,1277,slab
1279,7,2.89,-38.96,-4.87,0.075,1278,slab
1280,7,3.02,-39.29,-4.37,0.075,1279,slab
1281,7,3.22,-40.25,-4.37,0.075,1280,slab
1282,7,3.27,-40.56,-4.33,0.075,1281,slab
1283,7,3.42,-41.82,-4.33,0.075,1282,slab
1284,7,3.45,-42.14,-4.33,0.075,1283,slab
1285,7,3.52,-42.76,-4.68,0.075,1284,slab
1286,7,3.83,-43.24,-4.68,0.075,1285,slab
1287,7,3.8,-43.85,-4.33,0.075,1286,slab
1288,7,3.66,-44.53,-4.33,0.075,1287,slab
1289,7,3.14,-46.06,-4.21,0.075,1288,slab
1290,7,3.04,-46.04,-4.21,0.075,1289,slab
1291,7,2.08,-46.24,-4.21,0.075,1290,slab
1292,7,0.9,-46.51,-4.58,0.075,1291,slab
1293,7,0.35,-46.7,-4.68,0.075,1292,slab
1294,7,-0.01,-47.03,-4.68,0.075,1293,slab
1295,7,-0.44,-47.56,-4.68,0.075,1294,slab
1296,7,-1.19,-48.84,-4.68,0.075,1295,slab
1297,7,-1.62,-49.46,-4.37,0.075,1296,slab
1298,7,-2.14,-49.96,-4.37,0.075,1297,slab
1299,7,-2.97,-50.5,-4.37,0.075,1298,slab
1300,7,-2.97,-50.5,-4.21,0.075,1299,slab
1301,7,-3.46,-50.92,-4.21,0.075,1300,end
1302,7,5.37,-34.36,-4.93,0.075,1266,slab
1303,7,6.49,-35.42,-5.12,0.075,1302,slab
1304,7,6.98,-36.03,-5.87,0.075,1303,slab
1305,7,7.3,-36.41,-5.87,0.075,1304,slab
1306,7,9.83,-37.03,-4.02,0.075,1305,slab
1307,7,10.3,-37.24,-4.02,0.075,1306,slab
1308,7,11.0,-37.79,-4.02,0.075,1307,slab
1309,7,12.08,-38.01,-4.58,0.075,1308,slab
1310,7,12.76,-38.15,-4.58,0.075,1309,slab
1311,7,13.49,-38.1,-3.83,0.075,1310,slab
1312,7,13.9,-38.09,-3.83,0.075,1311,slab
1313,7,14.78,-38.28,-3.83,0.075,1312,slab
1314,7,15.17,-38.35,-3.21,0.075,1313,slab
1315,7,15.9,-38.81,-3.21,0.075,1314,slab
1316,7,16.72,-38.78,-3.21,0.075,1315,slab
1317,7,17.48,-38.53,-3.21,0.075,1316,slab
1318,7,17.84,-38.29,-2.93,0.075,1317,slab
1319,7,18.63,-37.95,-2.93,0.075,1318,slab
1320,7,19.08,-37.74,-2.93,0.075,1319,slab
1321,7,19.38,-37.29,-2.43,0.075,1320,slab
1322,7,19.94,-36.6,-2.43,0.075,1321,slab
1323,7,20.57,-36.01,-2.21,0.075,1322,slab
1324,7,21.74,-36.25,-2.21,0.075,1323,slab
1325,7,21.93,-36.3,-2.21,0.075,1324,slab
1326,7,22.87,-36.7,-1.68,0.075,1325,slab
1327,7,23.24,-36.87,-1.68,0.075,1326,slab
1328,7,23.66,-36.85,-1.57,0.075,1327,end
1329,7,7.79,-18.42,-4.46,0.15,1208,slab
1330,7,7.36,-18.54,-4.46,0.15,1329,slab
1331,7,6.83,-18.63,-4.46,0.15,1330,slab
1332,7,5.92,-19.06,-4.93,0.15,1331,slab
1333,7,5.57,-19.29,-4.93,0.15,1332,slab
1334,7,5.25,-19.32,-5.27,0.15,1333,slab
1335,7,5.11,-19.5,-5.27,0.15,1334,slab
1336,7,5.05,-19.79,-6.12,0.15,1335,slab
1337,7,5.44,-20.38,-6.12,0.15,1336,slab
1338,7,6.46,-21.83,-6.23,0.15,1337,slab
1339,7,7.17,-22.38,-6.23,0.15,1338,slab
1340,7,7.81,-23.23,-6.77,0.15,1339,slab
1341,7,7.92,-23.66,-6.77,0.15,1340,slab
1342,7,8.03,-25.12,-7.11,0.15,1341,slab
1343,7,9.51,-25.84,-7.57,0.11,1342,slab
1344,7,10.1,-26.98,-7.57,0.11,1343,slab
1345,7,10.64,-27.29,-7.93,0.11,1344,slab
1346,7,10.56,-27.68,-7.93,0.11,1345,slab
1347,7,10.55,-28.19,-7.93,0.11,1346,slab
1348,7,10.53,-29.31,-7.98,0.11,1347,slab
1349,7,10.85,-29.69,-7.98,0.11,1348,slab
1350,7,11.53,-30.85,-7.93,0.11,1349,slab
1351,7,12.07,-31.68,-8.36,0.11,1350,slab
1352,7,12.19,-32.11,-8.36,0.11,1351,slab
1353,7,11.62,-33.32,-8.57,0.11,1352,slab
1354,7,11.05,-34.12,-8.57,0.11,1353,slab
1355,7,10.19,-34.35,-8.77,0.11,1354,slab
1356,7,9.79,-34.77,-9.11,0.11,1355,slab
1357,7,9.41,-35.11,-9.11,0.11,1356,slab
1358,7,8.78,-35.69,-9.11,0.11,1357,slab
1359,7,8.46,-35.73,-9.11,0.11,1358,slab
1360,7,7.78,-36.09,-9.11,0.11,1359,slab
1361,7,7.61,-36.36,-9.61,0.11,1360,slab
1362,7,6.98,-36.95,-9.61,0.11,1361,slab
1363,7,6.72,-37.21,-9.93,0.11,1362,slab
1364,7,6.43,-38.16,-9.93,0.11,1363,slab
1365,7,6.28,-38.84,-10.48,0.11,1364,slab
1366,7,5.96,-39.91,-10.48,0.11,1365,slab
1367,7,5.96,-40.42,-10.61,0.11,1366,slab
1368,7,5.94,-40.51,-10.61,0.11,1367,branch
1369,7,4.12,-43.81,-10.86,0.075,1368,slab
1370,7,3.65,-44.12,-10.86,0.075,1369,slab
1371,7,3.63,-44.22,-12.23,0.075,1370,slab
1372,7,3.58,-44.41,-12.23,0.075,1371,slab
1373,7,3.87,-44.07,-13.36,0.075,1372,slab
1374,7,3.2,-43.83,-13.43,0.075,1373,slab
1375,7,3.12,-43.71,-13.43,0.075,1374,slab
1376,7,3.16,-43.51,-13.77,0.075,1375,slab
1377,7,3.28,-42.92,-13.77,0.075,1376,slab
1378,7,2.96,-42.55,-14.18,0.075,1377,slab
1379,7,2.89,-42.33,-14.18,0.075,1378,slab
1380,7,2.62,-42.17,-14.18,0.075,1379,end
1381,7,8.55,-43.61,-10.82,0.075,1368,slab
1382,7,8.55,-44.12,-10.93,0.075,1381,slab
1383,7,10.01,-44.94,-11.11,0.075,1382,slab
1384,7,10.43,-45.44,-11.11,0.075,1383,slab
1385,7,11.18,-45.7,-11.11,0.075,1384,slab
1386,7,11.67,-45.8,-11.07,0.075,1385,slab
1387,7,11.79,-46.23,-11.07,0.075,1386,slab
1388,7,11.87,-47.78,-11.52,0.075,1387,slab
1389,7,11.99,-48.22,-11.52,0.075,1388,slab
1390,7,11.93,-49.02,-11.73,0.075,1389,slab
1391,7,11.33,-50.42,-12.07,0.075,1390,slab
1392,7,11.24,-50.82,-12.18,0.075,1391,slab
1393,7,11.21,-51.01,-12.18,0.075,1392,slab
1394,7,11.02,-51.89,-12.18,0.075,1393,branch
1395,7,11.72,-53.88,-11.61,0.075,1394,slab
1396,7,11.7,-54.49,-11.61,0.075,1395,slab
1397,7,11.77,-55.11,-12.18,0.075,1396,slab
1398,7,12.1,-55.99,-12.18,0.075,1397,slab
1399,7,12.74,-56.85,-12.18,0.075,1398,slab
1400,7,13.58,-57.73,-11.73,0.075,1399,slab
1401,7,13.73,-57.97,-11.73,0.075,1400,slab
1402,7,14.25,-58.9,-11.68,0.075,1401,slab
1403,7,14.37,-59.33,-11.68,0.075,1402,slab
1404,7,14.54,-59.47,-11.68,0.075,1403,end
1405,7,10.07,-53.94,-12.57,0.035,1394,slab
1406,7,10.03,-54.13,-12.52,0.035,1405,slab
1407,7,10.52,-54.75,-12.52,0.035,1406,slab
1408,7,10.46,-55.05,-12.98,0.035,1407,slab
1409,7,10.3,-55.32,-12.98,0.035,1408,slab
1410,7,9.72,-56.12,-12.98,0.035,1409,slab
1411,7,9.38,-56.25,-12.98,0.035,1410,end
1412,7,6.89,-12.0,-4.25,0.15,1205,branch
1413,7,7.27,-11.17,-6.93,0.075,1412,slab
1414,7,6.35,-10.16,-6.57,0.075,1413,slab
1415,7,6.49,-9.47,-6.57,0.075,1414,slab
1416,7,7.11,-8.47,-7.43,0.075,1415,slab
1417,7,7.62,-7.97,-7.43,0.075,1416,slab
1418,7,9.9,-8.34,-7.86,0.075,1417,slab
1419,7,10.39,-8.44,-8.57,0.075,1418,slab
1420,7,12.03,-8.89,-9.11,0.075,1419,slab
1421,7,12.75,-9.35,-9.11,0.075,1420,slab
1422,7,13.74,-10.48,-9.11,0.075,1421,slab
1423,7,14.19,-10.77,-9.18,0.075,1422,slab
1424,7,14.86,-11.01,-9.18,0.075,1423,slab
1425,7,15.45,-11.13,-9.18,0.075,1424,slab
1426,7,16.11,-11.38,-8.82,0.075,1425,slab
1427,7,17.35,-12.25,-8.82,0.075,1426,slab
1428,7,17.63,-12.4,-8.82,0.075,1427,slab
1429,7,18.03,-12.9,-8.77,0.075,1428,slab
1430,7,18.15,-13.34,-8.77,0.075,1429,slab
1431,7,18.03,-13.92,-8.86,0.075,1430,slab
1432,7,18.07,-15.16,-8.86,0.075,1431,slab
1433,7,18.02,-15.96,-8.86,0.075,1432,slab
1434,7,18.14,-16.81,-8.86,0.075,1433,slab
1435,7,18.33,-17.87,-8.86,0.075,1434,slab
1436,7,18.72,-18.46,-7.82,0.075,1435,slab
1437,7,19.2,-19.58,-7.82,0.075,1436,slab
1438,7,19.43,-20.44,-7.77,0.075,1437,slab
1439,7,19.63,-21.41,-8.11,0.075,1438,slab
1440,7,19.74,-22.35,-8.11,0.075,1439,slab
1441,7,19.88,-22.68,-8.11,0.075,1440,slab
1442,7,20.07,-22.72,-8.11,0.075,1441,slab
1443,7,20.69,-23.16,-8.48,0.075,1442,slab
1444,7,21.77,-23.39,-8.48,0.075,1443,slab
1445,7,22.17,-23.47,-8.52,0.075,1444,slab
1446,7,22.22,-23.17,-8.52,0.075,1445,slab
1447,7,21.8,-23.29,-8.86,0.075,1446,slab
1448,7,21.4,-23.71,-8.86,0.075,1447,slab
1449,7,21.12,-24.07,-8.86,0.075,1448,slab
1450,7,20.82,-25.02,-9.07,0.075,1449,slab
1451,7,20.56,-25.79,-9.07,0.075,1450,slab
1452,7,20.39,-26.57,-8.27,0.075,1451,slab
1453,7,19.95,-27.7,-8.27,0.075,1452,slab
1454,7,19.77,-28.59,-8.27,0.075,1453,slab
1455,7,19.18,-30.4,-8.18,0.075,1454,slab
1456,7,18.84,-31.05,-8.23,0.075,1455,slab
1457,7,17.89,-32.18,-8.23,0.075,1456,slab
1458,7,17.36,-32.78,-8.23,0.075,1457,slab
1459,7,17.0,-33.02,-8.11,0.075,1458,slab
1460,7,16.53,-33.32,-8.11,0.075,1459,slab
1461,7,16.08,-33.54,-7.86,0.075,1460,slab
1462,7,15.92,-33.81,-7.86,0.075,1461,slab
1463,7,15.41,-34.32,-7.86,0.075,1462,slab
1464,7,15.02,-35.15,-7.68,0.075,1463,slab
1465,7,14.12,-37.01,-7.52,0.075,1464,slab
1466,7,13.69,-37.63,-7.52,0.075,1465,slab
1467,7,12.42,-38.8,-7.32,0.075,1466,end
1468,7,6.94,-12.22,-4.27,0.15,1412,end
1469,7,0.77,-3.92,-4.17,0.11,1,slab
1470,7,1.92,-4.78,-4.17,0.11,1469,slab
1471,7,3.31,-5.48,-4.17,0.11,1470,slab
1472,7,4.06,-7.27,-4.17,0.11,1471,slab
1473,7,6.33,-9.59,-4.17,0.11,1472,slab
1474,7,7.63,-11.18,-4.17,0.11,1473,slab
1475,7,7.98,-11.47,-4.17,0.11,1474,slab
1476,7,8.86,-12.15,-4.61,0.11,1475,slab
1477,7,9.25,-12.24,-4.61,0.11,1476,slab
1478,7,12.58,-12.93,-4.82,0.11,1477,slab
1479,7,12.96,-13.12,-4.82,0.11,1478,end
1480,7,0.96,-4.04,-4.12,0.11,1,slab
1481,7,2.14,-5.72,-3.78,0.11,1480,slab
1482,7,4.15,-5.84,-3.78,0.11,1481,slab
1483,7,5.1,-6.24,-3.78,0.11,1482,slab
1484,7,5.34,-6.49,-3.78,0.11,1483,slab
1485,7,5.34,-6.49,-4.03,0.11,1484,slab
1486,7,7.6,-6.45,-4.06,0.11,1485,slab
1487,7,8.17,-6.67,-4.06,0.11,1486,slab
1488,7,9.57,-7.78,-3.78,0.11,1487,slab
1489,7,9.73,-8.02,-3.56,0.11,1488,slab
1490,7,10.08,-8.3,-3.56,0.11,1489,slab
1491,7,10.59,-8.81,-3.06,0.11,1490,slab
1492,7,10.62,-9.13,-3.06,0.11,1491,slab
1493,7,10.8,-10.7,-2.68,0.11,1492,slab
1494,7,10.72,-11.09,-2.68,0.11,1493,slab
1495,7,10.88,-12.76,-2.97,0.11,1494,slab
1496,7,10.93,-13.07,-3.03,0.11,1495,slab
1497,7,10.94,-14.0,-3.03,0.11,1496,slab
1498,7,10.73,-14.97,-2.62,0.11,1497,slab
1499,7,10.63,-15.46,-2.62,0.11,1498,slab
1500,7,11.97,-15.84,-2.43,0.11,1499,slab
1501,7,12.8,-16.32,-2.43,0.11,1500,slab
1502,7,13.13,-16.7,-2.43,0.11,1501,slab
1503,7,13.19,-16.92,-1.8,0.11,1502,slab
1504,7,12.84,-18.07,-1.61,0.11,1503,slab
1505,7,12.81,-18.68,-1.61,0.11,1504,slab
1506,7,12.36,-20.32,-2.12,0.11,1505,slab
1507,7,12.06,-21.79,-2.12,0.11,1506,slab
1508,7,12.06,-22.3,-1.78,0.11,1507,slab
1509,7,11.75,-23.26,-1.78,0.11,1508,slab
1510,7,11.24,-23.76,-1.73,0.11,1509,slab
1511,7,10.49,-24.42,-1.67,0.11,1510,slab
1512,7,9.7,-24.76,-1.67,0.11,1511,slab
1513,7,8.72,-25.08,-1.28,0.11,1512,branch
1514,7,11.29,-29.9,-1.55,0.11,1513,slab
1515,7,11.39,-29.92,-0.92,0.11,1514,slab
1516,7,11.56,-30.57,-0.92,0.11,1515,slab
1517,7,11.61,-30.79,-0.55,0.11,1516,end
1518,7,6.63,-28.73,-0.78,0.11,1513,slab
1519,7,5.6,-30.24,-0.73,0.11,1518,slab
1520,7,5.29,-30.7,-0.73,0.11,1519,slab
1521,7,5.12,-31.07,-0.86,0.11,1520,end
1522,7,0.64,-4.23,-3.82,0.15,1,slab
1523,7,1.51,-5.94,-3.82,0.15,1522,slab
1524,7,1.64,-6.28,-3.82,0.15,1523,slab
1525,7,0.87,-7.04,-3.82,0.15,1524,slab
1526,7,0.81,-7.84,-3.82,0.15,1525,slab
1527,7,2.12,-10.88,-4.57,0.15,1526,slab
1528,7,2.32,-11.83,-4.57,0.15,1527,slab
1529,7,2.39,-12.46,-4.57,0.15,1528,slab
1530,7,2.68,-14.98,-4.63,0.15,1529,slab
1531,7,2.82,-15.83,-4.63,0.15,1530,slab
1532,7,3.1,-16.9,-4.73,0.15,1531,slab
1533,7,3.27,-17.55,-4.67,0.15,1532,slab
1534,7,3.42,-18.81,-4.67,0.15,1533,slab
1535,7,3.33,-19.2,-4.73,0.15,1534,branch
1536,7,1.44,-20.95,-5.32,0.11,1535,slab
1537,7,1.38,-21.25,-5.32,0.11,1536,slab
1538,7,1.39,-22.68,-5.32,0.11,1537,slab
1539,7,1.3,-23.07,-5.32,0.11,1538,branch
1540,7,2.28,-25.73,-5.48,0.035,1539,slab
1541,7,3.05,-27.42,-5.48,0.035,1540,slab
1542,7,3.18,-28.26,-5.51,0.035,1541,slab
1543,7,3.29,-28.69,-5.51,0.035,1542,end
1544,7,1.33,-26.85,-5.76,0.11,1539,slab
1545,7,0.46,-27.59,-5.76,0.11,1544,branch
1546,7,-0.78,-29.28,-6.32,0.11,1545,slab
1547,7,-1.38,-31.2,-7.03,0.11,1546,slab
1548,7,-1.51,-31.78,-7.03,0.11,1547,slab
1549,7,-1.36,-33.04,-7.41,0.11,1548,slab
1550,7,-1.33,-33.35,-7.41,0.11,1549,slab
1551,7,-0.66,-36.05,-8.06,0.075,1550,slab
1552,7,-0.71,-37.26,-8.06,0.075,1551,slab
1553,7,-0.71,-37.77,-8.52,0.075,1552,slab
1554,7,-0.32,-37.74,-8.52,0.075,1553,slab
1555,7,0.14,-37.44,-8.56,0.075,1554,slab
1556,7,0.45,-37.39,-8.56,0.075,1555,slab
1557,7,0.47,-37.81,-8.56,0.075,1556,slab
1558,7,0.34,-39.41,-8.61,0.075,1557,slab
1559,7,1.1,-39.67,-8.81,0.075,1558,slab
1560,7,2.43,-40.67,-8.81,0.075,1559,end
1561,7,-2.85,-27.42,-5.88,0.075,1545,slab
1562,7,-4.65,-27.75,-5.88,0.075,1561,slab
1563,7,-6.08,-27.76,-5.92,0.075,1562,slab
1564,7,-6.51,-27.88,-5.92,0.075,1563,slab
1565,7,-7.72,-28.23,-5.57,0.075,1564,slab
1566,7,-8.38,-28.5,-5.57,0.075,1565,slab
1567,7,-8.9,-29.01,-5.26,0.075,1566,slab
1568,7,-9.68,-29.87,-5.26,0.075,1567,slab
1569,7,-10.03,-30.51,-5.13,0.075,1568,slab
1570,7,-10.49,-31.74,-5.07,0.075,1569,slab
1571,7,-10.83,-32.39,-5.07,0.075,1570,slab
1572,7,-11.5,-33.17,-5.07,0.075,1571,slab
1573,7,-11.84,-33.3,-5.07,0.075,1572,slab
1574,7,-12.08,-33.45,-5.07,0.075,1573,slab
1575,7,-12.08,-33.96,-5.07,0.075,1574,slab
1576,7,-12.19,-34.97,-5.07,0.075,1575,slab
1577,7,-12.87,-36.76,-5.48,0.075,1576,slab
1578,7,-12.93,-37.06,-5.48,0.075,1577,slab
1579,7,-13.1,-37.84,-4.92,0.075,1578,slab
1580,7,-13.26,-38.62,-4.92,0.075,1579,slab
1581,7,-13.46,-39.6,-4.92,0.075,1580,slab
1582,7,-13.62,-40.39,-4.92,0.075,1581,slab
1583,7,-13.95,-41.44,-4.92,0.075,1582,slab
1584,7,-14.48,-42.05,-5.48,0.075,1583,slab
1585,7,-14.86,-42.37,-5.48,0.075,1584,slab
1586,7,-15.43,-42.66,-5.48,0.075,1585,slab
1587,7,-16.06,-42.74,-5.48,0.075,1586,slab
1588,7,-16.39,-42.87,-5.48,0.075,1587,slab
1589,7,-16.46,-43.16,-4.82,0.075,1588,slab
1590,7,-17.21,-44.85,-4.82,0.075,1589,slab
1591,7,-17.52,-45.29,-4.76,0.075,1590,slab
1592,7,-18.16,-45.47,-4.42,0.075,1591,slab
1593,7,-18.37,-45.52,-4.42,0.075,1592,end
1594,7,3.62,-22.23,-5.48,0.075,1535,slab
1595,7,3.9,-22.38,-5.48,0.075,1594,slab
1596,7,4.49,-22.51,-5.82,0.075,1595,slab
1597,7,4.77,-23.08,-5.82,0.075,1596,slab
1598,7,5.01,-23.43,-5.82,0.075,1597,slab
1599,7,5.08,-24.06,-5.63,0.075,1598,slab
1600,7,5.33,-24.31,-5.63,0.075,1599,slab
1601,7,5.72,-24.91,-5.76,0.075,1600,slab
1602,7,6.03,-25.38,-5.76,0.075,1601,slab
1603,7,6.36,-25.76,-5.98,0.075,1602,slab
1604,7,6.68,-26.65,-5.98,0.075,1603,slab
1605,7,6.95,-27.31,-5.63,0.075,1604,branch
1606,7,8.78,-28.82,-5.32,0.035,1605,slab
1607,7,9.33,-29.65,-5.51,0.035,1606,slab
1608,7,9.59,-30.83,-5.51,0.035,1607,slab
1609,7,9.53,-31.12,-5.63,0.035,1608,slab
1610,7,10.2,-31.36,-5.63,0.035,1609,slab
1611,7,11.81,-31.91,-5.26,0.035,1610,end
1612,7,7.49,-29.17,-6.13,0.075,1605,slab
1613,7,8.17,-29.82,-5.51,0.075,1612,slab
1614,7,8.25,-29.93,-5.51,0.075,1613,slab
1615,7,7.74,-31.36,-5.48,0.075,1614,slab
1616,7,7.29,-32.08,-5.48,0.075,1615,slab
1617,7,7.17,-32.67,-5.48,0.075,1616,slab
1618,7,8.17,-36.15,-5.57,0.075,1617,branch
1619,7,10.12,-38.09,-6.17,0.075,1618,slab
1620,7,10.99,-38.78,-6.32,0.075,1619,slab
1621,7,11.47,-39.9,-6.48,0.075,1620,slab
1622,7,11.56,-40.94,-6.41,0.075,1621,slab
1623,7,11.79,-41.3,-6.41,0.075,1622,slab
1624,7,11.96,-41.94,-6.82,0.075,1623,slab
1625,7,11.94,-42.56,-6.82,0.075,1624,slab
1626,7,12.07,-43.4,-6.82,0.075,1625,slab
1627,7,14.58,-45.05,-7.41,0.075,1626,slab
1628,7,15.08,-45.15,-7.41,0.075,1627,slab
1629,7,15.57,-45.26,-7.78,0.075,1628,slab
1630,7,16.15,-45.38,-7.78,0.075,1629,slab
1631,7,16.48,-45.75,-8.06,0.075,1630,slab
1632,7,17.08,-46.8,-8.06,0.075,1631,slab
1633,7,17.29,-47.25,-8.06,0.075,1632,slab
1634,7,17.72,-48.16,-8.06,0.075,1633,slab
1635,7,17.9,-48.7,-8.15,0.075,1634,slab
1636,7,18.41,-49.73,-8.15,0.075,1635,slab
1637,7,18.88,-50.44,-8.15,0.075,1636,slab
1638,7,19.07,-50.99,-8.15,0.075,1637,slab
1639,7,18.94,-51.58,-8.15,0.075,1638,slab
1640,7,18.43,-52.09,-8.15,0.075,1639,end
1641,7,7.59,-37.96,-5.42,0.075,1618,slab
1642,7,7.74,-38.71,-5.42,0.075,1641,slab
1643,7,7.96,-39.17,-5.76,0.075,1642,slab
1644,7,8.14,-39.72,-5.76,0.075,1643,slab
1645,7,8.28,-40.06,-6.17,0.075,1644,slab
1646,7,7.96,-40.6,-6.17,0.075,1645,slab
1647,7,7.52,-41.23,-6.28,0.075,1646,slab
1648,7,7.16,-41.96,-6.28,0.075,1647,slab
1649,7,6.34,-43.94,-5.73,0.075,1648,slab
1650,7,6.26,-44.33,-5.73,0.075,1649,end
1651,7,-3.83,-2.68,-3.89,0.22,1,slab
1652,7,-9.31,-2.97,-3.89,0.22,1651,slab
1653,7,-11.03,-3.42,-3.89,0.22,1652,slab
1654,7,-11.83,-3.35,-4.14,0.22,1653,slab
1655,7,-12.62,-3.19,-4.14,0.22,1654,branch
1656,7,-17.46,-0.95,-4.95,0.22,1655,slab
1657,7,-18.14,-0.3,-5.1,0.22,1656,slab
1658,7,-18.53,-0.22,-5.1,0.22,1657,slab
1659,7,-19.13,-0.09,-5.23,0.22,1658,slab
1660,7,-21.54,-0.41,-5.23,0.22,1659,branch
1661,7,-24.16,0.74,-4.95,0.11,1660,slab
1662,7,-25.35,0.38,-4.95,0.11,1661,slab
1663,7,-25.64,0.44,-5.1,0.11,1662,slab
1664,7,-27.69,0.95,-5.1,0.11,1663,slab
1665,7,-30.71,1.17,-4.29,0.075,1664,slab
1666,7,-32.91,1.42,-4.29,0.075,1665,slab
1667,7,-33.32,1.4,-4.29,0.075,1666,slab
1668,7,-34.61,0.57,-4.29,0.075,1667,slab
1669,7,-35.2,0.19,-4.85,0.075,1668,slab
1670,7,-35.87,-0.07,-4.85,0.075,1669,slab
1671,7,-36.48,-0.04,-5.35,0.075,1670,slab
1672,7,-37.19,0.0,-5.35,0.075,1671,slab
1673,7,-39.16,0.3,-5.85,0.075,1672,slab
1674,7,-40.16,0.51,-5.85,0.075,1673,slab
1675,7,-40.84,0.63,-5.85,0.075,1674,slab
1676,7,-41.89,1.47,-5.85,0.075,1675,slab
1677,7,-42.12,1.81,-6.54,0.075,1676,slab
1678,7,-42.53,2.31,-6.54,0.075,1677,slab
1679,7,-42.97,3.12,-7.13,0.075,1678,slab
1680,7,-43.59,4.06,-7.13,0.075,1679,slab
1681,7,-44.7,4.61,-7.63,0.075,1680,slab
1682,7,-45.19,4.71,-7.63,0.075,1681,slab
1683,7,-48.22,4.93,-7.63,0.075,1682,branch
1684,7,-51.07,7.36,-8.01,0.035,1683,slab
1685,7,-51.5,8.27,-8.01,0.035,1684,slab
1686,7,-50.43,8.97,-7.34,0.035,1685,slab
1687,7,-50.21,10.04,-7.34,0.035,1686,slab
1688,7,-50.3,10.57,-7.2,0.035,1687,slab
1689,7,-50.73,11.48,-7.84,0.035,1688,slab
1690,7,-51.05,11.86,-7.84,0.035,1689,slab
1691,7,-52.36,12.43,-8.46,0.035,1690,slab
1692,7,-52.75,12.51,-8.46,0.035,1691,end
1693,7,-50.51,4.7,-7.63,0.075,1683,slab
1694,7,-51.62,5.23,-7.63,0.075,1693,slab
1695,7,-52.69,5.97,-7.63,0.075,1694,slab
1696,7,-53.75,6.29,-8.05,0.075,1695,slab
1697,7,-54.44,6.43,-8.05,0.075,1696,slab
1698,7,-55.24,6.5,-8.05,0.075,1697,end
1699,7,-22.33,-1.78,-5.29,0.11,1660,slab
1700,7,-23.68,-2.83,-5.29,0.11,1699,slab
1701,7,-24.5,-3.37,-5.29,0.11,1700,slab
1702,7,-25.39,-3.69,-5.29,0.11,1701,branch
1703,7,-27.51,-3.05,-6.2,0.11,1702,slab
1704,7,-28.49,-1.92,-6.2,0.11,1703,slab
1705,7,-28.55,-1.7,-5.79,0.11,1704,slab
1706,7,-29.05,-0.68,-5.79,0.11,1705,slab
1707,7,-30.03,0.54,-6.13,0.11,1706,slab
1708,7,-30.61,1.15,-6.13,0.11,1707,slab
1709,7,-31.17,1.88,-6.75,0.11,1708,slab
1710,7,-31.75,2.1,-6.75,0.11,1709,slab
1711,7,-34.48,2.68,-7.0,0.11,1710,slab
1712,7,-35.49,2.78,-7.25,0.11,1711,slab
1713,7,-35.66,2.92,-7.25,0.11,1712,slab
1714,7,-35.71,3.64,-7.5,0.11,1713,slab
1715,7,-35.13,4.95,-7.5,0.11,1714,slab
1716,7,-35.21,5.07,-8.01,0.11,1715,slab
1717,7,-35.99,5.24,-8.46,0.11,1716,slab
1718,7,-36.7,5.28,-8.46,0.11,1717,end
1719,7,-27.31,-6.05,-6.29,0.11,1702,branch
1720,7,-31.26,-5.42,-6.59,0.11,1719,slab
1721,7,-31.87,-5.4,-6.59,0.11,1720,slab
1722,7,-33.08,-5.76,-6.54,0.11,1721,slab
1723,7,-33.41,-5.9,-6.54,0.11,1722,slab
1724,7,-34.12,-6.36,-6.04,0.11,1723,slab
1725,7,-34.46,-6.49,-6.04,0.11,1724,slab
1726,7,-35.99,-5.56,-5.73,0.11,1725,slab
1727,7,-36.16,-5.33,-5.45,0.11,1726,slab
1728,7,-37.03,-5.14,-5.45,0.11,1727,branch
1729,7,-38.32,-4.47,-4.45,0.075,1728,slab
1730,7,-38.81,-3.85,-4.45,0.075,1729,slab
1731,7,-40.25,-2.93,-4.45,0.075,1730,slab
1732,7,-40.52,-2.78,-4.23,0.075,1731,slab
1733,7,-40.6,-2.66,-4.23,0.075,1732,slab
1734,7,-40.89,-2.6,-4.85,0.075,1733,end
1735,7,-38.54,-5.54,-5.6,0.035,1728,slab
1736,7,-38.9,-6.28,-5.64,0.035,1735,slab
1737,7,-39.16,-7.05,-5.64,0.035,1736,slab
1738,7,-39.42,-7.29,-5.14,0.035,1737,end
1739,7,-29.4,-9.18,-6.45,0.075,1719,slab
1740,7,-30.27,-10.44,-6.45,0.075,1739,slab
1741,7,-30.55,-10.78,-6.45,0.075,1740,slab
1742,7,-31.3,-11.96,-6.45,0.075,1741,slab
1743,7,-31.78,-12.78,-6.45,0.075,1742,slab
1744,7,-32.28,-13.19,-6.45,0.075,1743,slab
1745,7,-34.2,-14.12,-7.25,0.075,1744,slab
1746,7,-35.98,-14.76,-7.25,0.075,1745,slab
1747,7,-36.4,-14.88,-6.59,0.075,1746,slab
1748,7,-37.08,-15.14,-6.34,0.075,1747,slab
1749,7,-37.43,-17.32,-6.54,0.075,1748,slab
1750,7,-37.91,-18.14,-6.54,0.075,1749,slab
1751,7,-38.34,-18.76,-6.7,0.075,1750,slab
1752,7,-39.39,-19.37,-7.09,0.075,1751,slab
1753,7,-39.48,-19.34,-7.09,0.075,1752,slab
1754,7,-39.92,-18.94,-7.2,0.075,1753,slab
1755,7,-40.26,-18.67,-7.2,0.075,1754,slab
1756,7,-41.11,-18.29,-7.45,0.075,1755,slab
1757,7,-42.56,-18.9,-7.45,0.075,1756,slab
1758,7,-43.58,-19.4,-7.45,0.075,1757,slab
1759,7,-43.68,-19.39,-8.01,0.075,1758,slab
1760,7,-44.07,-19.3,-8.01,0.075,1759,slab
1761,7,-44.5,-18.91,-8.46,0.075,1760,slab
1762,7,-45.03,-18.49,-8.46,0.075,1761,slab
1763,7,-45.31,-18.33,-8.85,0.075,1762,slab
1764,7,-45.75,-18.03,-9.01,0.075,1763,end
1765,7,-13.96,-6.18,-3.6,0.15,1655,slab
1766,7,-14.04,-7.08,-3.6,0.15,1765,slab
1767,7,-14.05,-7.59,-3.35,0.15,1766,slab
1768,7,-14.17,-8.18,-3.35,0.15,1767,slab
1769,7,-14.98,-8.63,-3.04,0.15,1768,slab
1770,7,-16.07,-9.43,-3.04,0.15,1769,slab
1771,7,-17.07,-10.34,-3.54,0.15,1770,slab
1772,7,-17.45,-10.67,-3.54,0.15,1771,slab
1773,7,-17.86,-11.19,-4.1,0.15,1772,slab
1774,7,-18.89,-12.21,-4.1,0.15,1773,slab
1775,7,-19.57,-12.98,-4.6,0.15,1774,slab
1776,7,-20.34,-13.75,-4.6,0.15,1775,slab
1777,7,-20.61,-14.09,-4.7,0.15,1776,branch
1778,7,-24.58,-14.49,-4.54,0.075,1777,slab
1779,7,-25.87,-14.83,-4.14,0.075,1778,slab
1780,7,-26.4,-14.93,-4.14,0.075,1779,slab
1781,7,-27.88,-14.62,-4.14,0.075,1780,slab
1782,7,-28.29,-14.63,-4.7,0.075,1781,slab
1783,7,-29.86,-15.33,-4.7,0.075,1782,slab
1784,7,-30.71,-15.46,-4.7,0.075,1783,slab
1785,7,-31.1,-15.37,-4.7,0.075,1784,slab
1786,7,-31.73,-15.45,-4.7,0.075,1785,slab
1787,7,-33.26,-15.43,-4.7,0.075,1786,slab
1788,7,-34.18,-15.44,-5.23,0.075,1787,slab
1789,7,-34.77,-15.32,-5.48,0.075,1788,slab
1790,7,-35.35,-15.2,-5.48,0.075,1789,slab
1791,7,-36.04,-15.06,-5.79,0.075,1790,slab
1792,7,-36.43,-14.98,-6.38,0.075,1791,slab
1793,7,-37.41,-15.28,-6.38,0.075,1792,slab
1794,7,-37.65,-15.43,-6.59,0.075,1793,slab
1795,7,-38.85,-15.29,-6.63,0.075,1794,end
1796,7,-20.86,-15.77,-4.35,0.075,1777,slab
1797,7,-19.76,-16.83,-4.35,0.075,1796,slab
1798,7,-19.47,-16.88,-3.85,0.075,1797,slab
1799,7,-19.42,-17.2,-3.85,0.075,1798,slab
1800,7,-19.78,-17.94,-3.54,0.075,1799,slab
1801,7,-21.15,-19.6,-3.54,0.075,1800,slab
1802,7,-21.57,-20.12,-3.48,0.075,1801,slab
1803,7,-21.71,-20.29,-3.48,0.075,1802,slab
1804,7,-21.68,-21.12,-3.35,0.075,1803,slab
1805,7,-22.81,-22.62,-3.35,0.075,1804,slab
1806,7,-23.2,-23.06,-3.35,0.075,1805,slab
1807,7,-23.87,-23.83,-3.35,0.075,1806,slab
1808,7,-24.04,-24.11,-3.2,0.075,1807,slab
1809,7,-24.83,-24.96,-3.2,0.075,1808,slab
1810,7,-24.97,-25.64,-2.89,0.075,1809,slab
1811,7,-26.31,-26.18,-2.89,0.075,1810,slab
1812,7,-27.52,-26.13,-2.79,0.075,1811,slab
1813,7,-27.76,-26.8,-2.79,0.075,1812,slab
1814,7,-28.36,-27.19,-2.79,0.075,1813,slab
1815,7,-28.47,-27.26,-2.79,0.075,1814,slab
1816,7,-29.53,-27.96,-3.1,0.075,1815,slab
1817,7,-29.89,-28.19,-3.1,0.075,1816,slab
1818,7,-30.55,-28.88,-3.04,0.075,1817,slab
1819,7,-30.61,-29.17,-3.04,0.075,1818,slab
1820,7,-30.93,-30.22,-3.35,0.075,1819,end
1821,7,-0.9,-0.3,-7.0,0.035,1,slab
1822,7,-2.84,0.17,-5.66,0.035,1821,slab
1823,7,-4.02,0.42,-5.66,0.035,1822,slab
1824,7,-5.57,0.84,-5.26,0.035,1823,slab
1825,7,-6.04,1.04,-5.26,0.035,1824,slab
1826,7,-7.01,1.24,-4.86,0.035,1825,slab
1827,7,-7.33,1.21,-4.86,0.035,1826,slab
1828,7,-7.45,1.64,-4.86,0.035,1827,slab
1829,7,-6.39,2.75,-4.01,0.035,1828,slab
1830,7,-6.76,2.93,-4.01,0.035,1829,slab
1831,7,-8.02,3.29,-3.64,0.035,1830,slab
1832,7,-8.29,3.46,-3.64,0.035,1831,slab
1833,7,-7.9,4.39,-5.5,0.075,1832,slab
1834,7,-7.85,4.58,-5.5,0.075,1833,slab
1835,7,-8.22,4.77,-4.14,0.075,1834,slab
1836,7,-8.61,4.85,-4.14,0.075,1835,end
1837,7,1.24,0.31,-4.63,0.15,1,slab
1838,7,2.75,0.2,-5.23,0.15,1837,slab
1839,7,4.68,0.6,-5.23,0.15,1838,slab
1840,7,6.32,1.17,-5.23,0.15,1839,slab
1841,7,7.05,1.22,-6.04,0.15,1840,slab
1842,7,8.29,1.26,-6.04,0.15,1841,slab
1843,7,10.58,2.94,-7.22,0.15,1842,slab
1844,7,11.56,3.24,-7.22,0.15,1843,slab
1845,7,12.66,3.61,-7.22,0.15,1844,slab
1846,7,13.07,3.64,-7.68,0.15,1845,slab
1847,7,13.61,4.24,-7.68,0.15,1846,slab
1848,7,13.87,5.0,-7.84,0.15,1847,slab
1849,7,14.09,6.07,-7.84,0.15,1848,slab
1850,7,14.11,6.17,-7.88,0.15,1849,slab
1851,7,14.86,6.83,-7.88,0.15,1850,slab
1852,7,15.22,7.07,-7.88,0.15,1851,slab
1853,7,14.46,7.84,-7.88,0.15,1852,slab
1854,7,14.58,8.43,-8.1,0.15,1853,slab
1855,7,15.65,9.64,-8.1,0.15,1854,slab
1856,7,15.75,9.62,-8.14,0.15,1855,slab
1857,7,16.34,10.51,-8.64,0.15,1856,slab
1858,7,16.73,11.35,-8.64,0.15,1857,branch
1859,7,17.87,13.87,-8.39,0.15,1858,slab
1860,7,18.09,13.93,-8.39,0.15,1859,slab
1861,7,20.65,15.95,-7.29,0.11,1860,slab
1862,7,20.45,16.92,-7.29,0.11,1861,slab
1863,7,20.37,17.55,-7.29,0.11,1862,slab
1864,7,20.48,19.05,-7.29,0.11,1863,slab
1865,7,20.41,19.68,-7.13,0.11,1864,slab
1866,7,20.18,21.05,-7.22,0.11,1865,slab
1867,7,20.14,21.36,-7.22,0.11,1866,branch
1868,7,21.51,23.02,-6.04,0.185,1867,slab
1869,7,22.01,23.94,-6.04,0.185,1868,slab
1870,7,23.3,25.21,-5.47,0.11,1869,slab
1871,7,24.11,26.16,-6.04,0.11,1870,slab
1872,7,24.47,26.39,-6.04,0.11,1871,slab
1873,7,25.08,26.87,-6.43,0.11,1872,slab
1874,7,25.63,27.07,-6.43,0.11,1873,slab
1875,7,26.39,27.32,-6.79,0.11,1874,slab
1876,7,27.06,27.59,-6.97,0.11,1875,slab
1877,7,27.65,27.97,-6.97,0.11,1876,slab
1878,7,28.05,28.4,-7.04,0.11,1877,slab
1879,7,28.37,29.46,-7.04,0.11,1878,slab
1880,7,28.6,30.53,-7.22,0.11,1879,slab
1881,7,28.74,31.22,-7.43,0.11,1880,slab
1882,7,29.28,31.82,-7.43,0.11,1881,slab
1883,7,30.19,32.24,-7.47,0.11,1882,slab
1884,7,31.4,34.14,-7.93,0.11,1883,slab
1885,7,31.78,34.46,-7.93,0.11,1884,slab
1886,7,32.07,34.41,-7.93,0.11,1885,slab
1887,7,32.75,34.27,-8.14,0.11,1886,slab
1888,7,32.85,34.24,-8.14,0.11,1887,slab
1889,7,33.5,34.93,-8.68,0.11,1888,slab
1890,7,34.47,35.64,-8.68,0.11,1889,slab
1891,7,35.12,36.32,-8.97,0.11,1890,slab
1892,7,35.86,37.39,-8.97,0.11,1891,slab
1893,7,36.32,38.12,-9.1,0.11,1892,slab
1894,7,36.75,38.74,-9.1,0.11,1893,slab
1895,7,37.09,39.9,-9.18,0.11,1894,slab
1896,7,37.06,41.23,-9.18,0.11,1895,slab
1897,7,37.07,41.74,-9.22,0.11,1896,end
1898,7,19.49,23.13,-6.18,0.075,1867,slab
1899,7,19.2,23.2,-6.18,0.075,1898,slab
1900,7,18.99,23.65,-6.18,0.075,1899,slab
1901,7,18.25,24.52,-6.47,0.075,1900,slab
1902,7,17.69,24.74,-6.47,0.075,1901,slab
1903,7,17.13,25.06,-6.79,0.075,1902,slab
1904,7,17.04,25.08,-6.79,0.075,1903,slab
1905,7,17.28,25.74,-7.34,0.075,1904,slab
1906,7,17.87,26.13,-7.34,0.075,1905,slab
1907,7,17.92,26.33,-7.59,0.075,1906,slab
1908,7,16.8,27.38,-7.59,0.075,1907,slab
1909,7,16.55,27.63,-7.59,0.075,1908,slab
1910,7,16.39,27.87,-7.59,0.075,1909,slab
1911,7,16.55,28.55,-7.84,0.075,1910,slab
1912,7,16.6,28.86,-7.84,0.075,1911,slab
1913,7,16.6,29.37,-7.84,0.075,1912,slab
1914,7,16.55,29.57,-7.88,0.075,1913,slab
1915,7,16.22,29.95,-7.88,0.075,1914,slab
1916,7,15.89,30.33,-7.88,0.075,1915,slab
1917,7,15.88,30.74,-8.18,0.075,1916,slab
1918,7,15.71,31.89,-8.18,0.075,1917,slab
1919,7,15.73,32.5,-8.18,0.075,1918,slab
1920,7,15.5,33.37,-8.22,0.075,1919,slab
1921,7,15.19,33.85,-8.22,0.075,1920,slab
1922,7,15.19,33.85,-8.64,0.075,1921,slab
1923,7,15.3,34.34,-8.64,0.075,1922,slab
1924,7,15.38,34.73,-8.64,0.075,1923,slab
1925,7,15.66,35.07,-8.93,0.075,1924,slab
1926,7,15.91,35.33,-8.93,0.075,1925,slab
1927,7,16.17,35.58,-9.18,0.075,1926,end
1928,7,15.05,12.62,-8.68,0.035,1858,slab
1929,7,13.53,14.17,-8.68,0.035,1928,slab
1930,7,12.48,15.51,-8.47,0.035,1929,slab
1931,7,12.23,15.76,-8.47,0.035,1930,slab
1932,7,10.74,17.4,-9.05,0.075,1931,slab
1933,7,10.76,17.5,-9.05,0.075,1932,slab
1934,7,10.16,17.12,-9.14,0.075,1933,slab
1935,7,9.83,16.98,-9.14,0.075,1934,slab
1936,7,9.53,17.46,-9.6,0.075,1935,slab
1937,7,9.38,18.21,-9.6,0.075,1936,slab
1938,7,9.18,18.75,-9.89,0.075,1937,slab
1939,7,9.13,19.48,-9.89,0.075,1938,slab
1940,7,8.99,19.82,-10.47,0.075,1939,slab
1941,7,9.03,20.01,-10.47,0.075,1940,slab
1942,7,9.76,20.06,-11.1,0.075,1941,slab
1943,7,9.72,19.87,-11.1,0.075,1942,slab
1944,7,9.4,19.33,-11.6,0.075,1943,slab
1945,7,9.3,18.83,-11.6,0.075,1944,slab
1946,7,8.89,18.82,-11.85,0.075,1945,slab
1947,7,8.69,18.86,-11.85,0.075,1946,slab
1948,7,8.69,18.86,-12.22,0.075,1947,slab
1949,7,8.52,18.99,-12.22,0.075,1948,slab
1950,7,9.15,20.09,-12.6,0.075,1949,slab
1951,7,9.34,20.46,-12.6,0.075,1950,slab
1952,7,9.47,20.64,-12.6,0.075,1951,slab
1953,7,9.55,21.03,-12.64,0.075,1952,slab
1954,7,9.53,21.44,-12.64,0.075,1953,slab
1955,7,9.4,21.78,-12.64,0.075,1954,slab
1956,7,9.44,21.97,-13.3,0.075,1955,slab
1957,7,9.46,22.07,-13.3,0.075,1956,slab
1958,7,9.72,22.32,-13.39,0.075,1957,slab
1959,7,9.7,22.73,-13.39,0.075,1958,slab
1960,7,9.5,23.7,-13.39,0.075,1959,slab
1961,7,9.46,24.01,-13.34,0.075,1960,slab
1962,7,9.41,24.74,-13.34,0.075,1961,slab
1963,7,9.53,25.32,-13.48,0.075,1962,slab
1964,7,9.63,25.3,-13.48,0.075,1963,slab
1965,7,10.02,25.72,-13.67,0.075,1964,slab
1966,7,10.21,26.1,-13.67,0.075,1965,slab
1967,7,10.61,27.04,-13.67,0.075,1966,slab
1968,7,10.78,27.41,-13.98,0.075,1967,slab
1969,7,10.97,28.29,-14.14,0.075,1968,slab
1970,7,11.03,28.59,-14.14,0.075,1969,slab
1971,7,11.38,29.32,-14.14,0.075,1970,slab
1972,7,11.61,29.9,-14.59,0.075,1971,slab
1973,7,11.71,30.38,-14.59,0.075,1972,slab
1974,7,11.78,30.68,-14.59,0.075,1973,slab
1975,7,11.7,31.31,-14.73,0.075,1974,end
1976,7,0.54,-4.2,-0.88,0.15,1,slab
1977,7,0.39,-6.41,-0.51,0.15,1976,slab
1978,7,0.02,-8.18,-0.38,0.15,1977,slab
1979,7,-0.23,-8.43,-0.38,0.15,1978,slab
1980,7,-0.7,-8.85,0.0,0.15,1979,slab
1981,7,-1.12,-9.37,0.0,0.15,1980,slab
1982,7,-1.17,-9.66,0.0,0.15,1981,slab
1983,7,-1.11,-11.31,0.0,0.15,1982,slab
1984,7,-1.18,-11.6,0.0,0.15,1983,slab
1985,7,-2.42,-13.18,0.21,0.15,1984,slab
1986,7,-3.21,-14.04,0.21,0.15,1985,slab
1987,7,-3.93,-15.52,0.4,0.15,1986,slab
1988,7,-4.55,-16.52,0.37,0.15,1987,slab
1989,7,-4.97,-17.55,-0.07,0.15,1988,slab
1990,7,-5.25,-17.91,-0.07,0.15,1989,slab
1991,7,-6.3,-19.52,-0.25,0.15,1990,branch
1992,7,-11.07,-21.8,-0.51,0.11,1991,slab
1993,7,-11.41,-21.93,-0.51,0.11,1992,slab
1994,7,-12.17,-22.18,-0.2,0.11,1993,slab
1995,7,-12.74,-22.47,-0.33,0.11,1994,slab
1996,7,-13.49,-22.62,-0.33,0.11,1995,slab
1997,7,-14.03,-22.81,-0.33,0.11,1996,slab
1998,7,-14.06,-22.91,-0.38,0.11,1997,slab
1999,7,-14.42,-23.65,-0.38,0.11,1998,slab
2000,7,-14.54,-24.24,0.05,0.11,1999,slab
2001,7,-14.95,-24.25,0.05,0.11,2000,slab
2002,7,-15.36,-24.27,-0.38,0.11,2001,slab
2003,7,-15.87,-24.26,-0.38,0.11,2002,slab
2004,7,-16.23,-24.5,-0.51,0.11,2003,slab
2005,7,-16.35,-24.58,-0.51,0.11,2004,slab
2006,7,-16.49,-25.26,-0.57,0.11,2005,slab
2007,7,-16.56,-25.55,-0.88,0.11,2006,slab
2008,7,-16.68,-25.64,-0.88,0.11,2007,slab
2009,7,-17.1,-25.75,-0.88,0.11,2008,slab
2010,7,-17.34,-25.91,-0.88,0.11,2009,slab
2011,7,-17.74,-26.33,-1.25,0.11,2010,slab
2012,7,-17.84,-26.82,-1.25,0.11,2011,slab
2013,7,-18.12,-27.68,-0.88,0.11,2012,slab
2014,7,-20.1,-29.31,-1.25,0.11,2013,slab
2015,7,-20.52,-29.43,-1.0,0.11,2014,slab
2016,7,-20.86,-29.56,-1.0,0.11,2015,slab
2017,7,-22.1,-29.61,-0.75,0.11,2016,slab
2018,7,-23.09,-29.5,-0.75,0.11,2017,slab
2019,7,-24.6,-29.38,-0.75,0.11,2018,slab
2020,7,-25.41,-29.33,-0.82,0.11,2019,slab
2021,7,-25.73,-29.36,-0.82,0.11,2020,slab
2022,7,-26.02,-29.8,-1.01,0.11,2021,slab
2023,7,-26.4,-30.65,-1.01,0.11,2022,slab
2024,7,-26.98,-31.45,-1.08,0.11,2023,slab
2025,7,-27.85,-32.7,-1.08,0.11,2024,slab
2026,7,-28.01,-32.97,-1.26,0.11,2025,slab
2027,7,-28.23,-33.53,-1.26,0.11,2026,slab
2028,7,-28.13,-34.47,-2.19,0.11,2027,slab
2029,7,-27.96,-34.71,-2.19,0.11,2028,slab
2030,7,-27.76,-35.17,-2.19,0.11,2029,slab
2031,7,-27.91,-35.44,-2.19,0.11,2030,slab
2032,7,-28.32,-35.46,-2.4,0.075,2031,slab
2033,7,-28.64,-35.49,-2.44,0.075,2032,end
2034,7,-7.15,-20.68,-2.19,0.11,1991,branch
2035,7,-7.24,-22.09,-0.07,0.075,2034,slab
2036,7,-7.43,-23.48,-0.07,0.075,2035,slab
2037,7,-7.44,-23.99,-0.07,0.075,2036,slab
2038,7,-7.5,-24.28,-0.07,0.075,2037,slab
2039,7,-7.99,-26.63,-0.07,0.075,2038,slab
2040,7,-8.27,-26.98,-0.07,0.075,2039,slab
2041,7,-8.22,-28.22,-0.07,0.075,2040,end
2042,7,-7.29,-20.85,-2.52,0.11,2034,slab
2043,7,-7.99,-22.24,-2.83,0.11,2042,slab
2044,7,-8.27,-22.59,-2.83,0.11,2043,slab
2045,7,-8.62,-22.82,-2.83,0.11,2044,slab
2046,7,-8.88,-23.07,-3.4,0.11,2045,slab
2047,7,-9.97,-23.35,-3.4,0.11,2046,slab
2048,7,-10.48,-23.35,-3.4,0.11,2047,slab
2049,7,-11.33,-23.58,-3.75,0.11,2048,slab
2050,7,-11.52,-23.96,-3.75,0.11,2049,slab
2051,7,-11.79,-24.3,-3.77,0.11,2050,slab
2052,7,-12.94,-25.39,-3.77,0.11,2051,slab
2053,7,-13.26,-25.43,-3.77,0.11,2052,slab
2054,7,-13.51,-25.68,-4.03,0.11,2053,slab
2055,7,-14.56,-26.79,-4.03,0.11,2054,slab
2056,7,-14.61,-26.99,-4.03,0.11,2055,slab
2057,7,-15.15,-29.12,-4.34,0.11,2056,slab
2058,7,-15.37,-30.2,-4.34,0.11,2057,slab
2059,7,-15.68,-31.15,-4.34,0.11,2058,slab
2060,7,-15.95,-31.51,-4.34,0.11,2059,slab
2061,7,-16.56,-32.91,-4.5,0.11,2060,slab
2062,7,-16.68,-33.5,-4.5,0.11,2061,slab
2063,7,-16.29,-36.03,-4.59,0.11,2062,slab
2064,7,-16.25,-36.34,-4.59,0.11,2063,slab
2065,7,-16.25,-37.78,-4.75,0.11,2064,slab
2066,7,-15.68,-39.94,-5.15,0.11,2065,slab
2067,7,-15.65,-41.27,-4.19,0.11,2066,slab
2068,7,-15.85,-42.26,-3.69,0.11,2067,slab
2069,7,-15.98,-42.84,-3.69,0.11,2068,slab
2070,7,-15.68,-43.41,-3.58,0.11,2069,slab
2071,7,-15.8,-44.0,-3.58,0.11,2070,slab
2072,7,-16.62,-45.46,-3.58,0.11,2071,slab
2073,7,-17.26,-46.05,-3.65,0.11,2072,slab
2074,7,-17.59,-46.18,-3.65,0.11,2073,slab
2075,7,-16.93,-44.99,-3.65,0.11,2074,slab
2076,7,-16.26,-44.72,-3.65,0.11,2075,slab
2077,7,-14.93,-44.18,-3.65,0.11,2076,slab
2078,7,-14.83,-44.2,-3.65,0.11,2077,slab
2079,7,-14.48,-44.48,-3.65,0.11,2078,slab
2080,7,-14.43,-45.72,-3.27,0.11,2079,slab
2081,7,-14.63,-46.19,-3.27,0.11,2080,slab
2082,7,-15.01,-46.52,-3.27,0.11,2081,slab
2083,7,-15.01,-46.52,-4.5,0.075,2082,slab
2084,7,-14.98,-47.33,-4.69,0.075,2083,slab
2085,7,-15.44,-47.65,-4.69,0.075,2084,slab
2086,7,-15.66,-47.7,-4.69,0.075,2085,slab
2087,7,-15.9,-47.86,-5.19,0.075,2086,slab
2088,7,-14.83,-48.08,-5.69,0.075,2087,slab
2089,7,-13.88,-47.98,-6.0,0.075,2088,slab
2090,7,-12.91,-48.18,-6.0,0.075,2089,slab
2091,7,-11.89,-48.7,-6.0,0.075,2090,slab
2092,7,-10.82,-49.44,-6.38,0.075,2091,slab
2093,7,-9.97,-49.82,-6.55,0.075,2092,slab
2094,7,-9.24,-49.76,-6.55,0.075,2093,slab
2095,7,-7.8,-49.66,-6.55,0.075,2094,slab
2096,7,-7.49,-49.62,-6.8,0.075,2095,slab
2097,7,-6.61,-50.31,-7.0,0.075,2096,slab
2098,7,-6.33,-50.48,-7.0,0.075,2097,slab
2099,7,-5.45,-50.65,-7.05,0.075,2098,end
2100,7,0.65,-3.71,-0.01,0.11,1,slab
2101,7,0.78,-6.49,-0.01,0.11,2100,slab
2102,7,1.04,-6.75,-0.01,0.11,2101,slab
2103,7,2.01,-7.47,-0.07,0.11,2102,slab
2104,7,2.67,-7.71,-0.07,0.11,2103,slab
2105,7,3.2,-7.61,-0.07,0.11,2104,slab
2106,7,3.98,-7.78,-0.27,0.11,2105,slab
2107,7,4.47,-8.38,-0.27,0.11,2106,slab
2108,7,4.97,-9.42,-0.51,0.11,2107,slab
2109,7,4.99,-9.83,-0.69,0.11,2108,slab
2110,7,5.16,-10.99,-0.69,0.11,2109,slab
2111,7,5.15,-12.01,-0.63,0.11,2110,slab
2112,7,4.8,-13.67,-0.63,0.11,2111,slab
2113,7,4.86,-13.88,-0.14,0.11,2112,slab
2114,7,4.99,-14.22,-0.14,0.11,2113,branch
2115,7,6.66,-16.51,-1.45,0.11,2114,slab
2116,7,7.02,-17.71,-1.38,0.11,2115,slab
2117,7,6.92,-18.2,-1.63,0.11,2116,slab
2118,7,6.62,-18.65,-1.63,0.11,2117,branch
2119,7,6.61,-21.61,-0.33,0.11,2118,slab
2120,7,5.78,-22.66,-0.57,0.11,2119,slab
2121,7,5.6,-23.03,-0.57,0.11,2120,slab
2122,7,5.26,-24.19,-0.5,0.11,2121,slab
2123,7,5.32,-24.4,-0.57,0.11,2122,slab
2124,7,5.46,-25.65,-0.63,0.11,2123,branch
2125,7,6.83,-26.96,-0.07,0.075,2124,slab
2126,7,6.88,-27.18,0.05,0.075,2125,end
2127,7,5.45,-27.18,0.0,0.035,2124,slab
2128,7,5.17,-27.54,0.0,0.035,2127,slab
2129,7,4.78,-27.96,0.62,0.035,2128,slab
2130,7,4.42,-28.71,0.62,0.035,2129,slab
2131,7,4.37,-29.42,-0.33,0.075,2130,slab
2132,7,4.36,-30.43,-0.33,0.075,2131,slab
2133,7,4.4,-30.75,0.37,0.075,2132,slab
2134,7,4.48,-31.38,0.75,0.075,2133,slab
2135,7,4.54,-32.01,0.75,0.075,2134,slab
2136,7,4.79,-32.77,0.75,0.075,2135,end
2137,7,4.58,-23.02,-2.9,0.11,2118,slab
2138,7,4.24,-23.16,-2.9,0.11,2137,slab
2139,7,3.96,-24.01,-2.9,0.11,2138,slab
2140,7,3.76,-25.0,-2.9,0.11,2139,slab
2141,7,3.62,-25.17,-2.9,0.11,2140,slab
2142,7,3.21,-25.69,-3.75,0.11,2141,slab
2143,7,2.69,-26.2,-3.75,0.11,2142,slab
2144,7,2.2,-26.61,-3.75,0.11,2143,slab
2145,7,2.01,-26.98,-2.9,0.11,2144,slab
2146,7,1.76,-27.23,-2.9,0.11,2145,slab
2147,7,1.72,-27.93,-2.25,0.11,2146,slab
2148,7,1.7,-28.95,-2.25,0.11,2147,slab
2149,7,1.9,-29.51,-2.25,0.11,2148,slab
2150,7,1.81,-30.41,-2.4,0.11,2149,slab
2151,7,1.76,-31.11,-2.4,0.11,2150,slab
2152,7,1.69,-31.5,-2.4,0.11,2151,slab
2153,7,1.22,-35.19,-3.25,0.11,2152,slab
2154,7,1.49,-35.86,-2.9,0.11,2153,slab
2155,7,1.58,-36.39,-2.9,0.11,2154,slab
2156,7,1.64,-36.61,-3.58,0.11,2155,slab
2157,7,2.74,-36.73,-2.9,0.11,2156,slab
2158,7,3.23,-36.83,-2.9,0.11,2157,slab
2159,7,3.5,-37.0,-2.4,0.11,2158,slab
2160,7,4.17,-37.24,-2.0,0.11,2159,slab
2161,7,4.37,-37.28,-1.5,0.11,2160,slab
2162,7,3.26,-38.17,-1.45,0.11,2161,slab
2163,7,3.04,-38.23,-1.45,0.11,2162,slab
2164,7,1.97,-38.0,-1.26,0.11,2163,slab
2165,7,1.47,-37.9,-1.26,0.11,2164,slab
2166,7,0.47,-37.79,-0.75,0.11,2165,slab
2167,7,0.07,-37.81,-0.75,0.11,2166,slab
2168,7,-0.5,-38.21,-0.38,0.11,2167,slab
2169,7,-1.13,-38.78,-0.38,0.11,2168,branch
2170,7,-2.22,-37.64,0.37,0.075,2169,slab
2171,7,-2.71,-37.54,0.37,0.075,2170,end
2172,7,-1.7,-40.0,-0.63,0.075,2169,slab
2173,7,-1.79,-40.49,-0.63,0.075,2172,end
2174,7,4.47,-17.18,-0.33,0.035,2114,slab
2175,7,3.6,-18.43,-0.33,0.035,2174,slab
2176,7,1.66,-21.38,-0.07,0.035,2175,slab
2177,7,1.39,-21.64,-0.69,0.035,2176,slab
2178,7,1.32,-22.03,0.4,0.035,2177,slab
2179,7,1.43,-23.9,0.5,0.035,2178,slab
2180,7,1.24,-24.87,0.5,0.035,2179,end
2181,7,-2.42,0.49,-1.25,0.335,1,slab
2182,7,-3.92,-0.31,-1.25,0.335,2181,slab
2183,7,-4.55,-0.89,-1.25,0.335,2182,slab
2184,7,-5.83,-1.65,-1.25,0.335,2183,slab
2185,7,-5.97,-1.82,-1.25,0.335,2184,slab
2186,7,-7.29,-1.75,-1.25,0.335,2185,slab
2187,7,-7.4,-1.83,-1.25,0.335,2186,slab
2188,7,-7.76,-2.57,-1.25,0.335,2187,slab
2189,7,-7.81,-2.76,-1.25,0.335,2188,slab
2190,7,-7.85,-2.96,-1.45,0.335,2189,slab
2191,7,-8.93,-3.76,-2.02,0.335,2190,slab
2192,7,-9.44,-3.74,-2.02,0.335,2191,slab
2193,7,-10.61,-4.42,-1.63,0.335,2192,slab
2194,7,-11.26,-5.62,-1.63,0.335,2193,slab
2195,7,-12.18,-7.06,-1.63,0.335,2194,slab
2196,7,-12.42,-7.22,-1.45,0.335,2195,branch
2197,7,-15.3,-5.39,-1.45,0.26,2196,slab
2198,7,-15.87,-5.16,-1.45,0.26,2197,branch
2199,7,-16.53,-5.43,-1.45,0.26,2198,slab
2200,7,-18.62,-6.12,-2.0,0.26,2199,slab
2201,7,-21.79,-7.6,-1.45,0.185,2200,branch
2202,7,-26.01,-7.74,-1.0,0.075,2201,slab
2203,7,-26.54,-7.33,-1.0,0.075,2202,slab
2204,7,-26.96,-6.94,-0.44,0.075,2203,slab
2205,7,-27.27,-6.46,-0.44,0.075,2204,slab
2206,7,-28.1,-5.98,-0.33,0.075,2205,slab
2207,7,-29.29,-5.84,-0.33,0.075,2206,slab
2208,7,-30.41,-5.8,-0.27,0.075,2207,slab
2209,7,-31.09,-5.66,-0.27,0.075,2208,end
2210,7,-25.22,-9.34,-0.98,0.075,2201,branch
2211,7,-24.12,-7.02,-1.95,0.075,2210,slab
2212,7,-25.09,-6.3,-1.25,0.075,2211,slab
2213,7,-25.6,-5.79,-1.25,0.075,2212,slab
2214,7,-26.93,-5.3,-1.13,0.075,2213,slab
2215,7,-27.3,-5.13,-0.63,0.075,2214,slab
2216,7,-27.87,-4.91,-0.63,0.075,2215,end
2217,7,-25.53,-9.38,-0.94,0.075,2210,slab
2218,7,-26.89,-10.01,-0.25,0.075,2217,slab
2219,7,-27.68,-10.36,-0.25,0.075,2218,slab
2220,7,-28.98,-11.21,-0.25,0.075,2219,slab
2221,7,-29.1,-11.28,-0.51,0.075,2220,branch
2222,7,-31.34,-11.74,-1.95,0.075,2221,slab
2223,7,-31.63,-11.68,-1.2,0.075,2222,slab
2224,7,-31.91,-11.52,-1.2,0.075,2223,slab
2225,7,-32.59,-10.86,-1.2,0.075,2224,slab
2226,7,-33.03,-10.06,-1.01,0.075,2225,slab
2227,7,-33.22,-9.51,-1.01,0.075,2226,slab
2228,7,-33.47,-9.25,-1.01,0.075,2227,slab
2229,7,-33.93,-8.95,-1.5,0.075,2228,end
2230,7,-29.3,-14.21,-1.51,0.075,2221,slab
2231,7,-29.41,-15.21,-0.88,0.075,2230,slab
2232,7,-29.87,-16.44,-0.88,0.075,2231,slab
2233,7,-30.54,-17.73,-0.88,0.075,2232,slab
2234,7,-30.87,-18.28,-0.57,0.075,2233,slab
2235,7,-31.96,-19.57,-0.57,0.075,2234,slab
2236,7,-32.99,-21.1,-0.88,0.075,2235,slab
2237,7,-34.23,-22.17,-0.88,0.075,2236,slab
2238,7,-35.02,-22.52,-1.33,0.075,2237,slab
2239,7,-36.89,-23.65,-1.33,0.075,2238,end
2240,7,-17.06,-6.96,-6.13,0.075,2198,slab
2241,7,-18.38,-7.91,-6.13,0.075,2240,slab
2242,7,-19.13,-8.57,-6.55,0.075,2241,slab
2243,7,-20.63,-9.38,-7.09,0.075,2242,slab
2244,7,-21.39,-9.63,-7.09,0.075,2243,slab
2245,7,-23.13,-10.08,-7.38,0.075,2244,slab
2246,7,-26.38,-10.02,-7.88,0.075,2245,slab
2247,7,-26.87,-9.4,-7.88,0.075,2246,slab
2248,7,-27.21,-8.11,-8.3,0.075,2247,slab
2249,7,-27.3,-7.58,-8.3,0.075,2248,slab
2250,7,-27.56,-7.32,-8.68,0.075,2249,slab
2251,7,-28.46,-7.24,-8.68,0.075,2250,slab
2252,7,-29.09,-7.81,-8.5,0.075,2251,slab
2253,7,-30.61,-8.73,-8.5,0.075,2252,slab
2254,7,-31.14,-8.82,-7.92,0.075,2253,slab
2255,7,-33.52,-8.94,-7.92,0.075,2254,slab
2256,7,-34.03,-8.93,-7.5,0.075,2255,slab
2257,7,-33.86,-8.15,-8.55,0.075,2256,slab
2258,7,-34.72,-7.87,-8.55,0.075,2257,slab
2259,7,-36.44,-7.82,-8.59,0.075,2258,slab
2260,7,-37.19,-7.97,-7.88,0.075,2259,slab
2261,7,-37.51,-8.0,-7.88,0.075,2260,end
2262,7,-11.66,-8.5,-0.07,0.075,2196,slab
2263,7,-11.82,-8.77,-0.07,0.075,2262,slab
2264,7,-12.77,-9.39,-0.07,0.075,2263,slab
2265,7,-13.33,-9.68,-0.38,0.075,2264,slab
2266,7,-14.48,-10.25,-0.14,0.075,2265,slab
2267,7,-14.99,-10.76,-0.14,0.075,2266,slab
2268,7,-15.4,-11.7,-0.76,0.11,2267,slab
2269,7,-15.62,-12.78,-0.76,0.11,2268,slab
2270,7,-15.3,-13.25,-0.63,0.11,2269,slab
2271,7,-15.43,-13.84,-0.63,0.11,2270,slab
2272,7,-17.38,-14.86,-0.01,0.15,2271,slab
2273,7,-21.84,-15.16,-1.45,0.185,2272,slab
2274,7,-21.93,-15.14,-1.45,0.185,2273,slab
2275,7,-23.34,-15.97,-2.02,0.15,2274,slab
2276,7,-23.49,-15.73,-2.02,0.15,2275,slab
2277,7,-24.05,-15.0,-2.15,0.15,2276,slab
2278,7,-24.19,-14.67,-2.15,0.15,2277,slab
2279,7,-24.54,-14.38,-2.15,0.15,2278,slab
2280,7,-24.91,-14.21,-2.65,0.15,2279,slab
2281,7,-26.69,-14.44,-2.75,0.15,2280,slab
2282,7,-27.4,-14.4,-2.75,0.15,2281,branch
2283,7,-30.9,-13.57,-3.33,0.035,2282,slab
2284,7,-32.18,-13.3,-3.33,0.035,2283,slab
2285,7,-34.49,-13.13,-3.33,0.035,2284,slab
2286,7,-35.59,-12.99,-3.33,0.035,2285,slab
2287,7,-36.58,-11.87,-3.75,0.035,2286,slab
2288,7,-36.63,-11.66,-4.03,0.035,2287,slab
2289,7,-36.74,-11.22,-4.03,0.035,2288,slab
2290,7,-36.73,-11.13,-4.59,0.035,2289,slab
2291,7,-37.7,-12.35,-6.42,0.075,2290,slab
2292,7,-38.43,-13.42,-5.94,0.075,2291,slab
2293,7,-38.63,-13.39,-5.94,0.075,2292,slab
2294,7,-39.03,-12.89,-5.94,0.075,2293,slab
2295,7,-39.13,-12.87,-6.13,0.075,2294,slab
2296,7,-39.74,-12.84,-6.13,0.075,2295,slab
2297,7,-41.25,-12.73,-6.25,0.075,2296,slab
2298,7,-43.98,-12.57,-6.25,0.075,2297,slab
2299,7,-46.58,-12.33,-6.17,0.075,2298,slab
2300,7,-47.62,-12.43,-6.17,0.075,2299,slab
2301,7,-48.16,-12.52,-6.17,0.075,2300,slab
2302,7,-49.84,-12.27,-5.9,0.075,2301,end
2303,7,-28.39,-15.73,-4.28,0.075,2282,slab
2304,7,-29.09,-16.61,-4.28,0.075,2303,slab
2305,7,-29.48,-17.03,-4.28,0.075,2304,slab
2306,7,-30.1,-17.52,-4.28,0.075,2305,slab
2307,7,-30.41,-18.06,-4.65,0.075,2306,slab
2308,7,-30.83,-18.59,-4.65,0.075,2307,slab
2309,7,-31.09,-18.84,-5.09,0.075,2308,slab
2310,7,-31.98,-19.16,-5.09,0.075,2309,slab
2311,7,-32.71,-19.32,-5.03,0.075,2310,slab
2312,7,-33.84,-19.8,-5.03,0.075,2311,slab
2313,7,-35.18,-20.34,-4.4,0.075,2312,slab
2314,7,-35.83,-21.02,-4.4,0.075,2313,slab
2315,7,-36.46,-21.6,-4.4,0.075,2314,slab
2316,7,-36.7,-21.75,-4.15,0.075,2315,slab
2317,7,-36.99,-22.2,-4.15,0.075,2316,slab
2318,7,-37.18,-22.58,-4.15,0.075,2317,slab
2319,7,-37.3,-23.16,-3.52,0.075,2318,slab
2320,7,-37.62,-23.71,-3.52,0.075,2319,slab
2321,7,-37.88,-24.47,-3.52,0.075,2320,slab
2322,7,-38.22,-25.11,-3.0,0.075,2321,slab
2323,7,-38.38,-25.39,-3.0,0.075,2322,slab
2324,7,-38.66,-25.74,-2.58,0.075,2323,slab
2325,7,-39.52,-25.97,-2.58,0.075,2324,slab
2326,7,-40.51,-26.27,-2.69,0.075,2325,slab
2327,7,-41.06,-26.46,-2.69,0.075,2326,slab
2328,7,-42.12,-27.16,-2.69,0.075,2327,slab
2329,7,-42.47,-27.39,-2.9,0.075,2328,slab
2330,7,-42.83,-27.62,-2.9,0.075,2329,slab
2331,7,-43.35,-28.64,-2.9,0.075,2330,slab
2332,7,-43.79,-29.27,-2.9,0.075,2331,slab
2333,7,-44.04,-29.52,-2.9,0.075,2332,slab
2334,7,-44.42,-29.85,-2.9,0.075,2333,end
2335,7,2.11,-2.08,-1.33,0.295,1,slab
2336,7,7.03,-1.98,-1.75,0.295,2335,slab
2337,7,10.06,-2.2,-1.75,0.295,2336,slab
2338,7,11.43,-2.49,-1.75,0.295,2337,slab
2339,7,15.64,-4.8,-2.75,0.075,2338,slab
2340,7,15.84,-4.84,-2.75,0.075,2339,slab
2341,7,16.9,-5.16,-2.27,0.075,2340,slab
2342,7,17.83,-5.56,-2.27,0.075,2341,slab
2343,7,18.62,-5.73,-2.27,0.075,2342,slab
2344,7,18.72,-5.75,-2.27,0.075,2343,branch
2345,7,19.12,-7.26,-2.75,0.075,2344,slab
2346,7,20.0,-7.85,-2.75,0.075,2345,slab
2347,7,20.38,-8.04,-2.75,0.075,2346,slab
2348,7,20.75,-8.21,-3.4,0.075,2347,slab
2349,7,21.32,-8.43,-3.4,0.075,2348,slab
2350,7,21.99,-8.67,-3.75,0.075,2349,slab
2351,7,22.14,-8.91,-3.9,0.075,2350,slab
2352,7,22.82,-9.56,-3.9,0.075,2351,slab
2353,7,23.33,-10.08,-4.15,0.075,2352,slab
2354,7,23.48,-10.31,-4.15,0.075,2353,slab
2355,7,23.2,-10.67,-4.4,0.075,2354,slab
2356,7,22.43,-11.43,-4.4,0.075,2355,slab
2357,7,21.85,-12.23,-4.59,0.075,2356,slab
2358,7,21.7,-13.01,-4.59,0.075,2357,slab
2359,7,21.88,-13.56,-4.34,0.075,2358,slab
2360,7,21.9,-13.98,-4.34,0.075,2359,slab
2361,7,21.98,-15.53,-4.25,0.075,2360,slab
2362,7,21.98,-16.04,-4.25,0.075,2361,slab
2363,7,22.39,-16.02,-4.25,0.075,2362,slab
2364,7,23.05,-15.33,-4.25,0.075,2363,slab
2365,7,22.96,-15.72,-4.59,0.075,2364,slab
2366,7,22.87,-17.64,-4.59,0.075,2365,slab
2367,7,22.9,-18.47,-4.59,0.075,2366,slab
2368,7,22.91,-19.39,-4.59,0.075,2367,slab
2369,7,23.15,-19.75,-4.94,0.075,2368,slab
2370,7,23.79,-20.09,-4.94,0.075,2369,slab
2371,7,23.96,-20.23,-4.94,0.075,2370,slab
2372,7,24.39,-20.62,-5.25,0.075,2371,slab
2373,7,24.88,-21.24,-5.25,0.075,2372,slab
2374,7,24.95,-21.87,-5.65,0.075,2373,slab
2375,7,25.08,-22.19,-5.65,0.075,2374,slab
2376,7,25.47,-22.79,-6.05,0.075,2375,slab
2377,7,25.72,-23.04,-6.05,0.075,2376,slab
2378,7,25.76,-23.36,-6.34,0.075,2377,slab
2379,7,25.96,-23.91,-6.34,0.075,2378,slab
2380,7,25.91,-24.1,-6.67,0.075,2379,slab
2381,7,25.94,-24.42,-6.67,0.075,2380,slab
2382,7,26.01,-24.64,-6.84,0.075,2381,slab
2383,7,26.16,-24.87,-6.84,0.075,2382,end
2384,7,19.33,-5.26,-2.4,0.075,2344,slab
2385,7,19.86,-5.16,-2.52,0.075,2384,slab
2386,7,20.52,-4.89,-2.52,0.075,2385,slab
2387,7,21.88,-4.78,-2.0,0.075,2386,slab
2388,7,22.7,-4.74,-2.0,0.075,2387,slab
2389,7,23.72,-4.75,-2.0,0.075,2388,slab
2390,7,24.54,-4.72,-1.95,0.075,2389,slab
2391,7,25.47,-4.71,-1.95,0.075,2390,slab
2392,7,25.76,-4.76,-1.95,0.075,2391,end
2393,7,2.28,-3.23,0.05,0.185,1,slab
2394,7,4.62,-4.23,0.05,0.185,2393,slab
2395,7,5.06,-5.04,0.05,0.185,2394,slab
2396,7,5.37,-5.1,-0.33,0.185,2395,slab
2397,7,5.97,-5.12,-0.33,0.185,2396,slab
2398,7,6.42,-4.92,-0.33,0.185,2397,slab
2399,7,7.19,-4.67,0.37,0.185,2398,slab
2400,7,8.31,-4.69,0.37,0.185,2399,slab
2401,7,8.79,-5.82,0.46,0.15,2400,slab
2402,7,9.09,-5.88,0.46,0.15,2401,slab
2403,7,9.55,-5.57,0.46,0.15,2402,slab
2404,7,9.54,-5.15,0.64,0.15,2403,slab
2405,7,9.46,-5.04,0.64,0.15,2404,slab
2406,7,8.68,-4.88,0.64,0.15,2405,slab
2407,7,7.13,-4.96,0.75,0.15,2406,slab
2408,7,6.48,-5.13,0.75,0.15,2407,slab
2409,7,6.05,-5.24,0.72,0.15,2408,end
2410,7,1.84,-1.91,-1.38,0.26,1,slab
2411,7,5.73,-2.83,-1.25,0.26,2410,slab
2412,7,9.15,-2.11,-1.25,0.26,2411,slab
2413,7,9.45,-2.18,-1.25,0.26,2412,slab
2414,7,11.91,-2.59,-1.76,0.26,2413,slab
2415,7,12.69,-2.75,-1.76,0.26,2414,slab
2416,7,13.8,-2.88,-0.75,0.26,2415,slab
2417,7,14.7,-2.45,-0.5,0.26,2416,slab
2418,7,14.96,-2.2,-0.5,0.26,2417,slab
2419,7,15.83,-1.47,-0.5,0.26,2418,slab
2420,7,16.24,-0.94,0.0,0.26,2419,slab
2421,7,16.76,-0.44,-0.27,0.185,2420,slab
2422,7,17.09,-0.3,-0.27,0.185,2421,slab
2423,7,17.44,-0.58,-0.14,0.15,2422,slab
2424,7,17.32,-2.19,-0.63,0.15,2423,slab
2425,7,17.47,-2.43,-0.63,0.15,2424,slab
2426,7,17.56,-2.95,-0.69,0.15,2425,slab
2427,7,18.18,-3.39,-0.69,0.15,2426,slab
2428,7,18.57,-3.47,-0.01,0.15,2427,end
2429,7,1.24,1.06,-2.44,0.11,1,slab
2430,7,1.69,2.27,-2.44,0.11,2429,slab
2431,7,4.76,5.72,-2.94,0.11,2430,slab
2432,7,4.89,5.89,-2.94,0.11,2431,slab
2433,7,5.24,6.54,-3.44,0.11,2432,slab
2434,7,4.68,7.27,-3.44,0.11,2433,slab
2435,7,2.72,8.18,-3.44,0.11,2434,slab
2436,7,2.3,8.59,-4.0,0.11,2435,slab
2437,7,1.95,9.88,-4.44,0.11,2436,slab
2438,7,1.82,10.72,-4.44,0.11,2437,slab
2439,7,2.01,11.6,-4.59,0.11,2438,slab
2440,7,1.67,11.98,-5.15,0.11,2439,slab
2441,7,1.43,13.26,-5.15,0.11,2440,slab
2442,7,2.56,17.21,-5.15,0.11,2441,slab
2443,7,2.66,17.7,-5.15,0.11,2442,slab
2444,7,3.18,19.64,-5.5,0.11,2443,slab
2445,7,3.45,19.98,-5.5,0.11,2444,slab
2446,7,4.36,20.92,-5.5,0.11,2445,slab
2447,7,4.62,21.17,-5.5,0.11,2446,slab
2448,7,5.01,21.61,-5.5,0.11,2447,slab
2449,7,5.04,22.21,-5.94,0.11,2448,slab
2450,7,5.08,23.43,-5.94,0.11,2449,slab
2451,7,5.17,23.82,-6.25,0.11,2450,slab
2452,7,5.41,24.99,-6.25,0.11,2451,slab
2453,7,5.19,25.86,-6.25,0.11,2452,slab
2454,7,4.5,26.51,-6.25,0.11,2453,slab
2455,7,3.38,26.95,-6.25,0.11,2454,slab
2456,7,3.06,27.93,-6.67,0.11,2455,slab
2457,7,2.87,28.49,-6.67,0.11,2456,slab
2458,7,2.28,29.53,-7.0,0.11,2457,slab
2459,7,2.1,29.67,-7.0,0.11,2458,slab
2460,7,0.73,31.9,-5.34,0.035,2459,slab
2461,7,0.8,32.7,-5.34,0.035,2460,slab
2462,7,0.6,33.25,-5.28,0.075,2461,slab
2463,7,0.45,33.48,-5.28,0.075,2462,branch
2464,7,0.27,36.08,-4.69,0.15,2463,slab
2465,7,0.1,36.73,-5.09,0.15,2464,slab
2466,7,0.0,36.75,-5.09,0.15,2465,slab
2467,7,-0.35,37.43,-5.5,0.15,2466,slab
2468,7,-0.96,38.39,-5.94,0.15,2467,slab
2469,7,-1.48,38.79,-5.94,0.15,2468,slab
2470,7,-2.0,39.2,-5.94,0.15,2469,slab
2471,7,-2.65,39.54,-6.3,0.15,2470,slab
2472,7,-3.65,40.16,-6.63,0.15,2471,slab
2473,7,-4.21,40.89,-6.63,0.15,2472,slab
2474,7,-5.14,41.8,-6.75,0.15,2473,end
2475,7,0.36,35.03,-6.38,0.035,2463,slab
2476,7,0.88,35.54,-6.38,0.035,2475,slab
2477,7,1.43,35.74,-7.59,0.035,2476,slab
2478,7,1.67,36.4,-7.59,0.035,2477,slab
2479,7,1.93,37.16,-8.05,0.035,2478,slab
2480,7,2.01,37.56,-8.05,0.035,2479,slab
2481,7,2.08,38.36,-8.43,0.075,2480,slab
2482,7,1.61,39.07,-8.43,0.075,2481,slab
2483,7,0.99,39.5,-8.43,0.075,2482,slab
2484,7,0.32,39.74,-8.5,0.075,2483,slab
2485,7,0.49,40.53,-8.68,0.075,2484,slab
2486,7,0.59,41.02,-8.89,0.075,2485,slab
2487,7,0.12,41.73,-8.89,0.075,2486,slab
2488,7,-0.19,42.11,-8.3,0.075,2487,slab
2489,7,-0.99,43.19,-8.59,0.075,2488,slab
2490,7,-1.96,44.3,-8.8,0.075,2489,slab
2491,7,-2.73,44.56,-8.8,0.075,2490,slab
2492,7,-2.88,44.8,-8.75,0.075,2491,slab
2493,7,-2.84,47.45,-8.59,0.075,2492,branch
2494,7,-4.17,48.85,-8.59,0.075,2493,slab
2495,7,-4.35,48.99,-8.64,0.075,2494,slab
2496,7,-4.48,50.35,-9.09,0.075,2495,slab
2497,7,-4.73,50.6,-9.09,0.075,2496,slab
2498,7,-5.37,51.46,-8.25,0.075,2497,slab
2499,7,-5.7,51.83,-7.75,0.075,2498,slab
2500,7,-6.13,52.23,-7.75,0.075,2499,slab
2501,7,-6.38,52.48,-7.75,0.075,2500,slab
2502,7,-6.68,52.54,-7.34,0.075,2501,slab
2503,7,-8.19,52.66,-7.34,0.075,2502,slab
2504,7,-9.28,52.78,-7.05,0.075,2503,slab
2505,7,-10.27,52.48,-7.05,0.075,2504,slab
2506,7,-11.32,52.28,-6.92,0.075,2505,slab
2507,7,-13.07,52.24,-6.92,0.075,2506,slab
2508,7,-14.01,52.14,-6.84,0.075,2507,slab
2509,7,-15.14,51.14,-6.84,0.075,2508,slab
2510,7,-15.82,50.36,-6.8,0.075,2509,slab
2511,7,-16.31,49.96,-6.8,0.075,2510,end
2512,7,-3.37,49.8,-9.55,0.075,2493,slab
2513,7,-3.2,50.6,-9.0,0.075,2512,slab
2514,7,-2.89,52.06,-9.0,0.075,2513,slab
2515,7,-2.81,52.96,-8.55,0.075,2514,slab
2516,7,-2.36,54.61,-8.55,0.075,2515,slab
2517,7,-2.39,55.94,-8.34,0.075,2516,slab
2518,7,-2.59,57.41,-8.34,0.075,2517,slab
2519,7,-2.61,57.82,-8.34,0.075,2518,slab
2520,7,-2.36,59.51,-9.05,0.075,2519,slab
2521,7,-2.43,60.65,-9.05,0.075,2520,slab
2522,7,-2.71,61.72,-8.5,0.075,2521,slab
2523,7,-3.08,62.93,-8.34,0.075,2522,slab
2524,7,-3.6,63.85,-8.3,0.075,2523,end
2525,7,1.9,0.82,-3.5,0.185,1,slab
2526,7,3.83,0.73,-3.5,0.185,2525,slab
2527,7,5.71,0.94,-3.5,0.185,2526,slab
2528,7,6.36,1.11,-3.5,0.185,2527,slab
2529,7,7.11,1.26,-3.5,0.185,2528,slab
2530,7,8.38,1.49,-3.75,0.185,2529,slab
2531,7,8.68,1.52,-3.94,0.185,2530,slab
2532,7,9.4,1.48,-3.69,0.185,2531,slab
2533,7,9.69,1.42,-3.69,0.185,2532,slab
2534,7,10.76,0.19,-4.19,0.185,2533,slab
2535,7,11.29,-0.21,-4.19,0.185,2534,slab
2536,7,12.03,-1.08,-4.59,0.185,2535,slab
2537,7,12.65,-1.51,-4.59,0.185,2536,slab
2538,7,13.68,-2.45,-5.03,0.185,2537,slab
2539,7,13.99,-2.92,-5.03,0.185,2538,slab
2540,7,14.3,-3.9,-5.28,0.185,2539,slab
2541,7,14.2,-4.39,-5.15,0.185,2540,slab
2542,7,14.06,-4.57,-5.15,0.185,2541,branch
2543,7,12.79,-5.73,-3.83,0.035,2542,slab
2544,7,12.69,-6.22,-3.83,0.035,2543,slab
2545,7,13.54,-7.02,-3.65,0.035,2544,slab
2546,7,13.86,-7.49,-3.44,0.035,2545,slab
2547,7,15.63,-8.78,-2.94,0.075,2546,slab
2548,7,16.39,-9.55,-2.77,0.075,2547,slab
2549,7,16.88,-9.65,-2.77,0.075,2548,slab
2550,7,17.09,-9.59,-2.77,0.075,2549,slab
2551,7,17.54,-9.9,-3.27,0.075,2550,slab
2552,7,17.83,-10.46,-2.69,0.075,2551,slab
2553,7,18.44,-11.0,-2.69,0.075,2552,slab
2554,7,18.68,-11.26,-2.15,0.075,2553,slab
2555,7,19.37,-11.91,-3.52,0.075,2554,slab
2556,7,20.32,-12.72,-3.77,0.075,2555,slab
2557,7,20.49,-12.87,-3.77,0.075,2556,slab
2558,7,21.15,-13.62,-4.28,0.075,2557,slab
2559,7,21.59,-14.01,-4.28,0.075,2558,slab
2560,7,22.47,-15.12,-3.44,0.075,2559,slab
2561,7,22.57,-16.16,-4.15,0.075,2560,slab
2562,7,22.1,-18.4,-4.5,0.075,2561,slab
2563,7,22.1,-18.4,-4.0,0.075,2562,slab
2564,7,21.68,-18.42,-4.0,0.075,2563,slab
2565,7,21.49,-18.38,-3.83,0.075,2564,end
2566,7,14.94,-5.67,-5.28,0.075,2542,slab
2567,7,16.1,-6.52,-5.28,0.075,2566,slab
2568,7,16.39,-6.59,-5.28,0.075,2567,slab
2569,7,16.71,-6.56,-5.44,0.075,2568,slab
2570,7,17.86,-6.9,-5.44,0.075,2569,slab
2571,7,17.96,-6.92,-5.5,0.075,2570,slab
2572,7,18.54,-7.55,-5.5,0.075,2571,slab
2573,7,19.1,-8.28,-5.15,0.075,2572,slab
2574,7,19.54,-9.6,-5.15,0.075,2573,slab
2575,7,19.96,-10.09,-6.05,0.075,2574,slab
2576,7,20.53,-10.72,-6.05,0.075,2575,slab
2577,7,20.86,-11.61,-6.05,0.075,2576,slab
2578,7,21.07,-12.06,-6.25,0.075,2577,slab
2579,7,22.09,-13.09,-6.5,0.075,2578,slab
2580,7,22.77,-13.74,-6.5,0.075,2579,slab
2581,7,23.39,-14.18,-6.5,0.075,2580,slab
2582,7,24.33,-14.58,-6.59,0.075,2581,slab
2583,7,25.04,-15.03,-6.59,0.075,2582,slab
2584,7,25.48,-15.44,-6.8,0.075,2583,slab
2585,7,25.73,-15.69,-6.8,0.075,2584,slab
2586,7,26.07,-16.48,-7.09,0.075,2585,slab
2587,7,26.53,-16.77,-7.09,0.075,2586,slab
2588,7,27.26,-17.13,-6.8,0.075,2587,slab
2589,7,28.95,-17.39,-6.8,0.075,2588,slab
2590,7,29.54,-17.51,-6.8,0.075,2589,slab
2591,7,30.61,-17.74,-6.63,0.075,2590,slab
2592,7,31.05,-17.62,-6.63,0.075,2591,slab
2593,7,32.19,-17.55,-6.63,0.075,2592,slab
2594,7,32.38,-17.59,-7.05,0.075,2593,slab
2595,7,32.82,-17.89,-7.05,0.075,2594,slab
2596,7,33.21,-18.48,-7.25,0.075,2595,slab
2597,7,33.53,-18.96,-7.25,0.075,2596,slab
2598,7,33.75,-19.31,-7.3,0.075,2597,end
2599,7,-1.32,3.17,-2.11,0.11,1,slab
2600,7,-3.13,5.19,-2.11,0.11,2599,slab
2601,7,-4.0,5.48,-2.49,0.11,2600,slab
2602,7,-4.35,5.75,-2.49,0.11,2601,slab
2603,7,-4.5,6.5,-3.24,0.11,2602,slab
2604,7,-4.52,6.91,-3.24,0.11,2603,slab
2605,7,-3.75,7.67,-3.61,0.11,2604,slab
2606,7,-3.1,7.84,-3.61,0.11,2605,slab
2607,7,-2.79,8.28,-5.55,0.11,2606,slab
2608,7,-2.59,9.78,-5.55,0.11,2607,slab
2609,7,-3.05,12.94,-6.05,0.11,2608,slab
2610,7,-3.48,14.77,-6.01,0.11,2609,slab
2611,7,-4.19,16.76,-5.85,0.11,2610,slab
2612,7,-4.32,18.11,-5.85,0.11,2611,slab
2613,7,-5.2,20.75,-6.46,0.11,2612,slab
2614,7,-5.14,21.04,-6.05,0.11,2613,branch
2615,7,-6.77,21.07,-6.96,0.11,2614,slab
2616,7,-7.1,21.45,-6.96,0.11,2615,slab
2617,7,-7.83,22.83,-7.46,0.11,2616,slab
2618,7,-8.39,24.07,-7.46,0.11,2617,slab
2619,7,-9.26,25.78,-7.71,0.11,2618,slab
2620,7,-10.08,27.18,-7.71,0.11,2619,slab
2621,7,-10.65,27.91,-7.51,0.11,2620,slab
2622,7,-11.17,28.83,-7.51,0.11,2621,slab
2623,7,-11.33,29.07,-7.51,0.11,2622,slab
2624,7,-11.3,29.68,-7.46,0.11,2623,branch
2625,7,-10.58,30.65,-8.64,0.11,2624,slab
2626,7,-10.23,31.4,-8.06,0.11,2625,slab
2627,7,-10.08,31.58,-8.06,0.11,2626,slab
2628,7,-10.05,31.26,-9.56,0.11,2627,slab
2629,7,-11.14,31.49,-9.89,0.11,2628,slab
2630,7,-11.85,32.46,-9.97,0.11,2629,slab
2631,7,-12.14,32.51,-9.97,0.11,2630,slab
2632,7,-12.24,32.53,-9.97,0.11,2631,end
2633,7,-14.61,30.48,-8.1,0.11,2624,slab
2634,7,-16.04,31.49,-8.1,0.11,2633,slab
2635,7,-17.04,32.51,-7.76,0.11,2634,slab
2636,7,-18.18,33.47,-8.56,0.11,2635,branch
2637,7,-18.95,34.14,-7.8,0.075,2636,slab
2638,7,-19.7,35.01,-7.3,0.075,2637,slab
2639,7,-19.95,35.26,-7.39,0.075,2638,slab
2640,7,-20.04,35.28,-7.39,0.075,2639,end
2641,7,-20.93,33.02,-9.1,0.075,2636,slab
2642,7,-22.22,33.19,-9.27,0.075,2641,slab
2643,7,-23.31,33.83,-9.27,0.075,2642,slab
2644,7,-24.16,34.21,-9.64,0.075,2643,slab
2645,7,-24.53,34.8,-9.64,0.075,2644,slab
2646,7,-24.8,35.47,-10.02,0.075,2645,slab
2647,7,-24.76,36.17,-10.02,0.075,2646,slab
2648,7,-24.74,36.78,-10.02,0.075,2647,slab
2649,7,-24.97,37.14,-10.02,0.075,2648,slab
2650,7,-25.26,37.7,-10.02,0.075,2649,slab
2651,7,-25.55,38.28,-10.31,0.075,2650,slab
2652,7,-25.77,39.15,-10.31,0.075,2651,slab
2653,7,-25.79,39.56,-10.64,0.075,2652,slab
2654,7,-25.73,39.85,-10.64,0.075,2653,slab
2655,7,-25.6,40.03,-10.64,0.075,2654,slab
2656,7,-25.3,39.96,-11.31,0.075,2655,slab
2657,7,-25.14,39.72,-11.85,0.075,2656,slab
2658,7,-24.85,39.16,-11.85,0.075,2657,end
2659,7,-4.15,21.35,-7.64,0.075,2614,slab
2660,7,-3.56,22.24,-8.06,0.075,2659,slab
2661,7,-3.5,23.05,-8.31,0.075,2660,slab
2662,7,-3.99,23.56,-8.31,0.075,2661,slab
2663,7,-3.9,24.05,-8.31,0.075,2662,slab
2664,7,-2.97,24.57,-8.64,0.075,2663,slab
2665,7,-2.69,24.92,-8.64,0.075,2664,slab
2666,7,-3.23,25.75,-9.27,0.075,2665,slab
2667,7,-3.81,26.9,-9.27,0.075,2666,slab
2668,7,-3.87,28.12,-9.72,0.075,2667,slab
2669,7,-3.64,29.21,-9.72,0.075,2668,slab
2670,7,-3.06,31.03,-9.77,0.075,2669,slab
2671,7,-2.95,32.03,-9.77,0.075,2670,slab
2672,7,-2.64,33.49,-10.27,0.075,2671,slab
2673,7,-2.02,34.49,-10.27,0.075,2672,slab
2674,7,-1.24,34.83,-10.64,0.075,2673,slab
2675,7,0.35,36.24,-11.27,0.11,2674,slab
2676,7,0.94,36.12,-11.27,0.11,2675,slab
2677,7,3.36,35.92,-10.39,0.11,2676,slab
2678,7,4.74,35.73,-10.1,0.11,2677,slab
2679,7,5.35,35.71,-10.1,0.11,2678,slab
2680,7,6.13,35.54,-10.06,0.11,2679,branch
2681,7,8.23,33.37,-9.52,0.035,2680,slab
2682,7,9.05,32.89,-9.52,0.035,2681,slab
2683,7,9.54,32.79,-9.97,0.035,2682,slab
2684,7,10.56,32.78,-10.1,0.035,2683,end
2685,7,6.36,36.63,-9.56,0.075,2680,slab
2686,7,6.66,37.07,-10.14,0.075,2685,slab
2687,7,7.06,37.5,-10.27,0.075,2686,slab
2688,7,7.79,38.06,-10.27,0.075,2687,slab
2689,7,8.22,38.17,-10.52,0.075,2688,slab
2690,7,9.05,37.79,-10.64,0.075,2689,slab
2691,7,9.66,37.26,-10.64,0.075,2690,end
2692,7,0.14,4.43,-1.18,0.185,1,slab
2693,7,0.69,8.51,-0.81,0.185,2692,slab
2694,7,0.92,10.09,-0.81,0.185,2693,slab
2695,7,0.92,11.11,-0.18,0.185,2694,slab
2696,7,1.08,11.89,-0.18,0.185,2695,slab
2697,7,1.48,13.76,-1.23,0.11,2696,slab
2698,7,1.74,15.03,-1.23,0.11,2697,slab
2699,7,1.74,15.54,-0.48,0.11,2698,slab
2700,7,1.77,16.14,-0.48,0.11,2699,slab
2701,7,1.81,16.34,-0.18,0.11,2700,slab
2702,7,1.56,17.11,-0.06,0.11,2701,slab
2703,7,1.01,18.86,-0.06,0.11,2702,slab
2704,7,0.56,19.15,-0.06,0.11,2703,slab
2705,7,0.43,20.0,0.0,0.11,2704,slab
2706,7,0.98,21.21,-0.06,0.15,2705,slab
2707,7,1.17,22.09,-0.48,0.15,2706,slab
2708,7,1.45,22.96,-0.48,0.15,2707,slab
2709,7,1.48,23.56,-0.18,0.15,2708,slab
2710,7,1.31,24.21,-0.18,0.15,2709,slab
2711,7,0.79,25.14,0.23,0.15,2710,slab
2712,7,0.66,25.47,0.23,0.15,2711,slab
2713,7,0.8,26.16,0.23,0.15,2712,slab
2714,7,1.02,27.23,-0.62,0.15,2713,slab
2715,7,1.11,27.62,-0.62,0.15,2714,slab
2716,7,2.83,28.59,-1.48,0.11,2715,branch
2717,7,5.42,29.17,-1.68,0.035,2716,slab
2718,7,5.84,29.29,-1.68,0.035,2717,branch
2719,7,7.8,28.88,-1.68,0.035,2718,slab
2720,7,8.92,28.85,-1.56,0.035,2719,slab
2721,7,9.23,28.88,-1.56,0.035,2720,slab
2722,7,10.15,30.33,-2.32,0.075,2721,slab
2723,7,10.37,30.9,-2.32,0.075,2722,slab
2724,7,12.29,33.26,-2.42,0.075,2723,slab
2725,7,12.94,33.94,-2.42,0.075,2724,slab
2726,7,14.68,34.9,-2.07,0.075,2725,slab
2727,7,15.29,35.39,-1.75,0.075,2726,slab
2728,7,15.89,36.8,-1.68,0.075,2727,slab
2729,7,15.72,36.93,-1.68,0.075,2728,slab
2730,7,16.51,37.78,-1.68,0.075,2729,slab
2731,7,16.73,37.85,-1.68,0.075,2730,slab
2732,7,17.38,38.53,-1.5,0.075,2731,slab
2733,7,17.48,39.02,-1.25,0.075,2732,slab
2734,7,17.99,40.96,-0.98,0.075,2733,branch
2735,7,19.03,42.98,-0.87,0.075,2734,slab
2736,7,19.26,43.13,-0.87,0.075,2735,slab
2737,7,20.48,44.11,-0.87,0.075,2736,slab
2738,7,20.62,44.28,-1.23,0.075,2737,slab
2739,7,21.39,45.04,-1.23,0.075,2738,slab
2740,7,21.75,45.28,-1.48,0.075,2739,slab
2741,7,22.85,46.16,-1.48,0.075,2740,slab
2742,7,23.51,46.85,-1.75,0.075,2741,slab
2743,7,24.02,47.35,-1.75,0.075,2742,slab
2744,7,24.46,47.97,-1.75,0.075,2743,slab
2745,7,25.13,48.75,-2.23,0.075,2744,slab
2746,7,25.54,49.69,-1.73,0.075,2745,slab
2747,7,25.32,50.15,-1.75,0.075,2746,slab
2748,7,25.0,50.52,-1.75,0.075,2747,slab
2749,7,24.74,50.78,-2.82,0.075,2748,slab
2750,7,24.42,51.25,-2.82,0.075,2749,slab
2751,7,24.45,51.35,-3.13,0.075,2750,slab
2752,7,24.77,51.9,-3.13,0.075,2751,slab
2753,7,25.53,52.15,-3.13,0.075,2752,slab
2754,7,25.84,52.59,-3.76,0.075,2753,slab
2755,7,25.99,52.87,-3.76,0.075,2754,slab
2756,7,26.88,53.7,-3.76,0.075,2755,slab
2757,7,26.9,53.8,-4.42,0.075,2756,slab
2758,7,26.63,53.95,-4.63,0.075,2757,slab
2759,7,26.54,53.56,-4.63,0.075,2758,slab
2760,7,26.52,53.47,-4.63,0.075,2759,slab
2761,7,27.29,53.2,-4.76,0.075,2760,slab
2762,7,27.97,53.06,-4.76,0.075,2761,slab
2763,7,28.95,52.86,-4.76,0.075,2762,slab
2764,7,30.07,52.83,-4.98,0.075,2763,slab
2765,7,30.6,52.93,-4.98,0.075,2764,slab
2766,7,30.91,52.96,-4.42,0.075,2765,end
2767,7,17.02,43.19,-0.12,0.075,2734,slab
2768,7,17.01,43.61,-0.98,0.075,2767,slab
2769,7,17.74,44.68,-0.98,0.075,2768,slab
2770,7,18.09,45.33,-1.06,0.075,2769,slab
2771,7,18.21,45.91,-1.06,0.075,2770,slab
2772,7,18.82,46.4,-1.43,0.075,2771,slab
2773,7,19.65,47.45,-1.43,0.075,2772,slab
2774,7,20.09,48.58,-1.43,0.075,2773,slab
2775,7,20.25,48.86,-1.43,0.075,2774,slab
2776,7,20.13,49.29,-0.87,0.075,2775,end
2777,7,4.85,29.9,-3.98,0.11,2718,slab
2778,7,4.53,31.3,-3.98,0.11,2777,slab
2779,7,4.47,31.52,-3.98,0.11,2778,slab
2780,7,4.32,32.27,-4.23,0.11,2779,slab
2781,7,4.67,33.42,-4.23,0.11,2780,slab
2782,7,4.7,33.61,-4.23,0.11,2781,slab
2783,7,4.45,34.38,-4.23,0.11,2782,slab
2784,7,4.29,35.03,-4.23,0.11,2783,slab
2785,7,4.37,35.42,-4.88,0.11,2784,end
2786,7,3.24,29.52,-1.48,0.11,2716,branch
2787,7,3.54,31.0,-1.87,0.11,2786,slab
2788,7,5.36,31.84,-1.98,0.11,2787,slab
2789,7,5.57,31.9,-3.42,0.11,2788,slab
2790,7,6.5,31.91,-3.42,0.11,2789,slab
2791,7,7.46,32.12,-3.42,0.11,2790,slab
2792,7,8.15,33.0,-3.42,0.11,2791,slab
2793,7,8.84,33.87,-1.73,0.035,2792,end
2794,7,3.28,29.72,-1.48,0.11,2786,branch
2795,7,6.5,30.48,-2.07,0.075,2794,slab
2796,7,6.64,32.09,-2.32,0.075,2795,slab
2797,7,6.68,33.81,-1.75,0.035,2796,slab
2798,7,6.61,34.44,-1.75,0.035,2797,slab
2799,7,7.21,35.34,-1.75,0.035,2798,slab
2800,7,7.45,36.0,-1.75,0.035,2799,slab
2801,7,8.14,36.37,-2.01,0.075,2800,slab
2802,7,8.69,36.56,-2.01,0.075,2801,slab
2803,7,9.5,37.01,-1.48,0.075,2802,slab
2804,7,10.45,37.62,-1.68,0.075,2803,slab
2805,7,10.49,37.82,-1.68,0.075,2804,slab
2806,7,10.14,39.12,-1.68,0.075,2805,slab
2807,7,9.92,39.98,-1.48,0.075,2806,slab
2808,7,10.55,41.07,-1.37,0.075,2807,slab
2809,7,10.42,42.43,-1.37,0.075,2808,slab
2810,7,10.44,43.45,-1.37,0.075,2809,slab
2811,7,10.19,44.22,-0.68,0.075,2810,slab
2812,7,9.99,44.77,-0.68,0.075,2811,slab
2813,7,9.65,45.55,-0.48,0.075,2812,end
2814,7,3.43,29.99,-1.48,0.11,2794,end
2815,7,0.41,3.97,-2.44,0.075,1,slab
2816,7,0.38,9.19,-2.33,0.075,2815,slab
2817,7,-0.83,13.01,-2.33,0.075,2816,slab
2818,7,-0.77,13.82,-2.83,0.075,2817,slab
2819,7,-1.2,14.21,-2.77,0.075,2818,slab
2820,7,-1.86,14.45,-2.15,0.11,2819,slab
2821,7,-1.6,15.72,-2.08,0.11,2820,slab
2822,7,-1.3,16.18,-2.08,0.11,2821,slab
2823,7,-1.77,16.88,-1.75,0.11,2822,slab
2824,7,-2.02,17.14,-1.75,0.11,2823,slab
2825,7,-2.32,18.12,-1.75,0.11,2824,slab
2826,7,-2.41,19.16,-1.76,0.11,2825,slab
2827,7,-2.3,20.68,-1.76,0.11,2826,slab
2828,7,-2.21,21.58,-2.4,0.11,2827,slab
2829,7,-2.29,22.21,-2.4,0.11,2828,slab
2830,7,-2.56,22.36,-2.25,0.11,2829,slab
2831,7,-3.84,22.63,-2.25,0.11,2830,branch
2832,7,-5.68,24.55,-3.58,0.11,2831,slab
2833,7,-6.01,24.92,-3.58,0.11,2832,slab
2834,7,-6.69,25.58,-3.94,0.11,2833,slab
2835,7,-7.18,25.68,-3.94,0.11,2834,slab
2836,7,-8.24,25.49,-3.94,0.11,2835,slab
2837,7,-8.96,25.43,-3.94,0.11,2836,slab
2838,7,-9.81,25.31,-4.03,0.11,2837,slab
2839,7,-11.14,25.28,-4.03,0.11,2838,slab
2840,7,-11.77,25.21,-3.15,0.11,2839,slab
2841,7,-12.26,25.31,-3.15,0.11,2840,slab
2842,7,-13.04,25.99,-3.15,0.11,2841,slab
2843,7,-13.96,26.49,-2.83,0.11,2842,slab
2844,7,-14.06,26.5,-2.83,0.11,2843,slab
2845,7,-14.69,26.43,-2.83,0.11,2844,slab
2846,7,-15.29,26.46,-2.77,0.11,2845,slab
2847,7,-16.17,26.64,-2.77,0.11,2846,slab
2848,7,-17.24,26.86,-2.77,0.11,2847,slab
2849,7,-17.95,27.42,-2.58,0.11,2848,slab
2850,7,-18.29,28.21,-2.58,0.11,2849,slab
2851,7,-18.47,28.85,-2.58,0.11,2850,slab
2852,7,-18.74,29.52,-2.58,0.11,2851,slab
2853,7,-19.22,30.13,-2.58,0.11,2852,slab
2854,7,-20.16,30.53,-2.58,0.11,2853,slab
2855,7,-20.53,30.72,-2.33,0.11,2854,slab
2856,7,-21.0,30.92,-2.33,0.11,2855,slab
2857,7,-21.43,31.31,-2.33,0.11,2856,slab
2858,7,-22.3,32.51,-2.25,0.11,2857,slab
2859,7,-22.36,32.73,-2.25,0.11,2858,slab
2860,7,-22.64,33.31,-2.25,0.11,2859,slab
2861,7,-22.64,33.82,-2.94,0.11,2860,slab
2862,7,-22.72,34.44,-2.94,0.11,2861,slab
2863,7,-22.65,34.74,-2.94,0.11,2862,slab
2864,7,-22.6,35.03,-3.4,0.11,2863,slab
2865,7,-22.73,35.37,-3.4,0.11,2864,slab
2866,7,-24.19,36.18,-3.58,0.11,2865,slab
2867,7,-25.93,36.64,-3.58,0.11,2866,slab
2868,7,-26.62,36.79,-3.58,0.11,2867,end
2869,7,-3.22,25.05,-3.15,0.11,2831,slab
2870,7,-3.45,25.92,-3.15,0.11,2869,slab
2871,7,-4.01,26.65,-4.03,0.11,2870,slab
2872,7,-4.99,27.37,-4.03,0.11,2871,slab
2873,7,-5.82,28.26,-4.25,0.11,2872,slab
2874,7,-5.99,28.4,-4.25,0.11,2873,slab
2875,7,-5.74,29.16,-4.25,0.11,2874,slab
2876,7,-5.68,29.45,-4.59,0.11,2875,slab
2877,7,-6.07,30.04,-4.94,0.11,2876,slab
2878,7,-6.29,30.4,-4.94,0.11,2877,slab
2879,7,-6.37,31.03,-4.94,0.11,2878,slab
2880,7,-6.32,31.22,-5.25,0.11,2879,slab
2881,7,-6.28,32.44,-5.69,0.11,2880,slab
2882,7,-6.1,32.8,-5.69,0.11,2881,slab
2883,7,-5.97,33.4,-5.94,0.11,2882,slab
2884,7,-5.53,35.04,-6.17,0.11,2883,slab
2885,7,-5.4,35.62,-6.17,0.11,2884,slab
2886,7,-5.54,36.47,-6.38,0.11,2885,slab
2887,7,-5.62,36.59,-6.59,0.11,2886,slab
2888,7,-6.2,36.71,-6.59,0.11,2887,slab
2889,7,-6.65,37.01,-6.59,0.11,2888,slab
2890,7,-7.04,37.6,-6.59,0.11,2889,slab
2891,7,-7.07,38.42,-6.63,0.11,2890,slab
2892,7,-7.4,38.8,-6.63,0.11,2891,slab
2893,7,-8.26,39.09,-6.63,0.11,2892,slab
2894,7,-9.24,39.29,-6.84,0.11,2893,slab
2895,7,-9.96,40.25,-7.75,0.075,2894,slab
2896,7,-10.23,40.93,-7.75,0.075,2895,slab
2897,7,-10.28,41.65,-8.14,0.075,2896,slab
2898,7,-10.63,41.92,-8.14,0.075,2897,slab
2899,7,-11.31,42.07,-8.43,0.075,2898,slab
2900,7,-11.35,42.38,-8.43,0.075,2899,slab
2901,7,-11.53,43.03,-8.43,0.075,2900,slab
2902,7,-11.46,43.33,-8.8,0.075,2901,slab
2903,7,-11.08,43.66,-8.8,0.075,2902,slab
2904,7,-11.03,43.95,-9.09,0.075,2903,slab
2905,7,-11.18,44.19,-9.39,0.075,2904,slab
2906,7,-12.02,44.56,-9.39,0.075,2905,slab
2907,7,-13.07,44.89,-9.39,0.075,2906,slab
2908,7,-13.46,44.97,-9.75,0.075,2907,slab
2909,7,-14.11,44.81,-11.89,0.075,2908,slab
2910,7,-14.61,45.83,-11.89,0.075,2909,slab
2911,7,-14.81,46.38,-11.89,0.075,2910,slab
2912,7,-15.27,47.6,-12.0,0.075,2911,slab
2913,7,-15.57,48.58,-12.0,0.075,2912,slab
2914,7,-15.62,49.31,-12.18,0.075,2913,end
2915,7,-1.47,2.63,-3.15,0.15,1,slab
2916,7,-3.41,2.62,-3.15,0.15,2915,slab
2917,7,-4.89,2.93,-3.15,0.15,2916,slab
2918,7,-5.12,3.29,-3.15,0.15,2917,slab
2919,7,-5.53,3.78,-3.15,0.15,2918,slab
2920,7,-7.05,5.73,-3.58,0.15,2919,slab
2921,7,-7.12,5.95,-3.58,0.15,2920,slab
2922,7,-7.88,7.13,-3.58,0.15,2921,slab
2923,7,-8.59,7.69,-3.9,0.15,2922,slab
2924,7,-10.12,8.21,-3.4,0.15,2923,slab
2925,7,-11.94,8.79,-2.94,0.15,2924,slab
2926,7,-12.79,8.57,-2.94,0.15,2925,slab
2927,7,-13.91,8.6,-2.94,0.15,2926,slab
2928,7,-14.58,8.84,-3.9,0.15,2927,slab
2929,7,-15.06,9.96,-3.9,0.15,2928,slab
2930,7,-15.27,9.9,-3.9,0.15,2929,slab
2931,7,-16.39,9.93,-3.9,0.15,2930,slab
2932,7,-17.06,9.66,-3.9,0.15,2931,branch
2933,7,-15.77,11.44,-3.9,0.075,2932,slab
2934,7,-15.74,11.63,-4.19,0.075,2933,slab
2935,7,-16.33,12.16,-4.19,0.075,2934,slab
2936,7,-16.77,12.57,-4.09,0.075,2935,slab
2937,7,-17.38,13.51,-4.09,0.075,2936,slab
2938,7,-17.83,14.31,-3.77,0.075,2937,slab
2939,7,-18.62,15.4,-4.19,0.075,2938,slab
2940,7,-18.83,15.86,-4.19,0.075,2939,slab
2941,7,-18.93,16.39,-4.19,0.075,2940,slab
2942,7,-18.98,17.11,-3.75,0.075,2941,slab
2943,7,-19.21,17.97,-3.52,0.075,2942,slab
2944,7,-19.75,18.81,-3.52,0.075,2943,slab
2945,7,-20.41,19.56,-3.52,0.075,2944,slab
2946,7,-21.09,20.21,-4.09,0.075,2945,slab
2947,7,-21.65,20.94,-4.09,0.075,2946,slab
2948,7,-22.16,21.45,-4.09,0.075,2947,slab
2949,7,-22.43,21.61,-4.69,0.075,2948,slab
2950,7,-23.0,21.32,-4.69,0.075,2949,slab
2951,7,-23.46,21.12,-5.5,0.075,2950,slab
2952,7,-24.12,20.85,-5.5,0.075,2951,slab
2953,7,-25.01,20.0,-6.17,0.075,2952,slab
2954,7,-26.29,20.28,-5.69,0.075,2953,slab
2955,7,-27.23,20.67,-5.69,0.075,2954,slab
2956,7,-28.59,21.47,-5.19,0.075,2955,slab
2957,7,-29.12,21.89,-5.0,0.075,2956,slab
2958,7,-29.8,22.54,-5.0,0.075,2957,slab
2959,7,-30.13,22.91,-4.65,0.075,2958,slab
2960,7,-30.54,23.41,-4.65,0.075,2959,slab
2961,7,-30.81,24.08,-4.59,0.075,2960,slab
2962,7,-31.58,25.26,-4.59,0.075,2961,slab
2963,7,-32.96,25.96,-4.28,0.075,2962,slab
2964,7,-33.05,26.07,-4.25,0.075,2963,slab
2965,7,-33.12,26.19,-4.25,0.075,2964,slab
2966,7,-33.22,26.21,-4.25,0.075,2965,slab
2967,7,-33.3,26.33,-4.65,0.075,2966,slab
2968,7,-33.4,26.35,-4.75,0.075,2967,slab
2969,7,-33.01,27.71,-4.15,0.035,2968,slab
2970,7,-33.02,28.12,-4.15,0.035,2969,slab
2971,7,-33.59,26.91,-4.15,0.035,2970,slab
2972,7,-33.98,26.48,-4.15,0.035,2971,slab
2973,7,-35.27,26.64,-4.15,0.035,2972,slab
2974,7,-35.88,26.67,-4.15,0.035,2973,slab
2975,7,-35.98,26.69,-4.15,0.035,2974,end
2976,7,-20.47,10.48,-4.03,0.075,2932,slab
2977,7,-21.15,10.62,-3.83,0.075,2976,branch
2978,7,-23.0,12.03,-4.0,0.075,2977,slab
2979,7,-23.34,12.41,-4.0,0.075,2978,slab
2980,7,-23.76,12.8,-4.28,0.075,2979,slab
2981,7,-24.0,13.16,-4.28,0.075,2980,slab
2982,7,-24.2,13.6,-4.34,0.075,2981,slab
2983,7,-24.2,14.62,-4.34,0.075,2982,slab
2984,7,-24.19,15.13,-3.9,0.075,2983,slab
2985,7,-24.64,15.94,-3.9,0.075,2984,slab
2986,7,-25.21,16.67,-3.83,0.075,2985,slab
2987,7,-26.78,17.92,-3.83,0.075,2986,slab
2988,7,-27.95,18.67,-3.83,0.075,2987,slab
2989,7,-29.06,19.22,-3.83,0.075,2988,slab
2990,7,-30.01,19.11,-3.83,0.075,2989,slab
2991,7,-30.75,18.96,-3.9,0.075,2990,slab
2992,7,-30.85,18.97,-4.0,0.075,2991,branch
2993,7,-36.31,22.16,-4.0,0.075,2992,slab
2994,7,-39.24,23.8,-3.52,0.075,2993,slab
2995,7,-39.55,24.27,-3.52,0.075,2994,slab
2996,7,-40.33,25.45,-3.52,0.075,2995,slab
2997,7,-40.58,25.71,-3.52,0.075,2996,slab
2998,7,-41.92,26.6,-3.52,0.075,2997,slab
2999,7,-42.92,27.22,-3.52,0.075,2998,slab
3000,7,-43.09,27.36,-3.52,0.075,2999,slab
3001,7,-43.31,27.81,-3.52,0.075,3000,slab
3002,7,-44.0,29.38,-3.52,0.075,3001,slab
3003,7,-44.6,30.44,-3.65,0.075,3002,slab
3004,7,-45.24,31.28,-3.65,0.075,3003,slab
3005,7,-45.41,31.93,-3.44,0.075,3004,slab
3006,7,-45.69,33.01,-3.44,0.075,3005,slab
3007,7,-45.8,34.46,-3.25,0.075,3006,slab
3008,7,-45.94,34.8,-3.25,0.075,3007,slab
3009,7,-45.87,35.09,-3.25,0.075,3008,slab
3010,7,-46.0,35.94,-3.25,0.075,3009,slab
3011,7,-46.37,36.62,-3.25,0.075,3010,slab
3012,7,-46.51,36.96,-3.25,0.075,3011,slab
3013,7,-46.62,37.39,-3.25,0.075,3012,slab
3014,7,-46.79,38.04,-3.4,0.075,3013,slab
3015,7,-47.02,38.39,-3.4,0.075,3014,slab
3016,7,-48.11,39.03,-3.4,0.075,3015,slab
3017,7,-48.59,39.23,-3.44,0.075,3016,slab
3018,7,-48.86,39.39,-3.44,0.075,3017,slab
3019,7,-49.13,39.56,-4.03,0.075,3018,slab
3020,7,-49.86,40.93,-4.03,0.075,3019,slab
3021,7,-49.92,41.14,-4.15,0.075,3020,slab
3022,7,-50.27,41.42,-4.15,0.075,3021,end
3023,7,-32.04,17.19,-4.0,0.035,2992,slab
3024,7,-32.18,16.5,-4.4,0.035,3023,slab
3025,7,-32.27,16.1,-4.4,0.035,3024,slab
3026,7,-32.41,15.42,-4.4,0.035,3025,slab
3027,7,-33.24,14.88,-4.44,0.035,3026,slab
3028,7,-34.47,14.32,-4.44,0.035,3027,slab
3029,7,-35.01,14.23,-4.44,0.035,3028,slab
3030,7,-35.94,13.7,-4.44,0.035,3029,slab
3031,7,-36.55,13.23,-5.0,0.035,3030,slab
3032,7,-36.86,12.67,-5.15,0.035,3031,slab
3033,7,-37.3,12.05,-5.15,0.035,3032,slab
3034,7,-38.02,11.59,-5.28,0.035,3033,slab
3035,7,-38.53,11.08,-5.28,0.035,3034,slab
3036,7,-38.91,10.75,-5.65,0.035,3035,slab
3037,7,-39.54,10.67,-5.65,0.035,3036,slab
3038,7,-40.37,11.05,-5.69,0.035,3037,slab
3039,7,-40.96,11.18,-5.69,0.035,3038,slab
3040,7,-42.14,11.43,-5.9,0.035,3039,slab
3041,7,-42.43,11.48,-6.17,0.035,3040,end
3042,7,-24.39,10.78,-5.4,0.075,2977,branch
3043,7,-27.51,10.01,-5.28,0.075,3042,slab
3044,7,-28.01,10.11,-5.28,0.075,3043,slab
3045,7,-30.2,10.36,-5.34,0.075,3044,slab
3046,7,-30.59,10.45,-5.34,0.075,3045,slab
3047,7,-32.16,10.78,-5.53,0.075,3046,slab
3048,7,-32.55,10.85,-5.53,0.075,3047,slab
3049,7,-33.47,12.79,-5.9,0.075,3048,slab
3050,7,-34.68,13.34,-5.9,0.075,3049,slab
3051,7,-34.97,13.41,-6.05,0.075,3050,slab
3052,7,-35.56,13.53,-6.05,0.075,3051,slab
3053,7,-35.1,14.25,-6.55,0.075,3052,slab
3054,7,-35.42,14.72,-6.55,0.075,3053,slab
3055,7,-35.69,15.39,-6.13,0.075,3054,slab
3056,7,-35.71,15.81,-5.65,0.075,3055,slab
3057,7,-35.65,16.51,-5.65,0.075,3056,slab
3058,7,-35.57,16.9,-5.59,0.075,3057,slab
3059,7,-34.85,17.46,-5.15,0.075,3058,slab
3060,7,-34.71,17.64,-5.15,0.075,3059,end
3061,7,-23.9,15.08,-6.13,0.075,3042,slab
3062,7,-23.75,15.76,-6.25,0.075,3061,slab
3063,7,-23.0,16.42,-6.25,0.075,3062,slab
3064,7,-22.48,18.97,-6.25,0.075,3063,slab
3065,7,-22.39,19.36,-6.25,0.075,3064,slab
3066,7,-22.32,20.16,-6.25,0.075,3065,slab
3067,7,-22.3,21.28,-6.25,0.075,3066,slab
3068,7,-22.58,22.87,-6.25,0.075,3067,branch
3069,7,-24.7,24.95,-6.13,0.075,3068,slab
3070,7,-25.84,25.38,-6.13,0.075,3069,slab
3071,7,-26.94,25.93,-5.94,0.075,3070,slab
3072,7,-28.03,26.15,-5.9,0.075,3071,slab
3073,7,-28.63,26.18,-5.9,0.075,3072,slab
3074,7,-29.39,25.92,-5.9,0.075,3073,slab
3075,7,-29.56,25.65,-5.9,0.075,3074,end
3076,7,-21.0,23.56,-6.67,0.075,3068,slab
3077,7,-20.88,24.15,-6.59,0.075,3076,slab
3078,7,-20.74,24.83,-6.59,0.075,3077,slab
3079,7,-20.62,25.42,-6.59,0.075,3078,slab
3080,7,-20.84,26.79,-6.09,0.075,3079,slab
3081,7,-21.4,28.03,-6.09,0.075,3080,slab
3082,7,-21.97,29.69,-6.05,0.075,3081,slab
3083,7,-22.31,30.47,-6.88,0.075,3082,slab
3084,7,-22.7,31.07,-6.88,0.075,3083,slab
3085,7,-22.92,31.52,-7.0,0.075,3084,slab
3086,7,-23.05,32.36,-7.0,0.075,3085,slab
3087,7,-23.0,33.07,-7.25,0.075,3086,end
3088,7,-1.51,2.93,-2.75,0.11,1,slab
3089,7,-3.51,2.14,-2.69,0.11,3088,slab
3090,7,-4.53,2.65,-2.69,0.11,3089,slab
3091,7,-5.31,3.32,-2.5,0.11,3090,slab
3092,7,-5.74,3.72,-2.5,0.11,3091,slab
3093,7,-6.17,5.04,-2.02,0.11,3092,slab
3094,7,-6.66,6.16,-2.02,0.11,3093,slab
3095,7,-7.18,7.09,-2.77,0.11,3094,slab
3096,7,-7.28,7.62,-3.33,0.11,3095,slab
3097,7,-7.66,8.72,-3.33,0.11,3096,slab
3098,7,-7.63,9.32,-3.83,0.075,3097,slab
3099,7,-7.85,9.78,-3.83,0.075,3098,end
3100,7,1.77,2.16,-2.02,0.15,1,slab
3101,7,4.87,4.26,-2.08,0.15,3100,slab
3102,7,5.6,4.83,-2.08,0.15,3101,slab
3103,7,6.49,6.17,-2.75,0.15,3102,slab
3104,7,7.0,6.68,-3.25,0.15,3103,slab
3105,7,8.18,6.44,-3.58,0.15,3104,slab
3106,7,8.85,4.76,-3.25,0.15,3105,slab
3107,7,8.75,4.79,-3.25,0.15,3106,branch
3108,7,9.66,3.27,-3.25,0.15,3107,slab
3109,7,10.05,3.18,-3.69,0.15,3108,slab
3110,7,10.46,3.2,-3.69,0.15,3109,slab
3111,7,11.5,2.77,-3.75,0.15,3110,slab
3112,7,11.87,2.6,-3.75,0.15,3111,slab
3113,7,13.28,1.49,-4.0,0.15,3112,slab
3114,7,14.29,1.4,-4.0,0.15,3113,slab
3115,7,15.14,1.12,-4.5,0.15,3114,slab
3116,7,15.36,1.18,-4.5,0.15,3115,slab
3117,7,15.93,1.44,-4.65,0.15,3116,slab
3118,7,16.31,2.29,-4.65,0.15,3117,slab
3119,7,17.21,3.22,-4.65,0.15,3118,slab
3120,7,17.55,3.87,-4.03,0.15,3119,slab
3121,7,17.99,5.5,-3.65,0.11,3120,slab
3122,7,18.4,6.45,-3.33,0.11,3121,slab
3123,7,19.13,7.52,-3.33,0.11,3122,slab
3124,7,19.27,7.69,-3.02,0.11,3123,branch
3125,7,24.99,12.12,-3.19,0.11,3124,slab
3126,7,25.62,12.7,-3.4,0.11,3125,slab
3127,7,26.61,13.51,-3.4,0.11,3126,slab
3128,7,27.15,14.12,-3.77,0.11,3127,slab
3129,7,28.28,15.1,-3.77,0.11,3128,slab
3130,7,28.79,15.61,-3.77,0.11,3129,slab
3131,7,29.72,16.64,-4.19,0.11,3130,slab
3132,7,30.14,17.17,-3.75,0.11,3131,slab
3133,7,30.4,17.42,-3.75,0.11,3132,slab
3134,7,30.61,17.99,-3.4,0.11,3133,slab
3135,7,30.71,18.48,-3.4,0.11,3134,slab
3136,7,30.76,18.68,-3.4,0.11,3135,slab
3137,7,31.36,18.65,-3.19,0.11,3136,slab
3138,7,32.15,18.49,-3.19,0.11,3137,slab
3139,7,32.89,18.64,-2.83,0.11,3138,slab
3140,7,33.67,19.4,-2.83,0.11,3139,slab
3141,7,33.83,19.67,-2.52,0.11,3140,branch
3142,7,36.49,21.16,-2.02,0.075,3141,slab
3143,7,37.12,21.74,-1.95,0.075,3142,end
3144,7,34.21,18.57,-3.0,0.075,3141,slab
3145,7,35.68,17.75,-2.44,0.075,3144,slab
3146,7,35.78,17.73,-2.44,0.075,3145,end
3147,7,18.86,10.63,-2.9,0.075,3124,slab
3148,7,19.03,11.42,-2.33,0.075,3147,slab
3149,7,19.6,11.71,-1.95,0.075,3148,slab
3150,7,21.12,13.13,-1.88,0.075,3149,slab
3151,7,22.12,13.53,-1.88,0.075,3150,slab
3152,7,23.45,13.97,-2.52,0.075,3151,slab
3153,7,24.21,14.22,-2.52,0.075,3152,slab
3154,7,24.76,14.42,-2.75,0.075,3153,end
3155,7,10.19,7.25,-2.52,0.075,3107,slab
3156,7,10.63,8.88,-2.58,0.075,3155,slab
3157,7,11.07,9.51,-2.58,0.075,3156,slab
3158,7,11.72,10.19,-2.15,0.075,3157,slab
3159,7,13.73,12.93,-2.4,0.075,3158,slab
3160,7,14.43,13.4,-2.4,0.075,3159,slab
3161,7,15.15,13.86,-2.4,0.075,3160,slab
3162,7,15.44,14.83,-2.02,0.075,3161,slab
3163,7,15.53,15.22,-2.02,0.075,3162,slab
3164,7,15.95,15.75,-2.02,0.075,3163,slab
3165,7,16.91,16.46,-2.27,0.075,3164,slab
3166,7,17.27,16.69,-2.27,0.075,3165,slab
3167,7,17.73,16.9,-2.77,0.075,3166,slab
3168,7,18.17,17.12,-2.77,0.075,3167,slab
3169,7,19.2,17.62,-3.4,0.075,3168,slab
3170,7,19.67,17.93,-3.4,0.075,3169,slab
3171,7,20.27,18.31,-4.15,0.075,3170,slab
3172,7,20.36,18.3,-4.15,0.075,3171,slab
3173,7,21.07,18.25,-4.69,0.075,3172,slab
3174,7,21.73,18.0,-4.69,0.075,3173,slab
3175,7,21.93,17.46,-4.69,0.075,3174,slab
3176,7,21.88,16.75,-5.03,0.075,3175,slab
3177,7,21.96,16.63,-5.03,0.075,3176,slab
3178,7,22.19,16.79,-5.03,0.075,3177,slab
3179,7,23.1,17.21,-5.25,0.075,3178,slab
3180,7,23.51,17.23,-5.25,0.075,3179,slab
3181,7,24.31,17.16,-5.65,0.075,3180,slab
3182,7,25.09,17.0,-5.65,0.075,3181,slab
3183,7,25.55,16.7,-5.9,0.075,3182,slab
3184,7,25.74,16.66,-5.9,0.075,3183,branch
3185,7,27.12,16.88,-6.75,0.075,3184,slab
3186,7,27.51,16.8,-6.09,0.075,3185,slab
3187,7,28.05,16.48,-6.09,0.075,3186,slab
3188,7,29.46,15.88,-5.78,0.075,3187,slab
3189,7,29.32,15.2,-5.84,0.075,3188,slab
3190,7,29.3,15.1,-5.84,0.075,3189,end
3191,7,27.65,19.43,-5.5,0.075,3184,slab
3192,7,28.61,20.15,-5.5,0.075,3191,slab
3193,7,29.19,20.44,-5.9,0.075,3192,slab
3194,7,29.19,20.44,-6.5,0.075,3193,slab
3195,7,29.47,21.29,-6.5,0.075,3194,slab
3196,7,29.61,21.98,-6.5,0.075,3195,slab
3197,7,29.73,22.56,-7.09,0.075,3196,slab
3198,7,29.32,23.06,-7.09,0.075,3197,slab
3199,7,28.61,23.52,-7.59,0.075,3198,slab
3200,7,28.43,23.66,-7.59,0.075,3199,slab
3201,7,28.08,24.44,-7.67,0.075,3200,slab
3202,7,28.27,25.32,-7.67,0.075,3201,slab
3203,7,28.53,26.09,-7.67,0.075,3202,slab
3204,7,28.84,26.63,-7.88,0.075,3203,slab
3205,7,29.18,26.77,-7.88,0.075,3204,slab
3206,7,29.56,27.1,-7.88,0.075,3205,slab
3207,7,29.9,27.75,-7.88,0.035,3206,slab
3208,7,30.03,29.35,-7.88,0.035,3207,end
3209,7,1.61,1.88,-1.63,0.185,1,slab
3210,7,2.49,2.21,-1.95,0.185,3209,slab
3211,7,3.94,1.8,-1.95,0.185,3210,slab
3212,7,4.81,2.54,-1.95,0.185,3211,slab
3213,7,5.94,3.53,-2.33,0.185,3212,slab
3214,7,6.62,3.9,-2.33,0.185,3213,slab
3215,7,7.63,4.3,-2.4,0.185,3214,slab
3216,7,8.7,4.99,-1.51,0.185,3215,slab
3217,7,8.99,5.45,-1.51,0.185,3216,slab
3218,7,9.36,7.2,-1.38,0.185,3217,slab
3219,7,9.49,7.8,-1.51,0.185,3218,slab
3220,7,9.67,9.19,-1.51,0.185,3219,slab
3221,7,10.51,10.24,-1.38,0.185,3220,slab
3222,7,10.6,12.16,-1.38,0.185,3221,slab
3223,7,10.79,13.04,-1.38,0.185,3222,slab
3224,7,11.24,13.76,-1.38,0.185,3223,slab
3225,7,11.46,14.33,-1.83,0.185,3224,slab
3226,7,11.58,15.43,-1.83,0.185,3225,slab
3227,7,11.6,16.45,-1.58,0.185,3226,slab
3228,7,11.57,17.79,-1.01,0.185,3227,slab
3229,7,13.42,19.74,-1.08,0.075,3228,slab
3230,7,14.08,20.01,-1.08,0.075,3229,slab
3231,7,14.77,20.38,-1.08,0.075,3230,slab
3232,7,15.77,20.78,-1.08,0.075,3231,slab
3233,7,16.59,21.22,-1.08,0.075,3232,slab
3234,7,16.81,21.39,-1.08,0.075,3233,branch
3235,7,18.41,21.66,-2.19,0.075,3234,slab
3236,7,19.87,22.79,-1.7,0.075,3235,slab
3237,7,20.51,23.37,-1.7,0.075,3236,slab
3238,7,21.0,23.78,-1.7,0.075,3237,slab
3239,7,21.69,24.14,-1.51,0.075,3238,slab
3240,7,22.23,24.34,-1.51,0.075,3239,slab
3241,7,22.62,24.26,-1.83,0.035,3240,slab
3242,7,23.12,24.66,-1.83,0.035,3241,slab
3243,7,23.78,25.34,-1.83,0.035,3242,slab
3244,7,23.99,25.41,-1.5,0.035,3243,slab
3245,7,24.46,25.71,-1.5,0.035,3244,slab
3246,7,24.68,25.77,-1.83,0.035,3245,slab
3247,7,25.01,25.9,-1.83,0.035,3246,slab
3248,7,25.27,26.15,-1.58,0.035,3247,slab
3249,7,25.69,26.68,-1.58,0.035,3248,slab
3250,7,25.93,26.83,-1.58,0.035,3249,slab
3251,7,26.36,26.95,-1.58,0.035,3250,slab
3252,7,26.63,27.3,-1.38,0.035,3251,slab
3253,7,26.82,27.68,-1.38,0.035,3252,end
3254,7,17.45,24.42,-1.38,0.075,3234,slab
3255,7,17.57,25.01,-1.75,0.075,3254,slab
3256,7,17.76,25.89,-1.83,0.075,3255,slab
3257,7,17.53,26.75,-1.83,0.075,3256,slab
3258,7,17.28,27.51,-2.33,0.075,3257,slab
3259,7,17.17,27.95,-2.33,0.075,3258,slab
3260,7,17.01,28.19,-2.44,0.075,3259,slab
3261,7,17.01,28.7,-2.44,0.075,3260,end
3262,7,1.51,1.91,-2.25,0.22,1,slab
3263,7,3.32,4.18,-3.15,0.22,3262,slab
3264,7,4.14,5.23,-4.15,0.22,3263,slab
3265,7,5.13,5.54,-4.15,0.22,3264,slab
3266,7,5.25,5.62,-5.28,0.22,3265,slab
3267,7,3.4,7.02,-5.9,0.22,3266,slab
3268,7,3.32,8.57,-5.9,0.22,3267,slab
3269,7,4.22,8.48,-6.3,0.22,3268,slab
3270,7,4.6,9.84,-6.3,0.22,3269,slab
3271,7,4.27,10.21,-6.3,0.22,3270,slab
3272,7,4.3,10.82,-6.3,0.22,3271,slab
3273,7,2.95,12.23,-6.3,0.22,3272,slab
3274,7,2.27,12.88,-6.3,0.22,3273,slab
3275,7,1.44,14.28,-6.84,0.22,3274,slab
3276,7,1.11,14.65,-6.84,0.22,3275,slab
3277,7,0.29,15.13,-7.13,0.22,3276,slab
3278,7,-0.59,15.32,-7.17,0.22,3277,slab
3279,7,-2.4,15.79,-7.17,0.22,3278,slab
3280,7,-2.77,15.97,-7.17,0.22,3279,slab
3281,7,-3.39,16.41,-7.38,0.22,3280,slab
3282,7,-4.81,17.93,-7.38,0.22,3281,slab
3283,7,-6.65,18.93,-7.75,0.22,3282,slab
3284,7,-7.29,19.27,-7.8,0.22,3283,slab
3285,7,-8.27,19.47,-7.09,0.11,3284,branch
3286,7,-9.18,21.5,-7.09,0.11,3285,slab
3287,7,-9.71,21.91,-7.09,0.11,3286,slab
3288,7,-10.49,22.59,-6.92,0.11,3287,slab
3289,7,-10.56,22.7,-6.92,0.11,3288,slab
3290,7,-10.4,23.49,-6.67,0.11,3289,slab
3291,7,-10.16,24.16,-7.55,0.11,3290,slab
3292,7,-10.24,24.69,-7.55,0.11,3291,slab
3293,7,-10.87,25.63,-7.84,0.11,3292,slab
3294,7,-11.15,24.77,-9.25,0.11,3293,slab
3295,7,-11.61,26.5,-9.64,0.11,3294,slab
3296,7,-11.73,27.35,-9.64,0.11,3295,slab
3297,7,-11.83,28.39,-9.93,0.11,3296,slab
3298,7,-11.88,29.11,-10.05,0.11,3297,slab
3299,7,-11.91,29.42,-10.05,0.11,3298,slab
3300,7,-12.61,30.49,-10.34,0.11,3299,slab
3301,7,-12.7,30.51,-10.43,0.11,3300,slab
3302,7,-12.56,31.2,-10.43,0.11,3301,slab
3303,7,-13.63,32.95,-11.75,0.11,3302,slab
3304,7,-13.3,34.01,-11.75,0.11,3303,slab
3305,7,-13.14,34.79,-12.34,0.11,3304,slab
3306,7,-13.04,35.28,-12.34,0.11,3305,slab
3307,7,-13.15,36.22,-12.34,0.11,3306,slab
3308,7,-13.61,37.44,-12.93,0.11,3307,slab
3309,7,-13.64,37.75,-13.09,0.11,3308,slab
3310,7,-13.8,37.99,-13.09,0.11,3309,slab
3311,7,-12.4,39.34,-15.53,0.11,3310,slab
3312,7,-13.81,39.43,-15.53,0.11,3311,slab
3313,7,-14.35,39.23,-15.53,0.11,3312,slab
3314,7,-14.91,39.04,-15.86,0.11,3313,slab
3315,7,-16.46,38.95,-16.19,0.11,3314,slab
3316,7,-16.89,38.85,-16.19,0.11,3315,slab
3317,7,-18.57,37.66,-16.87,0.11,3316,end
3318,7,-11.45,20.85,-7.38,0.11,3285,slab
3319,7,-12.38,21.35,-7.17,0.11,3318,branch
3320,7,-12.73,23.57,-7.13,0.075,3319,slab
3321,7,-12.84,24.51,-7.13,0.075,3320,slab
3322,7,-12.69,25.19,-7.13,0.075,3321,slab
3323,7,-12.91,25.65,-7.67,0.075,3322,slab
3324,7,-13.96,26.49,-7.67,0.075,3323,slab
3325,7,-15.05,27.63,-7.3,0.075,3324,slab
3326,7,-15.11,27.84,-7.3,0.075,3325,slab
3327,7,-15.4,28.42,-7.3,0.075,3326,slab
3328,7,-15.82,28.81,-7.3,0.075,3327,slab
3329,7,-17.53,30.91,-7.3,0.075,3328,slab
3330,7,-18.13,31.44,-7.3,0.075,3329,slab
3331,7,-19.15,31.45,-7.3,0.075,3330,slab
3332,7,-19.6,31.24,-7.05,0.075,3331,slab
3333,7,-20.0,30.81,-7.05,0.075,3332,slab
3334,7,-20.24,30.65,-7.05,0.075,3333,slab
3335,7,-21.81,32.92,-8.14,0.075,3334,slab
3336,7,-22.49,33.58,-8.25,0.075,3335,slab
3337,7,-23.54,34.41,-8.55,0.075,3336,slab
3338,7,-24.24,34.97,-8.84,0.075,3337,slab
3339,7,-25.1,35.75,-8.84,0.075,3338,slab
3340,7,-26.59,36.88,-8.89,0.075,3339,end
3341,7,-16.09,21.21,-8.05,0.075,3319,slab
3342,7,-16.96,20.87,-8.05,0.075,3341,slab
3343,7,-18.2,20.83,-8.5,0.075,3342,slab
3344,7,-18.95,20.68,-8.5,0.075,3343,slab
3345,7,-20.4,20.58,-8.89,0.075,3344,slab
3346,7,-21.54,20.5,-8.89,0.075,3345,slab
3347,7,-22.91,20.79,-9.14,0.075,3346,slab
3348,7,-23.56,21.13,-9.14,0.075,3347,slab
3349,7,-24.79,21.09,-9.18,0.075,3348,slab
3350,7,-25.4,21.11,-9.34,0.075,3349,slab
3351,7,-26.68,22.29,-9.34,0.075,3350,slab
3352,7,-27.75,23.03,-9.34,0.075,3351,slab
3353,7,-28.63,23.72,-9.59,0.075,3352,slab
3354,7,-28.96,24.1,-9.59,0.075,3353,slab
3355,7,-28.97,25.53,-8.55,0.075,3354,slab
3356,7,-29.43,26.75,-8.39,0.075,3355,slab
3357,7,-29.95,27.68,-8.34,0.075,3356,slab
3358,7,-30.55,28.72,-8.3,0.075,3357,slab
3359,7,-31.58,29.65,-8.3,0.075,3358,slab
3360,7,-32.71,30.6,-8.25,0.075,3359,end
