node_id,label,x,y,z,radius,parent_id,type
1,1,0.0,0.0,0.0,5.823,-1,root
2,1,0.29,-0.15,1.35,5.697,1,slab
3,1,0.27,-0.25,2.57,4.72,2,slab
4,1,0.0,-0.65,3.57,4.715,3,branch
5,7,0.29,3.38,3.77,0.26,4,slab
6,7,1.48,5.34,3.77,0.26,5,slab
7,7,2.16,5.78,3.83,0.26,6,slab
8,7,3.07,7.23,3.83,0.26,7,slab
9,7,2.79,8.72,3.47,0.185,8,slab
10,7,1.11,10.42,3.57,0.185,9,slab
11,7,-0.29,12.56,3.77,0.075,10,slab
12,7,-0.61,13.05,3.77,0.075,11,slab
13,7,-0.76,13.94,3.32,0.075,12,slab
14,7,-1.21,14.81,2.82,0.075,13,slab
15,7,-1.93,15.28,3.44,0.11,14,slab
16,7,-2.45,15.55,3.44,0.11,15,slab
17,7,-2.11,16.78,3.22,0.11,16,slab
18,7,-2.09,18.28,3.13,0.11,17,slab
19,7,-2.07,19.68,2.82,0.11,18,slab
20,7,-2.02,20.48,2.82,0.11,19,slab
21,7,-2.05,21.09,2.47,0.11,20,slab
22,7,-1.97,21.48,2.47,0.11,21,slab
23,7,-1.6,22.01,2.19,0.11,22,slab
24,7,-0.93,22.64,1.97,0.11,23,slab
25,7,-0.46,23.17,1.97,0.11,24,slab
26,7,0.28,23.91,1.82,0.11,25,branch
27,7,0.0,25.39,2.53,0.035,26,slab
28,7,-0.03,25.99,2.32,0.035,27,slab
29,7,0.84,26.44,2.32,0.035,28,slab
30,7,2.16,25.91,2.63,0.075,29,slab
31,7,3.36,25.98,2.47,0.075,30,slab
32,7,3.77,25.89,2.47,0.075,31,slab
33,7,4.61,25.34,2.53,0.075,32,slab
34,7,6.0,25.41,2.32,0.035,33,slab
35,7,6.38,25.84,2.03,0.035,34,slab
36,7,6.25,26.33,1.78,0.035,35,slab
37,7,5.2,27.17,1.53,0.035,36,slab
38,7,4.89,27.36,1.53,0.035,37,slab
39,7,4.19,27.32,1.47,0.035,38,slab
40,7,3.39,27.28,1.47,0.035,39,slab
41,7,2.53,28.34,1.47,0.035,40,end
42,7,1.38,25.66,1.53,0.075,26,slab
43,7,2.77,26.04,1.53,0.075,42,slab
44,7,3.16,26.16,1.32,0.075,43,slab
45,7,3.42,26.88,0.88,0.075,44,slab
46,7,3.51,27.08,0.88,0.075,45,slab
47,7,4.19,27.42,0.57,0.075,46,slab
48,7,4.49,27.43,0.22,0.075,47,slab
49,7,5.37,27.78,0.22,0.075,48,slab
50,7,5.46,27.99,0.22,0.075,49,slab
51,7,5.64,28.3,0.22,0.075,50,slab
52,7,6.8,29.06,-0.11,0.075,51,slab
53,7,6.9,29.17,-0.11,0.075,52,slab
54,7,6.9,31.07,-0.17,0.075,53,slab
55,7,6.88,31.27,-0.17,0.075,54,slab
56,7,6.87,31.57,-0.21,0.075,55,slab
57,7,7.5,32.8,-0.41,0.075,56,slab
58,7,8.18,33.35,-0.41,0.075,57,slab
59,7,8.65,33.87,-0.21,0.075,58,slab
60,7,8.73,34.28,-0.21,0.075,59,slab
61,7,9.01,34.69,-0.05,0.075,60,slab
62,7,10.06,35.65,-0.02,0.075,61,slab
63,7,10.29,36.86,0.19,0.075,62,slab
64,7,11.86,37.55,0.44,0.075,63,slab
65,7,12.48,37.08,0.44,0.075,64,slab
66,7,12.8,36.8,0.44,0.075,65,slab
67,7,13.19,36.92,-0.36,0.075,66,slab
68,7,13.88,37.15,-0.7,0.075,67,slab
69,7,14.27,37.28,-0.7,0.075,68,slab
70,7,14.97,37.52,-1.2,0.075,69,slab
71,7,14.95,37.72,-1.66,0.075,70,slab
72,7,15.19,39.03,-1.91,0.075,71,slab
73,7,15.27,39.23,-1.91,0.075,72,slab
74,7,15.66,39.46,-1.91,0.075,73,slab
75,7,15.98,39.18,-2.02,0.075,74,slab
76,7,16.11,38.57,-2.02,0.075,75,slab
77,7,15.94,38.17,-2.02,0.075,76,slab
78,7,16.37,37.29,-2.02,0.075,77,slab
79,7,16.79,37.12,-2.11,0.075,78,slab
80,7,16.79,37.02,-2.11,0.075,79,slab
81,7,16.89,37.01,-2.31,0.075,80,end
82,7,3.23,1.47,4.43,0.185,4,slab
83,7,4.02,1.81,4.37,0.185,82,slab
84,7,5.62,3.6,3.99,0.185,83,slab
85,7,7.08,4.38,3.99,0.185,84,slab
86,7,7.28,4.39,3.99,0.185,85,slab
87,7,7.77,4.62,3.61,0.185,86,branch
88,7,10.14,5.34,3.81,0.11,87,slab
89,7,10.71,5.77,3.11,0.11,88,slab
90,7,11.11,5.8,3.11,0.11,89,end
91,7,8.68,6.37,3.01,0.15,87,slab
92,7,8.9,7.79,3.01,0.15,91,slab
93,7,9.17,8.39,3.07,0.15,92,slab
94,7,9.24,8.9,3.07,0.15,93,slab
95,7,9.72,9.22,3.11,0.15,94,slab
96,7,10.32,9.36,2.76,0.15,95,slab
97,7,10.72,9.48,2.76,0.15,96,slab
98,7,11.1,9.8,3.07,0.15,97,slab
99,7,11.38,10.11,3.07,0.15,98,slab
100,7,11.65,10.63,3.11,0.15,99,slab
101,7,11.83,11.15,3.11,0.15,100,slab
102,7,12.2,11.66,2.61,0.15,101,slab
103,7,12.79,11.89,2.61,0.15,102,slab
104,7,13.09,11.91,2.51,0.15,103,slab
105,7,13.58,12.03,2.51,0.15,104,slab
106,7,13.87,12.25,2.11,0.15,105,slab
107,7,13.85,12.65,2.11,0.15,106,slab
108,7,13.83,13.15,2.11,0.15,107,slab
109,7,13.81,13.35,2.17,0.15,108,slab
110,7,13.98,13.86,2.17,0.15,109,slab
111,7,14.36,14.28,2.98,0.15,110,slab
112,7,14.55,14.49,2.98,0.15,111,slab
113,7,15.54,14.75,3.42,0.15,112,slab
114,7,15.84,14.77,3.42,0.15,113,slab
115,7,16.71,15.31,3.81,0.15,114,slab
116,7,17.69,15.76,3.17,0.075,115,slab
117,7,17.79,15.67,2.82,0.075,116,branch
118,7,18.84,18.43,2.36,0.035,117,slab
119,7,19.32,18.96,2.26,0.035,118,slab
120,7,19.49,19.47,2.26,0.035,119,slab
121,7,19.45,20.27,2.26,0.035,120,slab
122,7,19.51,20.87,1.82,0.035,121,slab
123,7,19.21,22.85,1.57,0.075,122,slab
124,7,19.16,23.65,1.51,0.075,123,slab
125,7,19.14,24.15,1.51,0.075,124,slab
126,7,19.56,25.58,1.51,0.075,125,slab
127,7,20.02,26.4,1.51,0.075,126,slab
128,7,19.84,27.7,0.92,0.075,127,slab
129,7,19.73,27.9,0.92,0.075,128,slab
130,7,18.89,28.65,0.92,0.075,129,slab
131,7,18.17,29.11,0.92,0.075,130,slab
132,7,17.28,28.86,0.32,0.075,131,slab
133,7,16.72,28.14,0.07,0.075,132,slab
134,7,16.22,27.9,0.07,0.075,133,slab
135,7,15.64,27.67,-0.41,0.075,134,slab
136,7,14.94,27.64,-0.41,0.075,135,slab
137,7,13.94,27.58,-0.57,0.075,136,slab
138,7,13.54,27.56,-0.57,0.075,137,slab
139,7,13.04,27.53,-0.01,0.075,138,end
140,7,19.8,17.39,2.76,0.075,117,slab
141,7,20.49,17.52,2.42,0.075,140,slab
142,7,20.79,17.63,2.42,0.075,141,slab
143,7,21.25,18.26,2.42,0.075,142,slab
144,7,21.34,18.67,2.42,0.075,143,slab
145,7,21.61,19.08,2.07,0.075,144,slab
146,7,22.28,19.71,2.07,0.075,145,slab
147,7,22.46,19.93,1.86,0.075,146,slab
148,7,23.35,20.28,1.86,0.075,147,slab
149,7,24.04,20.51,2.17,0.075,148,slab
150,7,24.74,20.55,2.17,0.075,149,slab
151,7,25.25,20.38,2.67,0.075,150,slab
152,7,25.55,20.39,3.01,0.075,151,end
153,7,-0.57,4.49,1.6,0.26,1,slab
154,7,-0.04,5.92,1.23,0.26,153,slab
155,7,0.63,9.96,1.23,0.26,154,slab
156,7,1.94,11.63,0.54,0.26,155,slab
157,7,4.28,14.56,0.19,0.26,156,slab
158,7,5.15,15.31,0.19,0.26,157,slab
159,7,6.14,17.37,0.35,0.185,158,slab
160,7,7.21,17.93,0.35,0.185,159,slab
161,7,7.5,18.14,0.23,0.185,160,slab
162,7,8.57,18.7,0.23,0.185,161,slab
163,7,9.85,19.07,-0.2,0.11,162,slab
164,7,9.96,20.78,-0.41,0.11,163,slab
165,7,10.04,21.18,-0.41,0.11,164,slab
166,7,10.11,21.69,-0.25,0.11,165,slab
167,7,9.79,22.07,-0.25,0.11,166,slab
168,7,9.56,22.56,0.0,0.11,167,slab
169,7,9.45,22.76,0.0,0.11,168,slab
170,7,9.41,23.35,0.0,0.11,169,slab
171,7,10.17,24.3,-0.7,0.11,170,slab
172,7,11.3,25.55,-1.0,0.11,171,slab
173,7,11.78,25.98,-1.54,0.11,172,slab
174,7,12.16,26.5,-1.54,0.11,173,branch
175,7,11.87,28.09,-1.61,0.11,174,slab
176,7,11.3,29.36,-1.61,0.11,175,slab
177,7,10.85,30.14,-2.45,0.11,176,slab
178,7,10.58,31.52,-2.66,0.11,177,slab
179,7,10.56,31.82,-2.66,0.11,178,slab
180,7,10.41,32.82,-2.66,0.11,179,slab
181,7,10.26,33.81,-3.0,0.11,180,slab
182,7,9.94,34.09,-3.0,0.11,181,slab
183,7,9.7,34.79,-3.5,0.11,182,slab
184,7,9.46,35.57,-4.11,0.11,183,slab
185,7,9.23,36.16,-4.11,0.11,184,slab
186,7,8.61,36.43,-4.11,0.11,185,slab
187,7,8.4,36.51,-4.75,0.11,186,slab
188,7,8.29,36.91,-4.75,0.11,187,slab
189,7,8.26,37.31,-5.11,0.11,188,slab
190,7,8.63,39.83,-5.11,0.075,189,slab
191,7,9.05,41.25,-5.28,0.075,190,slab
192,7,9.05,41.35,-5.28,0.075,191,slab
193,7,10.21,42.02,-5.5,0.075,192,slab
194,7,10.69,42.44,-5.5,0.075,193,slab
195,7,11.27,42.88,-5.53,0.075,194,slab
196,7,11.45,43.29,-5.53,0.075,195,slab
197,7,11.79,44.31,-5.69,0.075,196,slab
198,7,11.78,44.61,-5.69,0.075,197,slab
199,7,11.77,44.71,-5.69,0.075,198,end
200,7,14.15,28.42,-2.28,0.075,174,slab
201,7,15.6,29.39,-2.41,0.075,200,slab
202,7,16.18,29.82,-2.5,0.075,201,slab
203,7,16.86,30.36,-2.5,0.075,202,slab
204,7,17.52,30.9,-2.66,0.075,203,slab
205,7,17.9,31.42,-2.66,0.075,204,slab
206,7,18.15,32.34,-2.85,0.075,205,slab
207,7,18.33,34.55,-2.91,0.075,206,slab
208,7,18.57,35.56,-3.03,0.075,207,slab
209,7,18.51,36.86,-3.03,0.075,208,slab
210,7,18.24,38.15,-3.03,0.075,209,slab
211,7,17.99,39.04,-3.16,0.075,210,slab
212,7,17.85,39.73,-3.16,0.075,211,slab
213,7,17.63,40.01,-3.16,0.075,212,slab
214,7,17.61,40.31,-3.16,0.075,213,slab
215,7,18.07,41.25,-3.25,0.075,214,slab
216,7,18.34,41.66,-3.25,0.075,215,slab
217,7,18.18,42.95,-3.25,0.075,216,slab
218,7,18.15,43.45,-3.35,0.075,217,end
219,7,-1.08,3.99,1.61,0.11,1,slab
220,7,-0.64,6.92,0.73,0.11,219,slab
221,7,-0.73,8.72,0.07,0.11,220,slab
222,7,-1.4,10.09,0.07,0.11,221,slab
223,7,-2.49,11.43,-0.33,0.11,222,slab
224,7,-2.7,11.61,-0.33,0.11,223,slab
225,7,-3.76,10.96,-0.37,0.11,224,slab
226,7,-4.04,10.54,-1.03,0.11,225,slab
227,7,-4.82,10.2,-1.03,0.11,226,slab
228,7,-4.84,10.6,-1.03,0.11,227,slab
229,7,-5.34,12.38,-0.87,0.075,228,slab
230,7,-6.59,15.11,-0.87,0.075,229,slab
231,7,-6.91,15.5,-0.82,0.075,230,slab
232,7,-6.72,15.8,-0.82,0.075,231,slab
233,7,-6.06,16.35,-0.07,0.075,232,slab
234,7,-5.17,16.68,-0.07,0.075,233,slab
235,7,-4.98,16.9,0.07,0.075,234,slab
236,7,-4.94,18.1,0.07,0.075,235,slab
237,7,-5.7,19.06,-0.62,0.075,236,slab
238,7,-6.43,19.72,-0.62,0.075,237,slab
239,7,-6.89,20.71,-0.62,0.075,238,slab
240,7,-6.95,21.7,-0.67,0.075,239,slab
241,7,-7.32,23.08,-0.67,0.075,240,slab
242,7,-8.42,25.03,-1.33,0.075,241,slab
243,7,-8.52,25.02,-1.53,0.075,242,end
244,7,0.7,3.88,2.23,0.15,1,slab
245,7,1.35,6.62,2.23,0.15,244,slab
246,7,2.11,12.97,1.5,0.15,245,slab
247,7,2.2,13.27,1.5,0.15,246,slab
248,7,2.46,13.79,1.5,0.15,247,slab
249,7,3.45,15.94,1.48,0.15,248,slab
250,7,3.59,16.95,1.48,0.15,249,slab
251,7,3.9,18.78,1.25,0.15,250,slab
252,7,3.88,19.17,1.25,0.15,251,slab
253,7,3.73,20.07,0.73,0.15,252,slab
254,7,3.92,20.38,0.73,0.15,253,slab
255,7,5.7,22.38,0.98,0.15,254,branch
256,7,5.11,26.05,0.92,0.11,255,slab
257,7,4.55,27.02,0.98,0.11,256,slab
258,7,4.83,27.54,1.5,0.11,257,slab
259,7,5.16,28.85,1.41,0.11,258,slab
260,7,5.31,29.76,1.41,0.11,259,slab
261,7,4.97,30.45,1.41,0.11,260,slab
262,7,4.31,31.51,1.23,0.11,261,slab
263,7,4.19,31.81,0.86,0.11,262,slab
264,7,3.96,32.4,0.86,0.11,263,slab
265,7,3.92,33.2,2.0,0.11,264,slab
266,7,4.33,34.92,2.0,0.11,265,slab
267,7,4.37,35.82,2.23,0.11,266,slab
268,7,4.75,36.35,2.23,0.11,267,slab
269,7,5.13,36.76,2.48,0.11,268,slab
270,7,4.93,38.66,2.48,0.11,269,slab
271,7,4.57,39.74,2.56,0.11,270,end
272,7,7.5,22.57,0.5,0.075,255,slab
273,7,8.05,21.81,1.0,0.075,272,slab
274,7,8.09,20.81,1.5,0.075,273,slab
275,7,8.13,20.2,1.5,0.075,274,slab
276,7,8.17,19.5,1.0,0.075,275,slab
277,7,8.28,19.21,0.41,0.075,276,slab
278,7,8.4,18.92,0.41,0.075,277,slab
279,7,8.55,18.02,0.25,0.075,278,slab
280,7,8.58,17.43,0.25,0.075,279,slab
281,7,8.51,16.82,0.56,0.075,280,slab
282,7,8.53,16.52,0.56,0.075,281,slab
283,7,8.54,16.32,0.75,0.075,282,slab
284,7,8.94,16.34,0.75,0.075,283,slab
285,7,10.07,15.8,0.67,0.075,284,end
286,7,-1.32,4.39,0.86,0.22,1,slab
287,7,-0.64,6.73,0.86,0.22,286,slab
288,7,1.07,9.52,0.86,0.22,287,slab
289,7,1.53,12.15,0.86,0.22,288,slab
290,7,1.07,15.13,0.77,0.22,289,slab
291,7,0.43,15.79,0.11,0.22,290,slab
292,7,0.43,15.89,0.11,0.22,291,slab
293,7,0.21,18.09,-0.03,0.075,292,slab
294,7,0.39,18.59,-0.03,0.075,293,slab
295,7,0.89,20.33,-0.03,0.075,294,slab
296,7,1.16,20.94,-0.03,0.075,295,slab
297,7,2.17,22.7,-0.33,0.11,296,slab
298,7,3.43,23.47,-0.28,0.11,297,slab
299,7,4.0,23.8,0.05,0.11,298,slab
300,7,6.16,24.82,-0.49,0.11,299,slab
301,7,6.84,25.15,-0.53,0.11,300,branch
302,7,7.18,26.28,-0.58,0.075,301,slab
303,7,8.07,28.23,-0.62,0.075,302,slab
304,7,8.16,28.64,-0.99,0.075,303,slab
305,7,8.97,30.27,-1.28,0.075,304,branch
306,7,9.67,32.02,-0.33,0.075,305,slab
307,7,10.11,33.14,-1.12,0.075,306,slab
308,7,10.07,33.84,-1.12,0.075,307,slab
309,7,9.5,35.22,-1.33,0.075,308,slab
310,7,9.28,35.7,-1.58,0.075,309,slab
311,7,9.14,36.29,-0.74,0.075,310,slab
312,7,8.52,36.66,-0.44,0.075,311,slab
313,7,8.21,36.84,-0.44,0.075,312,slab
314,7,6.49,37.06,-0.09,0.075,313,slab
315,7,6.09,37.03,-0.09,0.075,314,branch
316,7,5.05,37.78,-0.33,0.035,315,slab
317,7,4.33,38.23,-0.33,0.035,316,slab
318,7,3.91,38.62,-0.28,0.035,317,slab
319,7,3.95,39.72,-0.58,0.035,318,slab
320,7,4.03,40.13,-0.58,0.035,319,slab
321,7,4.73,41.97,-0.74,0.035,320,slab
322,7,5.01,42.39,-0.74,0.035,321,slab
323,7,5.66,43.42,-0.74,0.035,322,end
324,7,4.52,36.64,0.4,0.075,315,slab
325,7,3.92,36.61,-0.09,0.075,324,slab
326,7,3.29,36.98,-0.09,0.075,325,slab
327,7,2.57,37.45,-0.09,0.075,326,slab
328,7,2.06,37.61,-0.28,0.075,327,slab
329,7,1.75,37.7,-0.28,0.075,328,slab
330,7,1.34,37.87,-0.28,0.075,329,slab
331,7,0.7,38.64,-0.69,0.075,330,slab
332,7,0.7,38.84,-0.87,0.075,331,slab
333,7,1.45,39.48,-1.12,0.075,332,slab
334,7,1.56,39.39,-1.12,0.075,333,end
335,7,10.52,36.68,-0.99,0.075,305,slab
336,7,10.67,37.68,-0.99,0.075,335,slab
337,7,10.62,38.47,-1.28,0.075,336,slab
338,7,10.85,39.89,-1.49,0.075,337,slab
339,7,11.42,40.42,-1.49,0.075,338,slab
340,7,11.52,40.53,-1.49,0.075,339,branch
341,7,11.68,43.04,-1.78,0.075,340,slab
342,7,11.46,43.33,-1.78,0.075,341,slab
343,7,11.05,43.61,-2.03,0.075,342,slab
344,7,10.92,44.1,-2.03,0.075,343,slab
345,7,11.27,45.03,-2.24,0.075,344,slab
346,7,11.25,45.43,-1.94,0.075,345,slab
347,7,11.41,46.13,-1.94,0.075,346,slab
348,7,11.28,46.63,-1.49,0.075,347,slab
349,7,10.85,47.3,-1.49,0.075,348,slab
350,7,10.44,47.58,-1.33,0.075,349,slab
351,7,9.41,48.13,-1.33,0.075,350,end
352,7,13.09,42.92,-1.87,0.035,340,slab
353,7,13.86,43.36,-1.87,0.035,352,slab
354,7,14.23,43.98,-1.74,0.035,353,slab
355,7,14.8,44.61,-1.74,0.035,354,slab
356,7,14.89,44.82,-1.74,0.035,355,end
357,7,7.89,26.02,-0.78,0.11,301,slab
358,7,8.52,27.35,-0.78,0.11,357,slab
359,7,10.91,27.58,-0.78,0.11,358,slab
360,7,11.73,27.32,-0.78,0.11,359,slab
361,7,13.33,27.31,-0.78,0.11,360,slab
362,7,14.33,27.17,-1.19,0.11,361,slab
363,7,14.97,26.7,-0.87,0.11,362,slab
364,7,15.79,26.24,-0.87,0.11,363,slab
365,7,16.21,25.86,-0.74,0.11,364,slab
366,7,16.72,25.59,-0.74,0.11,365,slab
367,7,17.53,25.53,-0.74,0.11,366,slab
368,7,18.43,25.68,-0.74,0.11,367,slab
369,7,18.81,25.9,-0.83,0.11,368,slab
370,7,20.11,25.97,-0.83,0.11,369,slab
371,7,20.53,25.7,-0.83,0.11,370,slab
372,7,21.73,25.76,-0.74,0.11,371,slab
373,7,22.41,26.09,-0.74,0.11,372,slab
374,7,22.99,26.53,-0.62,0.11,373,slab
375,7,23.37,26.85,-0.62,0.11,374,branch
376,7,23.98,28.68,-1.12,0.075,375,slab
377,7,24.03,29.59,-1.12,0.075,376,branch
378,7,24.02,31.49,-1.08,0.035,377,slab
379,7,24.56,32.73,-1.28,0.035,378,slab
380,7,24.95,32.84,-1.28,0.035,379,slab
381,7,25.24,33.06,-1.49,0.035,380,end
382,7,22.52,29.71,-0.49,0.035,377,slab
383,7,22.45,30.9,-1.19,0.035,382,slab
384,7,22.64,31.22,-1.19,0.035,383,slab
385,7,22.79,32.03,-1.62,0.035,384,end
386,7,25.16,27.05,-0.62,0.075,375,slab
387,7,26.66,27.13,-0.62,0.075,386,slab
388,7,27.16,27.15,-0.62,0.075,387,slab
389,7,27.74,27.48,-1.24,0.075,388,slab
390,7,28.32,28.02,-1.24,0.075,389,slab
391,7,28.7,28.34,-1.19,0.075,390,slab
392,7,29.69,28.39,-0.53,0.035,391,slab
393,7,30.01,28.21,-0.49,0.035,392,slab
394,7,30.33,27.73,-0.49,0.035,393,slab
395,7,30.38,26.83,-0.44,0.035,394,slab
396,7,30.48,26.83,-0.37,0.035,395,slab
397,7,32.41,26.33,-0.33,0.035,396,end
398,7,-3.58,3.95,1.07,0.15,1,slab
399,7,-5.13,6.67,0.86,0.15,398,slab
400,7,-6.25,7.12,0.25,0.15,399,slab
401,7,-7.38,7.46,0.25,0.15,400,slab
402,7,-9.22,8.26,-0.14,0.15,401,slab
403,7,-9.74,8.43,-0.14,0.15,402,slab
404,7,-12.34,8.6,-0.67,0.15,403,slab
405,7,-13.06,8.86,-0.67,0.15,404,slab
406,7,-14.13,10.0,-0.87,0.15,405,slab
407,7,-14.35,10.48,-0.87,0.15,406,slab
408,7,-14.46,12.48,-0.49,0.15,407,slab
409,7,-14.37,12.69,-0.49,0.15,408,slab
410,7,-15.5,13.23,-0.18,0.15,409,slab
411,7,-16.14,13.89,-0.18,0.15,410,slab
412,7,-16.77,14.56,-0.74,0.15,411,slab
413,7,-17.6,15.11,-0.74,0.15,412,slab
414,7,-18.53,15.47,-0.23,0.15,413,slab
415,7,-19.14,15.83,-0.23,0.15,414,slab
416,7,-20.08,16.39,-0.01,0.15,415,slab
417,7,-20.72,17.05,-0.37,0.15,416,slab
418,7,-20.84,19.35,-0.67,0.075,417,slab
419,7,-20.78,20.15,-0.67,0.075,418,slab
420,7,-20.61,20.66,-0.74,0.075,419,slab
421,7,-20.17,21.79,-0.74,0.075,420,slab
422,7,-20.0,22.39,-0.99,0.075,421,slab
423,7,-20.02,22.8,-0.99,0.075,422,slab
424,7,-20.49,24.07,-0.49,0.075,423,slab
425,7,-20.6,24.37,-0.49,0.075,424,branch
426,7,-20.52,24.67,-0.49,0.075,425,slab
427,7,-20.36,25.38,-0.49,0.075,426,slab
428,7,-19.98,25.7,-0.49,0.075,427,slab
429,7,-19.29,25.95,-1.12,0.075,428,slab
430,7,-18.89,25.96,-1.12,0.075,429,slab
431,7,-18.59,25.98,-1.28,0.075,430,slab
432,7,-18.41,26.28,-1.28,0.075,431,slab
433,7,-18.23,26.7,-1.28,0.075,432,slab
434,7,-18.07,27.31,-1.83,0.075,433,slab
435,7,-17.51,28.04,-1.83,0.075,434,slab
436,7,-17.05,29.07,-2.07,0.075,435,slab
437,7,-16.89,29.58,-2.07,0.075,436,slab
438,7,-16.62,30.19,-2.07,0.075,437,branch
439,7,-16.02,32.12,-1.74,0.035,438,slab
440,7,-16.24,32.52,-1.74,0.035,439,slab
441,7,-16.66,32.99,-1.49,0.035,440,slab
442,7,-16.59,33.4,-1.49,0.035,441,slab
443,7,-16.03,34.13,-1.49,0.035,442,slab
444,7,-15.2,35.57,-1.28,0.035,443,slab
445,7,-14.56,36.52,-1.12,0.035,444,slab
446,7,-14.18,37.03,-1.12,0.035,445,slab
447,7,-13.71,37.66,-1.12,0.035,446,slab
448,7,-12.76,38.61,-1.58,0.075,447,slab
449,7,-12.58,38.82,-0.99,0.075,448,slab
450,7,-12.41,39.43,-0.99,0.075,449,slab
451,7,-12.66,40.32,-0.99,0.075,450,slab
452,7,-13.44,41.78,-0.99,0.075,451,slab
453,7,-13.58,42.57,-0.92,0.075,452,slab
454,7,-13.6,42.87,-0.92,0.075,453,end
455,7,-14.03,30.63,-2.49,0.075,438,slab
456,7,-13.31,31.87,-2.24,0.075,455,slab
457,7,-13.04,32.59,-2.24,0.075,456,slab
458,7,-13.08,33.29,-2.49,0.075,457,slab
459,7,-13.11,33.89,-2.49,0.075,458,slab
460,7,-12.92,34.1,-2.49,0.075,459,slab
461,7,-12.03,34.44,-2.67,0.075,460,slab
462,7,-11.75,34.66,-2.67,0.075,461,slab
463,7,-11.36,34.89,-2.28,0.075,462,slab
464,7,-11.26,34.88,-2.28,0.075,463,slab
465,7,-10.8,35.62,-2.78,0.075,464,slab
466,7,-10.43,36.23,-2.78,0.075,465,slab
467,7,-10.26,36.64,-2.78,0.075,466,slab
468,7,-10.08,37.06,-2.88,0.075,467,branch
469,7,-10.77,38.72,-1.87,0.035,468,slab
470,7,-11.12,39.7,-1.74,0.035,469,end
471,7,-9.3,37.4,-3.88,0.075,468,slab
472,7,-9.15,38.51,-3.88,0.075,471,slab
473,7,-9.19,39.01,-3.28,0.075,472,slab
474,7,-9.22,39.61,-3.28,0.075,473,slab
475,7,-9.25,40.21,-3.07,0.075,474,slab
476,7,-8.87,40.72,-3.49,0.075,475,end
477,7,-21.35,25.13,-0.67,0.075,425,slab
478,7,-22.07,27.49,-1.53,0.075,477,slab
479,7,-22.32,28.29,-1.53,0.075,478,slab
480,7,-22.51,29.98,-1.62,0.075,479,slab
481,7,-22.55,30.67,-2.24,0.075,480,slab
482,7,-22.8,31.66,-2.24,0.075,481,slab
483,7,-23.45,32.53,-2.24,0.075,482,slab
484,7,-23.78,33.01,-2.49,0.075,483,slab
485,7,-23.9,35.21,-2.49,0.075,484,slab
486,7,-24.06,36.3,-2.99,0.075,485,slab
487,7,-24.19,36.99,-2.99,0.075,486,slab
488,7,-23.94,37.81,-2.99,0.075,487,slab
489,7,-23.7,38.92,-2.99,0.075,488,slab
490,7,-23.57,40.23,-2.13,0.075,489,slab
491,7,-22.87,42.07,-2.07,0.075,490,slab
492,7,-22.61,42.79,-2.07,0.075,491,slab
493,7,-22.17,44.01,-2.28,0.075,492,slab
494,7,-22.0,44.52,-2.49,0.075,493,slab
495,7,-21.6,46.45,-2.07,0.075,494,branch
496,7,-20.96,47.58,-1.99,0.075,495,slab
497,7,-20.93,48.89,-2.78,0.075,496,slab
498,7,-21.09,49.88,-2.82,0.075,497,slab
499,7,-21.7,51.95,-3.03,0.075,498,slab
500,7,-21.93,52.54,-3.03,0.075,499,slab
501,7,-22.27,53.32,-3.28,0.075,500,end
502,7,-20.38,46.21,-1.74,0.035,495,slab
503,7,-19.98,46.24,-2.49,0.035,502,slab
504,7,-19.7,46.45,-2.49,0.035,503,slab
505,7,-19.27,47.88,-2.07,0.035,504,slab
506,7,-19.04,48.98,-2.07,0.035,505,slab
507,7,-18.96,49.49,-1.78,0.035,506,slab
508,7,-18.99,50.09,-2.49,0.075,507,slab
509,7,-18.47,51.43,-2.57,0.075,508,slab
510,7,-18.22,52.53,-2.57,0.075,509,slab
511,7,-18.04,54.55,-2.03,0.075,510,end
512,1,0.55,-0.02,-1.18,5.318,1,slab
513,1,0.45,0.14,-2.74,4.72,512,branch
514,7,-4.99,-1.5,-1.74,0.11,513,slab
515,7,-6.97,-3.8,-1.58,0.11,514,slab
516,7,-8.8,-5.31,-1.49,0.11,515,slab
517,7,-9.28,-5.63,-1.49,0.11,516,slab
518,7,-9.48,-5.43,-2.23,0.11,517,slab
519,7,-11.41,-6.74,-2.1,0.11,518,slab
520,7,-13.57,-7.45,-1.94,0.11,519,branch
521,7,-14.02,-6.57,-2.14,0.11,520,slab
522,7,-14.92,-6.62,-2.14,0.11,521,slab
523,7,-16.12,-6.69,-3.05,0.11,522,slab
524,7,-17.39,-7.26,-2.35,0.11,523,slab
525,7,-17.97,-7.59,-2.35,0.11,524,slab
526,7,-19.38,-9.26,-3.05,0.11,525,branch
527,7,-18.59,-11.13,-1.6,0.075,526,slab
528,7,-18.47,-11.32,-2.35,0.075,527,slab
529,7,-19.34,-11.97,-2.05,0.075,528,slab
530,7,-20.31,-12.62,-2.05,0.075,529,slab
531,7,-20.79,-12.95,-1.1,0.075,530,slab
532,7,-20.87,-13.16,-1.1,0.075,531,slab
533,7,-21.39,-12.98,-1.14,0.075,532,slab
534,7,-21.92,-12.41,-1.8,0.075,533,slab
535,7,-22.64,-12.04,-1.8,0.075,534,slab
536,7,-22.65,-11.94,-1.8,0.075,535,slab
537,7,-22.75,-11.95,-1.8,0.075,536,slab
538,7,-23.05,-11.97,-1.8,0.075,537,branch
539,7,-25.24,-14.09,-1.8,0.075,538,slab
540,7,-25.8,-14.72,-1.8,0.075,539,slab
541,7,-26.4,-14.86,-2.9,0.075,540,slab
542,7,-27.99,-14.94,-2.9,0.075,541,slab
543,7,-28.89,-14.98,-3.3,0.075,542,slab
544,7,-29.38,-15.12,-3.3,0.075,543,slab
545,7,-29.67,-15.33,-2.85,0.075,544,slab
546,7,-30.56,-15.48,-2.74,0.075,545,branch
547,7,-31.15,-14.01,-2.65,0.075,546,slab
548,7,-32.33,-12.37,-2.45,0.075,547,slab
549,7,-32.45,-12.08,-2.45,0.075,548,slab
550,7,-32.66,-11.99,-2.3,0.075,549,end
551,7,-33.73,-18.15,-2.65,0.075,546,slab
552,7,-35.05,-19.63,-3.2,0.075,551,slab
553,7,-36.5,-22.31,-2.7,0.075,552,slab
554,7,-36.98,-22.84,-1.98,0.075,553,slab
555,7,-37.46,-23.37,-1.98,0.075,554,slab
556,7,-37.83,-23.78,-0.89,0.075,555,slab
557,7,-38.31,-24.01,-0.89,0.075,556,slab
558,7,-39.51,-24.28,-0.73,0.075,557,slab
559,7,-40.41,-24.33,-0.73,0.075,558,slab
560,7,-41.28,-24.78,-0.73,0.075,559,slab
561,7,-41.47,-24.98,-0.73,0.075,560,slab
562,7,-41.65,-25.29,-1.3,0.075,561,slab
563,7,-41.07,-26.86,-1.44,0.075,562,end
564,7,-25.25,-11.89,-2.3,0.075,538,slab
565,7,-27.01,-10.78,-1.85,0.075,564,slab
566,7,-27.22,-10.7,-1.85,0.075,565,slab
567,7,-28.71,-10.98,-1.8,0.075,566,slab
568,7,-29.71,-11.02,-2.1,0.075,567,slab
569,7,-31.3,-11.21,-2.3,0.075,568,slab
570,7,-31.97,-10.04,-2.3,0.075,569,slab
571,7,-33.26,-10.02,-2.3,0.075,570,slab
572,7,-33.86,-10.25,-2.3,0.075,571,slab
573,7,-34.44,-10.48,-2.3,0.075,572,slab
574,7,-35.91,-11.06,-2.3,0.075,573,branch
575,7,-38.25,-10.48,-3.3,0.075,574,slab
576,7,-39.45,-10.45,-2.74,0.075,575,slab
577,7,-40.24,-10.8,-2.74,0.075,576,slab
578,7,-41.3,-11.36,-2.65,0.075,577,slab
579,7,-41.88,-11.79,-2.65,0.075,578,slab
580,7,-42.43,-12.72,-2.95,0.075,579,slab
581,7,-42.6,-13.43,-2.95,0.075,580,slab
582,7,-42.38,-13.71,-3.15,0.075,581,slab
583,7,-42.27,-14.01,-3.15,0.075,582,end
584,7,-38.6,-7.6,-1.89,0.075,574,slab
585,7,-38.92,-7.31,-1.89,0.075,584,slab
586,7,-39.67,-6.35,-1.69,0.075,585,slab
587,7,-40.53,-5.4,-1.69,0.075,586,slab
588,7,-41.14,-5.03,-1.69,0.075,587,slab
589,7,-41.54,-5.06,-1.69,0.075,588,slab
590,7,-42.27,-4.59,-1.94,0.075,589,slab
591,7,-43.05,-4.94,-1.3,0.075,590,slab
592,7,-44.43,-5.51,-2.19,0.075,591,slab
593,7,-45.34,-7.06,-2.19,0.075,592,slab
594,7,-45.33,-7.26,-2.19,0.075,593,end
595,7,-19.82,-8.69,-3.1,0.035,526,slab
596,7,-22.0,-9.01,-3.1,0.035,595,slab
597,7,-22.69,-9.34,-3.1,0.035,596,slab
598,7,-23.08,-9.47,-3.1,0.035,597,slab
599,7,-24.09,-9.32,-3.15,0.11,598,slab
600,7,-25.2,-9.18,-3.2,0.11,599,slab
601,7,-26.01,-8.92,-3.2,0.11,600,branch
602,7,-27.34,-8.39,-3.3,0.11,601,slab
603,7,-28.45,-8.26,-3.3,0.11,602,slab
604,7,-28.78,-7.87,-3.3,0.11,603,slab
605,7,-29.39,-7.51,-3.3,0.11,604,slab
606,7,-30.51,-7.26,-3.3,0.11,605,slab
607,7,-31.33,-7.01,-2.9,0.11,606,slab
608,7,-31.93,-7.04,-2.9,0.11,607,slab
609,7,-32.33,-6.96,-2.9,0.11,608,slab
610,7,-33.05,-6.6,-3.1,0.11,609,slab
611,7,-33.79,-5.84,-3.8,0.11,610,slab
612,7,-34.32,-5.46,-3.8,0.11,611,slab
613,7,-35.52,-5.23,-3.8,0.11,612,slab
614,7,-36.62,-5.29,-3.45,0.11,613,slab
615,7,-37.59,-5.84,-3.45,0.11,614,slab
616,7,-38.37,-6.39,-3.45,0.11,615,slab
617,7,-38.65,-6.7,-3.45,0.11,616,slab
618,7,-38.75,-6.71,-3.45,0.11,617,slab
619,7,-39.28,-6.24,-3.74,0.11,618,slab
620,7,-40.1,-5.78,-3.2,0.11,619,slab
621,7,-40.54,-5.3,-3.2,0.11,620,slab
622,7,-40.94,-5.03,-3.1,0.11,621,slab
623,7,-41.88,-4.58,-2.85,0.11,622,slab
624,7,-42.42,-3.8,-2.85,0.11,623,slab
625,7,-42.55,-3.21,-2.85,0.11,624,end
626,7,-25.82,-7.01,-3.6,0.11,601,slab
627,7,-25.58,-5.79,-3.24,0.11,626,slab
628,7,-25.71,-5.2,-3.9,0.11,627,slab
629,7,-25.51,-5.39,-3.9,0.11,628,slab
630,7,-24.56,-6.24,-2.7,0.11,629,slab
631,7,-24.23,-6.62,-2.19,0.11,630,slab
632,7,-24.21,-7.12,-1.48,0.11,631,slab
633,7,-24.37,-7.93,-1.23,0.11,632,slab
634,7,-24.35,-8.23,-1.23,0.11,633,slab
635,7,-24.34,-8.33,-1.1,0.11,634,end
636,7,-14.39,-7.2,-2.65,0.035,520,slab
637,7,-14.77,-7.51,-2.4,0.035,636,end
638,1,-0.14,-0.04,-5.13,3.664,513,slab
639,1,0.38,-0.51,-7.51,2.61,638,slab
640,7,1.8,-0.94,-9.5,0.15,639,slab
641,7,4.94,-1.57,-9.47,0.15,640,slab
642,7,5.05,-1.77,-10.67,0.15,641,slab
643,7,4.87,-2.28,-10.67,0.15,642,slab
644,7,4.32,-3.11,-10.72,0.15,643,slab
645,7,3.96,-3.83,-10.72,0.15,644,slab
646,7,3.99,-4.33,-10.72,0.15,645,slab
647,7,4.76,-5.69,-10.72,0.15,646,slab
648,7,4.91,-6.58,-11.06,0.15,647,slab
649,7,4.96,-7.48,-11.06,0.15,648,slab
650,7,4.88,-7.99,-11.06,0.15,649,slab
651,7,5.81,-10.24,-11.25,0.15,650,slab
652,7,6.37,-11.31,-11.38,0.15,651,slab
653,7,7.59,-13.54,-11.38,0.15,652,slab
654,7,7.7,-13.74,-11.38,0.15,653,slab
655,7,7.97,-13.03,-13.63,0.035,654,slab
656,7,7.46,-13.15,-13.92,0.035,655,slab
657,7,7.3,-13.66,-13.92,0.035,656,slab
658,7,7.25,-14.57,-14.0,0.035,657,slab
659,7,7.26,-14.97,-14.0,0.035,658,slab
660,7,7.18,-15.27,-14.13,0.035,659,slab
661,7,6.8,-15.59,-14.13,0.035,660,slab
662,7,6.07,-15.03,-14.56,0.11,661,slab
663,7,5.74,-14.65,-14.56,0.11,662,slab
664,7,4.88,-15.2,-14.56,0.11,663,slab
665,7,4.21,-15.83,-14.56,0.11,664,slab
666,7,3.52,-16.17,-14.56,0.11,665,end
667,7,1.27,-0.36,-9.56,0.15,1,slab
668,7,8.95,0.04,-11.47,0.15,667,slab
669,7,9.45,0.06,-11.47,0.15,668,slab
670,7,12.61,-0.84,-14.11,0.15,669,slab
671,7,13.7,-0.5,-14.11,0.15,670,slab
672,7,14.48,-0.25,-14.22,0.15,671,slab
673,7,16.3,1.33,-14.9,0.15,672,branch
674,7,16.03,4.43,-16.12,0.11,673,slab
675,7,15.75,6.11,-16.46,0.11,674,slab
676,7,14.51,6.65,-17.05,0.11,675,slab
677,7,13.48,7.19,-17.05,0.11,676,slab
678,7,13.27,7.38,-17.05,0.11,677,slab
679,7,14.04,8.02,-17.46,0.11,678,slab
680,7,14.32,8.34,-17.9,0.11,679,slab
681,7,14.98,9.28,-17.9,0.11,680,slab
682,7,15.59,10.72,-17.96,0.11,681,slab
683,7,15.68,11.02,-17.96,0.11,682,slab
684,7,15.64,11.72,-18.48,0.11,683,slab
685,7,15.41,12.21,-18.65,0.11,684,branch
686,7,13.36,13.2,-16.65,0.075,685,slab
687,7,11.33,15.59,-16.62,0.075,686,slab
688,7,10.91,15.87,-16.62,0.075,687,slab
689,7,8.93,17.16,-17.05,0.075,688,slab
690,7,8.38,18.04,-17.05,0.075,689,end
691,7,15.38,14.61,-16.62,0.075,685,slab
692,7,15.44,15.31,-16.21,0.075,691,slab
693,7,16.04,15.34,-16.21,0.075,692,slab
694,7,17.24,15.41,-17.87,0.075,693,slab
695,7,17.54,15.42,-17.87,0.075,694,slab
696,7,18.9,16.3,-18.65,0.075,695,slab
697,7,19.38,16.63,-18.65,0.075,696,slab
698,7,21.16,16.93,-18.8,0.075,697,slab
699,7,22.62,15.9,-19.75,0.075,698,slab
700,7,23.04,15.62,-19.81,0.075,699,branch
701,7,23.6,16.46,-20.4,0.035,700,slab
702,7,23.58,16.96,-20.62,0.035,701,slab
703,7,24.55,17.3,-20.62,0.035,702,end
704,7,23.56,15.45,-20.06,0.035,700,slab
705,7,23.88,14.97,-20.06,0.035,704,slab
706,7,24.58,14.9,-20.65,0.035,705,end
707,7,20.18,3.74,-15.31,0.075,673,slab
708,7,20.54,4.47,-15.31,0.075,707,slab
709,7,20.94,4.48,-15.4,0.075,708,branch
710,7,21.61,6.73,-16.55,0.075,709,slab
711,7,23.13,8.42,-16.98,0.075,710,slab
712,7,23.49,9.24,-16.98,0.075,711,slab
713,7,24.42,10.4,-17.05,0.075,712,slab
714,7,24.9,10.92,-17.05,0.075,713,slab
715,7,25.37,11.44,-17.05,0.075,714,slab
716,7,26.02,12.48,-16.55,0.075,715,slab
717,7,26.74,13.92,-16.55,0.075,716,slab
718,7,27.32,14.25,-16.8,0.075,717,slab
719,7,28.28,15.01,-16.8,0.075,718,slab
720,7,28.46,15.41,-16.96,0.075,719,slab
721,7,28.52,16.02,-16.96,0.075,720,slab
722,7,27.79,16.68,-16.96,0.075,721,slab
723,7,28.88,17.04,-16.96,0.075,722,slab
724,7,30.15,17.51,-16.96,0.075,723,slab
725,7,30.63,17.94,-16.96,0.075,724,slab
726,7,31.21,18.17,-16.96,0.075,725,slab
727,7,32.2,18.43,-17.46,0.075,726,slab
728,7,32.6,18.44,-17.48,0.075,727,slab
729,7,33.12,18.07,-17.48,0.075,728,slab
730,7,33.63,18.0,-17.48,0.075,729,slab
731,7,33.73,18.01,-17.48,0.075,730,slab
732,7,33.8,18.41,-17.48,0.075,731,slab
733,7,32.86,19.36,-17.48,0.075,732,slab
734,7,33.03,19.77,-17.55,0.075,733,slab
735,7,33.13,19.77,-17.55,0.075,734,end
736,7,23.55,4.23,-15.15,0.075,709,slab
737,7,24.46,4.18,-15.06,0.075,736,slab
738,7,27.14,6.43,-14.97,0.035,737,slab
739,7,27.73,6.66,-15.11,0.035,738,branch
740,7,28.81,8.83,-15.36,0.075,739,slab
741,7,29.79,9.38,-15.36,0.075,740,slab
742,7,29.97,9.68,-14.72,0.075,741,slab
743,7,30.13,10.4,-14.72,0.075,742,slab
744,7,29.92,10.59,-14.31,0.075,743,slab
745,7,29.51,10.87,-14.31,0.075,744,slab
746,7,29.5,10.97,-14.61,0.075,745,end
747,7,29.18,5.74,-15.72,0.035,739,slab
748,7,30.39,5.7,-15.97,0.035,747,end
749,7,1.99,-0.44,-9.14,0.15,1,slab
750,7,7.9,-0.53,-9.32,0.15,749,slab
751,7,9.28,-0.16,-10.22,0.15,750,slab
752,7,9.67,0.06,-10.22,0.15,751,slab
753,7,10.24,0.59,-10.22,0.15,752,slab
754,7,12.56,2.11,-11.14,0.15,753,slab
755,7,13.97,2.19,-11.14,0.15,754,slab
756,7,14.17,2.1,-11.9,0.15,755,slab
757,7,14.48,1.92,-12.4,0.15,756,slab
758,7,15.44,2.67,-12.4,0.15,757,slab
759,7,16.12,3.21,-12.4,0.15,758,slab
760,7,16.78,3.85,-12.47,0.15,759,slab
761,7,17.96,4.21,-12.47,0.15,760,slab
762,7,18.15,4.42,-12.47,0.15,761,slab
763,7,18.71,5.35,-12.72,0.15,762,slab
764,7,19.76,6.21,-12.72,0.15,763,slab
765,7,19.86,6.22,-12.72,0.15,764,slab
766,7,20.94,6.57,-12.82,0.15,765,slab
767,7,21.72,7.01,-12.82,0.15,766,slab
768,7,22.08,7.74,-12.72,0.15,767,branch
769,7,21.9,9.23,-13.22,0.11,768,slab
770,7,21.35,10.09,-13.22,0.11,769,slab
771,7,20.83,10.37,-13.03,0.11,770,slab
772,7,19.62,10.51,-13.03,0.11,771,end
773,7,25.13,8.7,-12.65,0.11,768,slab
774,7,27.17,9.91,-13.03,0.11,773,slab
775,7,28.63,10.79,-13.03,0.11,774,slab
776,7,30.19,11.57,-13.14,0.11,775,slab
777,7,30.75,12.1,-13.14,0.11,776,slab
778,7,32.37,13.59,-13.82,0.11,777,slab
779,7,32.67,13.71,-13.82,0.11,778,end
780,7,1.79,-0.82,-9.31,0.11,1,slab
781,7,5.29,-0.34,-9.31,0.11,780,slab
782,7,8.16,0.2,-9.72,0.11,781,slab
783,7,8.36,3.82,-10.31,0.11,782,slab
784,7,10.09,5.41,-10.63,0.11,783,slab
785,7,11.42,6.68,-10.63,0.11,784,slab
786,7,15.19,9.29,-10.06,0.11,785,slab
787,7,15.93,10.33,-10.06,0.11,786,slab
788,7,16.84,11.98,-10.5,0.11,787,slab
789,7,17.43,12.32,-10.5,0.11,788,slab
790,7,17.91,12.55,-10.5,0.11,789,slab
791,7,17.99,12.95,-10.5,0.11,790,slab
792,7,20.29,12.88,-10.5,0.11,791,slab
793,7,21.82,12.56,-11.31,0.11,792,slab
794,7,22.32,12.58,-11.31,0.11,793,slab
795,7,22.92,12.61,-11.63,0.11,794,slab
796,7,23.21,12.63,-11.63,0.11,795,branch
797,7,24.43,14.3,-12.31,0.11,796,slab
798,7,24.99,14.93,-12.88,0.11,797,slab
799,7,25.69,15.07,-12.88,0.11,798,slab
800,7,26.47,15.31,-12.88,0.11,799,slab
801,7,27.36,15.66,-13.42,0.11,800,slab
802,7,27.93,16.29,-13.42,0.11,801,slab
803,7,28.19,17.01,-13.81,0.11,802,slab
804,7,28.35,17.62,-13.81,0.11,803,slab
805,7,28.8,18.64,-13.81,0.11,804,slab
806,7,28.95,19.55,-14.17,0.11,805,slab
807,7,29.22,19.96,-14.17,0.11,806,slab
808,7,29.83,20.1,-14.47,0.11,807,slab
809,7,30.91,20.35,-14.47,0.11,808,slab
810,7,31.83,20.11,-14.81,0.11,809,slab
811,7,32.53,19.94,-14.81,0.11,810,slab
812,7,33.14,19.77,-15.13,0.11,811,slab
813,7,33.13,19.87,-15.13,0.11,812,slab
814,7,33.2,20.48,-15.13,0.11,813,slab
815,7,33.67,21.11,-15.13,0.11,814,slab
816,7,33.97,21.22,-15.63,0.11,815,slab
817,7,34.26,21.34,-15.63,0.11,816,slab
818,7,35.05,21.58,-15.92,0.11,817,slab
819,7,35.45,21.61,-15.92,0.11,818,end
820,7,24.94,12.32,-12.13,0.075,796,slab
821,7,27.72,12.67,-12.06,0.075,820,slab
822,7,28.11,12.8,-11.5,0.075,821,slab
823,7,29.81,12.79,-11.17,0.075,822,slab
824,7,30.22,12.71,-11.17,0.075,823,slab
825,7,30.62,12.73,-12.13,0.075,824,slab
826,7,32.46,12.03,-13.06,0.035,825,slab
827,7,32.49,11.33,-13.47,0.035,826,slab
828,7,32.52,10.93,-13.47,0.035,827,slab
829,7,32.35,10.42,-13.88,0.035,828,end
830,7,2.0,-1.33,-9.01,0.295,1,slab
831,7,6.51,-1.39,-9.01,0.295,830,slab
832,7,12.54,-1.86,-9.3,0.295,831,slab
833,7,13.45,-1.92,-9.3,0.295,832,slab
834,7,17.42,-3.01,-9.44,0.295,833,slab
835,7,18.43,-3.15,-9.13,0.295,834,slab
836,7,19.14,-3.31,-9.01,0.295,835,branch
837,7,24.41,-6.43,-10.19,0.185,836,slab
838,7,25.42,-6.68,-10.35,0.185,837,slab
839,7,27.22,-6.48,-11.13,0.185,838,branch
840,7,26.65,-9.02,-11.55,0.075,839,slab
841,7,26.71,-10.02,-11.69,0.075,840,slab
842,7,27.24,-10.68,-13.01,0.075,841,slab
843,7,27.47,-11.18,-13.01,0.075,842,slab
844,7,27.5,-11.68,-13.3,0.075,843,slab
845,7,27.53,-12.37,-13.3,0.075,844,slab
846,7,28.37,-14.83,-12.38,0.035,845,slab
847,7,28.51,-15.52,-12.3,0.035,846,slab
848,7,28.56,-16.52,-12.3,0.035,847,slab
849,7,28.6,-17.22,-12.1,0.035,848,slab
850,7,28.32,-17.64,-12.1,0.035,849,slab
851,7,27.76,-18.47,-11.8,0.035,850,slab
852,7,27.1,-19.0,-11.8,0.035,851,slab
853,7,26.14,-19.76,-11.8,0.035,852,slab
854,7,25.75,-20.17,-11.63,0.035,853,slab
855,7,25.31,-21.4,-12.19,0.075,854,slab
856,7,25.38,-22.5,-12.3,0.075,855,slab
857,7,25.24,-23.71,-11.94,0.075,856,slab
858,7,25.47,-24.2,-11.94,0.075,857,slab
859,7,25.8,-24.79,-11.6,0.075,858,slab
860,7,26.43,-25.35,-11.6,0.075,859,slab
861,7,26.85,-25.73,-11.6,0.075,860,end
862,7,27.88,-5.84,-11.46,0.11,839,branch
863,7,30.24,-6.82,-11.76,0.075,862,slab
864,7,32.98,-7.57,-11.76,0.075,863,slab
865,7,36.46,-8.88,-12.19,0.035,864,slab
866,7,36.87,-9.07,-12.19,0.035,865,slab
867,7,38.11,-9.69,-12.19,0.035,866,slab
868,7,38.42,-9.98,-12.19,0.035,867,slab
869,7,39.49,-11.32,-11.76,0.035,868,slab
870,7,40.11,-11.59,-11.76,0.035,869,slab
871,7,41.25,-12.33,-12.55,0.035,870,slab
872,7,45.48,-9.1,-13.01,0.075,871,slab
873,7,46.44,-8.35,-12.44,0.075,872,branch
874,7,48.35,-6.64,-11.8,0.035,873,slab
875,7,48.97,-4.9,-11.8,0.035,874,slab
876,7,49.66,-4.87,-11.8,0.035,875,slab
877,7,49.91,-3.95,-11.8,0.035,876,slab
878,7,49.89,-3.55,-11.8,0.035,877,slab
879,7,49.75,-2.86,-11.8,0.035,878,slab
880,7,49.71,-2.16,-12.19,0.035,879,slab
881,7,49.8,-1.75,-12.19,0.035,880,slab
882,7,50.47,-1.04,-12.51,0.035,881,slab
883,7,52.14,-0.55,-12.51,0.035,882,end
884,7,53.36,-6.47,-11.94,0.075,873,slab
885,7,53.93,-6.13,-11.94,0.075,884,slab
886,7,54.62,-5.8,-11.94,0.075,885,slab
887,7,55.88,-5.03,-11.94,0.075,886,slab
888,7,55.88,-5.03,-12.1,0.075,887,slab
889,7,55.86,-4.73,-12.1,0.075,888,slab
890,7,56.14,-4.21,-12.1,0.075,889,slab
891,7,56.43,-4.1,-13.13,0.075,890,slab
892,7,57.85,-4.42,-13.13,0.075,891,slab
893,7,58.18,-4.91,-12.63,0.075,892,end
894,7,28.17,-5.62,-11.6,0.11,862,slab
895,7,27.71,-2.75,-12.55,0.11,894,slab
896,7,27.36,-1.66,-12.55,0.11,895,slab
897,7,27.16,0.2,-12.55,0.11,896,slab
898,7,27.28,1.71,-12.55,0.11,897,slab
899,7,27.72,2.83,-12.8,0.11,898,slab
900,7,28.29,3.46,-12.8,0.11,899,slab
901,7,28.67,3.88,-12.8,0.11,900,slab
902,7,29.34,4.52,-12.13,0.11,901,slab
903,7,29.92,4.85,-12.13,0.11,902,slab
904,7,30.6,5.28,-12.01,0.11,903,slab
905,7,31.59,5.44,-12.01,0.11,904,slab
906,7,32.7,5.1,-11.69,0.11,905,slab
907,7,33.33,4.74,-11.69,0.11,906,slab
908,7,34.45,4.4,-12.13,0.11,907,slab
909,7,36.2,5.39,-12.13,0.11,908,slab
910,7,36.57,5.81,-11.85,0.11,909,slab
911,7,36.77,5.93,-11.85,0.11,910,slab
912,7,38.25,6.31,-11.38,0.075,911,slab
913,7,38.65,6.32,-11.38,0.075,912,branch
914,7,42.97,4.36,-11.94,0.075,913,slab
915,7,43.48,3.98,-12.44,0.075,914,slab
916,7,44.19,3.82,-12.44,0.075,915,slab
917,7,45.41,3.69,-12.44,0.075,916,slab
918,7,46.1,3.73,-11.38,0.075,917,slab
919,7,47.01,3.57,-11.38,0.075,918,slab
920,7,47.72,3.41,-11.05,0.075,919,slab
921,7,49.62,3.61,-11.05,0.075,920,slab
922,7,50.3,3.85,-10.94,0.075,921,slab
923,7,50.79,3.98,-10.94,0.075,922,end
924,7,42.52,7.03,-12.94,0.075,913,slab
925,7,43.4,7.28,-12.94,0.075,924,slab
926,7,44.15,8.32,-12.76,0.075,925,slab
927,7,44.31,9.13,-12.85,0.075,926,branch
928,7,46.22,12.65,-13.69,0.035,927,slab
929,7,47.19,13.19,-13.69,0.035,928,slab
930,7,47.57,13.72,-12.76,0.035,929,slab
931,7,48.11,14.75,-12.55,0.035,930,slab
932,7,48.5,14.97,-12.55,0.035,931,slab
933,7,49.72,14.63,-12.55,0.035,932,slab
934,7,50.34,14.26,-12.51,0.035,933,slab
935,7,50.97,13.71,-12.51,0.035,934,slab
936,7,51.08,13.5,-12.51,0.035,935,end
937,7,47.44,8.6,-13.51,0.075,927,slab
938,7,49.14,8.7,-13.05,0.075,937,slab
939,7,49.84,8.63,-13.05,0.075,938,slab
940,7,50.4,7.66,-13.26,0.075,939,slab
941,7,50.41,7.46,-13.26,0.075,940,slab
942,7,50.65,6.77,-13.26,0.075,941,slab
943,7,51.37,6.31,-13.76,0.075,942,slab
944,7,51.77,6.23,-13.76,0.075,943,slab
945,7,53.11,5.61,-13.76,0.075,944,end
946,7,20.27,-2.14,-9.19,0.11,836,branch
947,7,21.83,0.71,-9.19,0.11,946,slab
948,7,22.29,1.43,-9.19,0.11,947,slab
949,7,23.1,3.18,-9.19,0.11,948,slab
950,7,23.84,4.22,-10.3,0.11,949,slab
951,7,24.77,5.58,-10.38,0.11,950,slab
952,7,25.26,5.8,-10.94,0.11,951,slab
953,7,26.21,6.85,-10.35,0.075,952,branch
954,7,26.45,7.87,-11.19,0.035,953,slab
955,7,27.42,8.43,-11.19,0.035,954,slab
956,7,28.71,8.69,-11.69,0.035,955,slab
957,7,29.78,9.26,-11.69,0.035,956,slab
958,7,30.34,9.98,-12.26,0.035,957,slab
959,7,31.01,10.72,-12.26,0.035,958,slab
960,7,31.09,10.93,-12.26,0.035,959,slab
961,7,31.55,11.75,-12.38,0.035,960,slab
962,7,31.92,12.27,-12.38,0.035,961,slab
963,7,32.35,13.49,-12.38,0.035,962,slab
964,7,32.33,13.99,-12.88,0.035,963,slab
965,7,32.55,15.31,-13.19,0.075,964,slab
966,7,33.4,16.46,-13.19,0.075,965,slab
967,7,33.65,17.37,-12.6,0.075,966,slab
968,7,33.69,18.58,-12.6,0.075,967,slab
969,7,33.55,19.07,-12.1,0.075,968,slab
970,7,33.55,19.27,-12.1,0.075,969,slab
971,7,34.01,19.79,-12.1,0.075,970,slab
972,7,34.89,20.34,-12.38,0.075,971,slab
973,7,35.47,20.67,-12.38,0.075,972,slab
974,7,36.24,21.22,-12.38,0.075,973,slab
975,7,36.88,22.26,-12.38,0.075,974,slab
976,7,37.25,22.97,-12.69,0.075,975,slab
977,7,37.4,23.88,-12.69,0.075,976,slab
978,7,37.65,24.9,-12.76,0.075,977,slab
979,7,37.72,25.41,-12.76,0.075,978,slab
980,7,37.71,25.61,-12.76,0.075,979,slab
981,7,38.55,26.65,-13.01,0.075,980,slab
982,7,38.82,27.36,-13.05,0.075,981,slab
983,7,38.77,28.16,-13.05,0.075,982,slab
984,7,38.64,28.85,-13.05,0.075,983,end
985,7,30.93,8.21,-10.44,0.11,953,slab
986,7,32.44,8.19,-10.44,0.11,985,slab
987,7,32.74,8.21,-10.44,0.11,986,slab
988,7,33.47,7.75,-10.44,0.11,987,slab
989,7,33.57,7.76,-10.76,0.11,988,slab
990,7,32.94,8.22,-10.76,0.11,989,slab
991,7,33.39,9.15,-10.76,0.11,990,slab
992,7,33.84,10.07,-10.76,0.11,991,slab
993,7,34.6,10.92,-10.76,0.11,992,slab
994,7,35.23,12.15,-10.38,0.11,993,slab
995,7,35.6,12.67,-10.1,0.11,994,slab
996,7,36.09,12.9,-10.1,0.11,995,slab
997,7,37.09,13.05,-10.1,0.11,996,slab
998,7,38.17,13.41,-10.6,0.11,997,slab
999,7,38.66,13.73,-10.6,0.11,998,slab
1000,7,39.01,14.36,-11.13,0.11,999,slab
1001,7,39.58,15.09,-11.13,0.11,1000,slab
1002,7,39.99,16.72,-11.76,0.11,1001,slab
1003,7,40.44,17.54,-12.13,0.11,1002,slab
1004,7,40.99,18.67,-12.13,0.11,1003,slab
1005,7,41.46,19.2,-12.44,0.11,1004,slab
1006,7,42.58,20.76,-12.63,0.075,1005,slab
1007,7,44.32,21.85,-12.63,0.075,1006,slab
1008,7,44.93,21.68,-12.63,0.075,1007,slab
1009,7,46.15,21.25,-12.69,0.075,1008,slab
1010,7,46.76,21.18,-12.69,0.075,1009,slab
1011,7,47.49,20.52,-12.69,0.075,1010,slab
1012,7,48.38,19.17,-12.69,0.075,1011,slab
1013,7,49.11,18.31,-12.76,0.075,1012,slab
1014,7,50.18,17.17,-12.76,0.075,1013,slab
1015,7,50.95,16.01,-12.76,0.075,1014,slab
1016,7,51.49,15.23,-12.76,0.075,1015,slab
1017,7,51.71,14.85,-12.76,0.075,1016,end
1018,7,25.28,-0.1,-8.8,0.11,946,slab
1019,7,27.15,0.4,-9.44,0.11,1018,slab
1020,7,30.41,-0.52,-9.44,0.11,1019,slab
1021,7,31.32,-0.77,-9.51,0.11,1020,slab
1022,7,32.94,-0.99,-9.51,0.11,1021,slab
1023,7,33.24,-1.05,-9.51,0.11,1022,slab
1024,7,34.95,-1.35,-9.3,0.11,1023,slab
1025,7,36.17,-1.69,-9.3,0.11,1024,slab
1026,7,37.01,-2.45,-8.85,0.11,1025,slab
1027,7,38.04,-2.99,-8.85,0.11,1026,slab
1028,7,38.45,-3.07,-8.63,0.11,1027,slab
1029,7,39.74,-2.9,-8.63,0.11,1028,slab
1030,7,41.02,-2.43,-8.44,0.11,1029,slab
1031,7,42.71,-2.24,-8.44,0.11,1030,end
1032,7,1.22,-1.39,-9.22,0.26,1,slab
1033,7,5.74,-1.64,-9.22,0.26,1032,slab
1034,7,7.13,-1.57,-9.22,0.26,1033,slab
1035,7,8.02,-1.22,-9.22,0.26,1034,slab
1036,7,10.57,0.0,-9.97,0.26,1035,slab
1037,7,11.73,0.86,-8.98,0.26,1036,slab
1038,7,12.2,1.18,-8.06,0.26,1037,slab
1039,7,13.5,3.25,-7.8,0.185,1038,slab
1040,7,13.77,5.67,-8.48,0.185,1039,slab
1041,7,12.62,6.51,-8.61,0.035,1040,slab
1042,7,13.4,6.75,-8.61,0.035,1041,slab
1043,7,13.68,7.27,-8.61,0.035,1042,slab
1044,7,13.86,7.68,-9.31,0.035,1043,slab
1045,7,14.26,7.8,-9.31,0.035,1044,slab
1046,7,14.74,8.03,-8.65,0.075,1045,slab
1047,7,16.22,8.31,-8.22,0.075,1046,slab
1048,7,16.81,8.64,-9.23,0.075,1047,slab
1049,7,17.11,8.66,-9.23,0.075,1048,slab
1050,7,18.0,8.81,-9.56,0.075,1049,slab
1051,7,18.69,9.04,-9.56,0.075,1050,slab
1052,7,20.89,9.06,-10.4,0.075,1051,slab
1053,7,21.69,9.1,-10.4,0.075,1052,slab
1054,7,21.99,9.02,-9.48,0.075,1053,slab
1055,7,22.63,8.46,-8.97,0.075,1054,slab
1056,7,22.84,8.26,-8.97,0.075,1055,end
1057,7,2.56,0.22,-8.46,0.15,1,slab
1058,7,3.85,0.58,-8.46,0.15,1057,slab
1059,7,7.02,1.06,-8.46,0.15,1058,slab
1060,7,8.97,2.16,-9.02,0.15,1059,branch
1061,7,10.79,5.46,-9.1,0.15,1060,slab
1062,7,11.34,6.39,-8.52,0.15,1061,slab
1063,7,11.81,7.12,-8.52,0.15,1062,slab
1064,7,12.68,7.67,-8.42,0.15,1063,slab
1065,7,15.59,9.43,-8.6,0.075,1064,slab
1066,7,16.73,10.49,-8.6,0.075,1065,slab
1067,7,16.92,10.8,-8.6,0.075,1066,slab
1068,7,17.09,11.21,-8.78,0.075,1067,slab
1069,7,17.65,12.04,-9.17,0.075,1068,slab
1070,7,17.72,12.55,-9.46,0.075,1069,slab
1071,7,18.09,12.97,-9.46,0.075,1070,slab
1072,7,19.45,13.74,-9.77,0.075,1071,slab
1073,7,20.25,13.99,-9.77,0.075,1072,slab
1074,7,20.94,14.12,-9.77,0.075,1073,slab
1075,7,21.04,14.13,-10.21,0.075,1074,slab
1076,7,20.88,15.12,-10.21,0.075,1075,slab
1077,7,20.77,15.31,-10.21,0.075,1076,slab
1078,7,20.26,15.69,-10.46,0.075,1077,slab
1079,7,20.12,16.18,-10.46,0.075,1078,slab
1080,7,19.89,16.77,-10.67,0.075,1079,slab
1081,7,20.04,17.68,-10.67,0.075,1080,slab
1082,7,20.5,18.61,-10.67,0.075,1081,slab
1083,7,20.65,19.31,-11.17,0.075,1082,slab
1084,7,20.19,20.49,-11.17,0.075,1083,slab
1085,7,20.07,20.79,-11.46,0.075,1084,slab
1086,7,19.94,21.48,-11.46,0.075,1085,slab
1087,7,20.31,22.0,-11.46,0.075,1086,slab
1088,7,20.69,22.52,-11.92,0.075,1087,slab
1089,7,20.33,23.51,-11.92,0.075,1088,slab
1090,7,20.33,23.61,-12.52,0.075,1089,slab
1091,7,20.27,24.6,-12.52,0.075,1090,slab
1092,7,20.45,25.02,-12.78,0.075,1091,slab
1093,7,20.42,25.62,-12.78,0.075,1092,slab
1094,7,20.7,26.02,-12.78,0.075,1093,slab
1095,7,21.28,26.26,-12.92,0.075,1094,slab
1096,7,21.99,26.1,-12.92,0.075,1095,slab
1097,7,22.2,26.01,-12.92,0.075,1096,slab
1098,7,23.01,25.85,-13.1,0.075,1097,slab
1099,7,23.61,25.89,-13.1,0.075,1098,slab
1100,7,23.89,26.2,-13.1,0.075,1099,slab
1101,7,24.38,26.43,-13.35,0.075,1100,slab
1102,7,25.06,26.87,-13.35,0.075,1101,slab
1103,7,25.35,26.98,-13.35,0.075,1102,slab
1104,7,25.46,26.88,-13.35,0.075,1103,slab
1105,7,25.16,26.77,-13.35,0.075,1104,slab
1106,7,23.8,25.99,-13.35,0.075,1105,slab
1107,7,23.63,25.59,-13.35,0.075,1106,slab
1108,7,23.37,24.87,-13.35,0.075,1107,slab
1109,7,23.29,24.37,-13.35,0.075,1108,end
1110,7,9.81,3.31,-9.46,0.11,1060,slab
1111,7,11.05,4.28,-9.42,0.11,1110,slab
1112,7,11.99,5.54,-10.02,0.11,1111,slab
1113,7,12.07,5.83,-10.02,0.11,1112,slab
1114,7,12.04,6.43,-10.02,0.11,1113,slab
1115,7,11.89,7.33,-10.1,0.11,1114,slab
1116,7,10.15,8.14,-10.21,0.11,1115,slab
1117,7,9.61,8.81,-10.92,0.11,1116,slab
1118,7,8.99,9.17,-9.92,0.11,1117,slab
1119,7,9.14,10.08,-9.92,0.11,1118,slab
1120,7,9.22,10.39,-9.71,0.11,1119,slab
1121,7,9.61,10.6,-9.42,0.11,1120,slab
1122,7,10.86,11.68,-9.03,0.11,1121,slab
1123,7,12.32,12.26,-8.53,0.11,1122,slab
1124,7,12.91,12.69,-8.53,0.11,1123,slab
1125,7,16.23,12.17,-8.03,0.11,1124,slab
1126,7,16.58,11.39,-7.92,0.11,1125,slab
1127,7,17.11,10.91,-7.92,0.11,1126,slab
1128,7,18.06,10.07,-7.51,0.11,1127,slab
1129,7,18.67,9.7,-7.51,0.11,1128,slab
1130,7,19.82,8.85,-8.21,0.11,1129,slab
1131,7,20.75,8.3,-8.21,0.11,1130,slab
1132,7,21.07,8.02,-7.36,0.11,1131,slab
1133,7,20.71,7.3,-7.36,0.11,1132,slab
1134,7,20.64,6.59,-8.02,0.11,1133,end
1135,7,2.11,-1.44,-8.8,0.22,1,slab
1136,7,4.55,-2.12,-8.8,0.22,1135,slab
1137,7,6.8,-3.0,-8.8,0.22,1136,slab
1138,7,7.0,-2.99,-9.44,0.22,1137,slab
1139,7,7.5,-2.95,-9.44,0.22,1138,slab
1140,7,9.11,-3.07,-9.44,0.22,1139,slab
1141,7,9.72,-3.24,-9.44,0.22,1140,slab
1142,7,10.12,-3.42,-9.51,0.22,1141,slab
1143,7,10.55,-3.79,-9.51,0.22,1142,slab
1144,7,10.57,-4.19,-8.63,0.22,1143,slab
1145,7,9.94,-5.44,-8.63,0.22,1144,slab
1146,7,9.88,-6.23,-8.38,0.22,1145,slab
1147,7,9.97,-7.84,-8.38,0.22,1146,slab
1148,7,10.64,-11.0,-7.86,0.22,1147,slab
1149,7,10.77,-13.39,-7.88,0.22,1148,slab
1150,7,10.82,-14.39,-7.88,0.22,1149,slab
1151,7,10.5,-16.01,-8.51,0.22,1150,slab
1152,7,10.53,-16.41,-8.51,0.22,1151,slab
1153,7,10.75,-16.8,-8.51,0.22,1152,slab
1154,7,11.58,-17.35,-8.51,0.22,1153,slab
1155,7,12.81,-17.89,-8.1,0.22,1154,slab
1156,7,16.33,-18.3,-8.3,0.22,1155,slab
1157,7,17.06,-18.66,-8.88,0.22,1156,slab
1158,7,17.87,-19.01,-8.88,0.22,1157,slab
1159,7,18.19,-19.2,-8.76,0.22,1158,branch
1160,7,20.08,-18.9,-8.6,0.15,1159,slab
1161,7,21.19,-17.44,-8.1,0.15,1160,slab
1162,7,22.24,-16.38,-8.05,0.075,1161,slab
1163,7,22.64,-16.35,-8.05,0.075,1162,slab
1164,7,23.45,-16.41,-8.35,0.075,1163,slab
1165,7,24.47,-16.86,-8.35,0.075,1164,slab
1166,7,24.92,-17.73,-8.8,0.075,1165,slab
1167,7,24.93,-17.93,-8.8,0.075,1166,slab
1168,7,25.41,-17.41,-9.05,0.075,1167,slab
1169,7,25.92,-15.98,-9.3,0.075,1168,slab
1170,7,26.56,-14.74,-9.3,0.035,1169,slab
1171,7,26.7,-13.74,-10.3,0.035,1170,slab
1172,7,26.41,-12.04,-10.3,0.035,1171,slab
1173,7,26.41,-11.94,-9.55,0.035,1172,end
1174,7,18.43,-21.79,-8.13,0.075,1159,slab
1175,7,18.27,-22.6,-8.13,0.075,1174,slab
1176,7,17.91,-23.22,-8.13,0.075,1175,slab
1177,7,17.82,-23.42,-8.13,0.075,1176,slab
1178,7,17.73,-23.73,-9.19,0.075,1177,slab
1179,7,17.84,-23.92,-9.19,0.075,1178,slab
1180,7,19.27,-24.35,-9.01,0.075,1179,slab
1181,7,20.61,-24.98,-9.01,0.075,1180,slab
1182,7,21.54,-25.63,-8.63,0.075,1181,slab
1183,7,22.38,-26.28,-8.63,0.075,1182,slab
1184,7,22.9,-26.56,-9.6,0.075,1183,slab
1185,7,23.74,-27.31,-9.6,0.075,1184,slab
1186,7,24.39,-28.38,-8.63,0.075,1185,slab
1187,7,24.73,-29.06,-8.63,0.075,1186,slab
1188,7,25.17,-29.74,-8.51,0.075,1187,slab
1189,7,25.63,-30.91,-8.51,0.075,1188,slab
1190,7,25.75,-33.02,-9.35,0.075,1189,slab
1191,7,25.55,-33.12,-9.35,0.075,1190,slab
1192,7,24.48,-33.68,-9.63,0.075,1191,slab
1193,7,24.39,-33.79,-9.63,0.075,1192,slab
1194,7,24.11,-34.3,-10.35,0.075,1193,slab
1195,7,24.37,-35.49,-10.35,0.075,1194,slab
1196,7,24.76,-36.87,-9.3,0.075,1195,slab
1197,7,24.79,-37.47,-8.76,0.075,1196,slab
1198,7,24.83,-38.27,-8.76,0.075,1197,slab
1199,7,24.64,-38.48,-8.76,0.075,1198,slab
1200,7,24.35,-38.7,-8.63,0.075,1199,slab
1201,7,24.36,-38.9,-8.63,0.075,1200,slab
1202,7,24.5,-39.59,-8.63,0.075,1201,slab
1203,7,24.61,-39.78,-9.26,0.075,1202,slab
1204,7,24.42,-40.0,-9.26,0.075,1203,slab
1205,7,23.74,-40.33,-9.01,0.075,1204,slab
1206,7,23.35,-40.56,-9.01,0.075,1205,slab
1207,7,22.96,-40.87,-9.01,0.075,1206,slab
1208,7,22.68,-41.19,-8.69,0.075,1207,slab
1209,7,22.6,-41.4,-8.69,0.075,1208,end
1210,7,0.6,0.7,-9.88,0.185,1,slab
1211,7,3.23,2.03,-9.93,0.185,1210,slab
1212,7,5.74,3.87,-9.93,0.185,1211,slab
1213,7,6.1,4.4,-9.93,0.185,1212,slab
1214,7,6.93,5.75,-10.34,0.185,1213,slab
1215,7,7.84,7.5,-10.34,0.185,1214,slab
1216,7,7.75,9.1,-9.63,0.185,1215,slab
1217,7,7.42,9.68,-9.34,0.185,1216,slab
1218,7,7.0,10.16,-8.88,0.185,1217,slab
1219,7,6.19,10.21,-8.88,0.185,1218,slab
1220,7,6.0,10.2,-9.02,0.185,1219,slab
1221,7,3.96,10.7,-9.46,0.15,1220,slab
1222,7,1.92,11.38,-9.68,0.15,1221,slab
1223,7,1.55,12.77,-9.59,0.15,1222,slab
1224,7,0.82,13.13,-9.59,0.15,1223,slab
1225,7,0.32,13.3,-9.59,0.15,1224,slab
1226,7,-1.8,13.78,-9.59,0.15,1225,slab
1227,7,-3.87,15.29,-9.59,0.15,1226,slab
1228,7,-5.02,16.42,-10.38,0.15,1227,slab
1229,7,-5.41,17.81,-10.38,0.15,1228,slab
1230,7,-6.09,19.37,-10.38,0.15,1229,slab
1231,7,-6.47,20.75,-9.77,0.15,1230,slab
1232,7,-7.27,24.51,-9.43,0.075,1231,slab
1233,7,-7.52,25.51,-9.43,0.075,1232,branch
1234,7,-8.28,26.47,-10.46,0.075,1233,slab
1235,7,-7.72,27.3,-9.71,0.075,1234,slab
1236,7,-7.73,27.6,-9.71,0.075,1235,slab
1237,7,-8.09,28.57,-9.71,0.075,1236,slab
1238,7,-8.34,29.47,-11.46,0.075,1237,slab
1239,7,-7.75,29.8,-12.13,0.075,1238,slab
1240,7,-6.94,29.44,-12.13,0.075,1239,slab
1241,7,-6.07,28.39,-12.38,0.075,1240,slab
1242,7,-8.03,31.08,-13.43,0.075,1241,slab
1243,7,-8.38,31.97,-13.43,0.075,1242,slab
1244,7,-8.92,32.83,-13.43,0.075,1243,slab
1245,7,-9.24,33.22,-14.18,0.075,1244,slab
1246,7,-9.56,33.6,-14.18,0.075,1245,slab
1247,7,-9.89,34.09,-14.18,0.075,1246,slab
1248,7,-9.91,34.59,-14.18,0.075,1247,slab
1249,7,-10.18,35.67,-14.18,0.075,1248,slab
1250,7,-10.41,36.36,-14.71,0.075,1249,slab
1251,7,-10.86,37.14,-14.71,0.075,1250,slab
1252,7,-11.07,37.43,-15.13,0.075,1251,slab
1253,7,-11.79,37.79,-15.13,0.075,1252,slab
1254,7,-12.8,37.93,-15.13,0.075,1253,slab
1255,7,-13.72,38.19,-15.13,0.075,1254,slab
1256,7,-14.32,38.25,-15.77,0.075,1255,slab
1257,7,-15.02,38.31,-15.77,0.075,1256,slab
1258,7,-15.44,38.6,-15.77,0.075,1257,slab
1259,7,-15.97,39.26,-15.18,0.075,1258,slab
1260,7,-16.19,39.46,-15.18,0.075,1259,slab
1261,7,-16.29,39.55,-15.18,0.075,1260,slab
1262,7,-16.86,38.82,-15.18,0.075,1261,slab
1263,7,-17.41,37.98,-14.93,0.075,1262,slab
1264,7,-17.56,37.07,-15.71,0.075,1263,slab
1265,7,-18.02,36.35,-15.71,0.075,1264,slab
1266,7,-18.61,36.12,-14.88,0.075,1265,slab
1267,7,-19.3,35.89,-14.88,0.075,1266,slab
1268,7,-20.08,35.54,-14.43,0.075,1267,slab
1269,7,-21.13,34.58,-14.27,0.075,1268,slab
1270,7,-21.12,34.48,-14.27,0.075,1269,end
1271,7,-5.29,26.83,-8.38,0.075,1233,slab
1272,7,-4.8,27.05,-9.63,0.075,1271,slab
1273,7,-4.61,27.16,-10.02,0.075,1272,slab
1274,7,-3.82,27.51,-10.02,0.075,1273,slab
1275,7,-3.54,27.72,-10.63,0.075,1274,slab
1276,7,-2.87,28.15,-10.59,0.075,1275,slab
1277,7,-2.89,28.35,-10.59,0.075,1276,end
1278,7,-1.07,-1.84,-8.48,0.15,1,slab
1279,7,-1.63,-2.66,-8.48,0.15,1278,slab
1280,7,-1.73,-4.37,-8.48,0.15,1279,slab
1281,7,-1.87,-5.59,-8.36,0.15,1280,slab
1282,7,-0.75,-7.72,-8.36,0.15,1281,slab
1283,7,-1.0,-8.74,-8.36,0.15,1282,slab
1284,7,-0.98,-9.04,-8.4,0.15,1283,slab
1285,7,-0.68,-9.12,-8.4,0.15,1284,slab
1286,7,-0.25,-9.6,-9.36,0.15,1285,slab
1287,7,-0.05,-9.69,-8.65,0.15,1286,slab
1288,7,0.36,-9.97,-8.65,0.15,1287,slab
1289,7,0.85,-11.54,-6.73,0.15,1288,slab
1290,7,0.85,-11.64,-7.11,0.15,1289,slab
1291,7,-0.29,-12.61,-7.11,0.15,1290,slab
1292,7,-1.06,-13.15,-7.11,0.15,1291,slab
1293,7,-1.15,-13.26,-7.11,0.15,1292,slab
1294,7,-1.32,-14.07,-7.11,0.15,1293,slab
1295,7,-1.28,-14.57,-6.71,0.15,1294,slab
1296,7,-0.75,-15.23,-6.71,0.15,1295,slab
1297,7,-0.51,-15.93,-7.46,0.15,1296,slab
1298,7,-0.97,-16.65,-7.46,0.15,1297,slab
1299,7,-1.73,-17.49,-7.86,0.15,1298,slab
1300,7,-2.01,-17.71,-7.86,0.15,1299,slab
1301,7,-2.5,-18.03,-7.4,0.15,1300,slab
1302,7,-3.61,-18.0,-8.23,0.11,1301,slab
1303,7,-4.59,-18.35,-8.36,0.11,1302,slab
1304,7,-1.85,-18.9,-7.46,0.185,1303,slab
1305,7,-1.8,-19.8,-7.46,0.185,1304,end
1306,7,-0.02,-2.69,-7.07,0.22,1,slab
1307,7,1.01,-5.23,-7.07,0.22,1306,slab
1308,7,1.47,-6.62,-7.11,0.22,1307,slab
1309,7,1.49,-7.02,-7.11,0.22,1308,slab
1310,7,0.16,-7.99,-9.77,0.22,1309,slab
1311,7,-0.4,-8.51,-9.77,0.22,1310,slab
1312,7,-0.67,-9.13,-9.77,0.22,1311,slab
1313,7,-1.13,-9.95,-9.52,0.22,1312,slab
1314,7,-1.41,-10.17,-9.52,0.22,1313,slab
1315,7,-2.3,-10.32,-9.63,0.22,1314,slab
1316,7,-3.01,-10.46,-9.63,0.22,1315,slab
1317,7,-4.35,-11.43,-9.97,0.22,1316,branch
1318,7,-5.22,-12.08,-10.22,0.185,1317,slab
1319,7,-5.7,-12.4,-10.22,0.185,1318,slab
1320,7,-6.4,-12.44,-10.22,0.185,1319,slab
1321,7,-6.69,-12.56,-10.72,0.185,1320,slab
1322,7,-7.42,-12.2,-10.81,0.15,1321,slab
1323,7,-7.63,-12.01,-11.31,0.15,1322,branch
1324,7,-9.36,-11.4,-11.14,0.075,1323,slab
1325,7,-10.36,-11.45,-11.14,0.075,1324,slab
1326,7,-10.96,-11.48,-10.64,0.075,1325,slab
1327,7,-11.53,-12.02,-10.64,0.075,1326,slab
1328,7,-11.62,-12.23,-11.22,0.075,1327,slab
1329,7,-11.91,-12.54,-11.22,0.075,1328,slab
1330,7,-12.29,-12.76,-11.63,0.075,1329,slab
1331,7,-12.48,-12.97,-11.63,0.075,1330,slab
1332,7,-12.79,-12.79,-12.06,0.075,1331,slab
1333,7,-12.9,-12.49,-12.06,0.075,1332,slab
1334,7,-14.11,-12.55,-12.13,0.075,1333,slab
1335,7,-15.1,-12.71,-12.39,0.075,1334,slab
1336,7,-15.61,-12.43,-12.81,0.075,1335,slab
1337,7,-15.71,-12.44,-12.81,0.075,1336,branch
1338,7,-16.95,-11.91,-13.39,0.075,1337,slab
1339,7,-17.86,-11.66,-13.47,0.075,1338,slab
1340,7,-17.86,-11.56,-13.47,0.075,1339,slab
1341,7,-18.19,-11.17,-13.47,0.075,1340,slab
1342,7,-18.39,-11.09,-13.77,0.075,1341,slab
1343,7,-19.1,-10.83,-13.77,0.075,1342,slab
1344,7,-20.23,-10.49,-13.39,0.075,1343,end
1345,7,-17.04,-15.82,-13.06,0.11,1337,slab
1346,7,-17.12,-16.13,-13.13,0.11,1345,slab
1347,7,-17.39,-16.74,-13.13,0.11,1346,slab
1348,7,-17.76,-17.26,-13.89,0.11,1347,slab
1349,7,-18.03,-17.67,-13.89,0.11,1348,slab
1350,7,-18.02,-17.87,-13.89,0.11,1349,slab
1351,7,-17.55,-19.25,-14.06,0.11,1350,slab
1352,7,-16.38,-20.59,-14.56,0.11,1351,slab
1353,7,-16.05,-20.98,-14.56,0.11,1352,slab
1354,7,-15.57,-22.46,-14.56,0.11,1353,slab
1355,7,-15.32,-23.54,-14.72,0.11,1354,slab
1356,7,-15.57,-24.46,-14.72,0.11,1355,slab
1357,7,-15.84,-24.87,-14.13,0.11,1356,slab
1358,7,-16.21,-25.49,-13.97,0.11,1357,branch
1359,7,-16.77,-26.22,-12.97,0.11,1358,slab
1360,7,-17.05,-26.74,-12.97,0.11,1359,slab
1361,7,-17.41,-27.26,-13.38,0.11,1360,slab
1362,7,-17.8,-27.68,-13.38,0.11,1361,slab
1363,7,-18.4,-27.71,-13.88,0.11,1362,slab
1364,7,-19.51,-27.48,-14.06,0.11,1363,end
1365,7,-15.25,-28.44,-13.38,0.11,1358,slab
1366,7,-15.14,-28.64,-13.77,0.11,1365,slab
1367,7,-15.12,-29.13,-13.77,0.11,1366,slab
1368,7,-15.38,-29.65,-14.72,0.11,1367,slab
1369,7,-15.77,-29.97,-14.72,0.11,1368,slab
1370,7,-16.36,-30.11,-14.72,0.11,1369,slab
1371,7,-16.86,-30.13,-15.13,0.11,1370,slab
1372,7,-17.36,-30.16,-15.13,0.11,1371,slab
1373,7,-18.22,-31.0,-15.14,0.11,1372,slab
1374,7,-19.25,-32.26,-15.27,0.11,1373,end
1375,7,-8.64,-13.66,-10.52,0.11,1323,slab
1376,7,-8.82,-13.97,-10.56,0.11,1375,slab
1377,7,-8.99,-14.59,-10.56,0.11,1376,slab
1378,7,-9.26,-15.1,-10.56,0.11,1377,slab
1379,7,-9.52,-15.91,-11.06,0.11,1378,slab
1380,7,-9.49,-16.41,-11.06,0.11,1379,slab
1381,7,-10.14,-17.25,-10.47,0.11,1380,slab
1382,7,-10.5,-17.97,-10.47,0.11,1381,slab
1383,7,-10.79,-18.39,-10.14,0.11,1382,slab
1384,7,-11.07,-18.7,-10.14,0.11,1383,slab
1385,7,-11.66,-20.74,-10.38,0.11,1384,slab
1386,7,-12.32,-21.58,-10.63,0.11,1385,slab
1387,7,-12.4,-21.98,-10.63,0.11,1386,slab
1388,7,-12.65,-22.89,-10.63,0.11,1387,slab
1389,7,-12.87,-24.31,-10.13,0.075,1388,slab
1390,7,-13.11,-25.43,-10.13,0.075,1389,slab
1391,7,-13.35,-26.53,-9.97,0.075,1390,slab
1392,7,-13.47,-27.94,-9.88,0.075,1391,slab
1393,7,-13.44,-28.64,-9.88,0.075,1392,slab
1394,7,-13.87,-29.97,-10.39,0.075,1393,end
1395,7,-2.99,-14.46,-9.14,0.11,1317,slab
1396,7,-2.33,-15.42,-9.13,0.11,1395,slab
1397,7,-2.48,-16.43,-9.13,0.11,1396,slab
1398,7,-2.85,-16.96,-10.06,0.11,1397,slab
1399,7,-2.92,-17.36,-10.06,0.11,1398,slab
1400,7,-2.89,-18.06,-10.31,0.11,1399,slab
1401,7,-2.44,-19.13,-9.88,0.15,1400,slab
1402,7,-2.72,-19.35,-9.88,0.15,1401,slab
1403,7,-2.89,-19.97,-10.27,0.15,1402,slab
1404,7,-2.97,-20.27,-10.27,0.15,1403,branch
1405,7,-4.12,-21.23,-11.02,0.11,1404,slab
1406,7,-4.42,-21.25,-11.02,0.11,1405,slab
1407,7,-5.05,-20.78,-10.89,0.11,1406,slab
1408,7,-5.78,-20.12,-10.89,0.11,1407,slab
1409,7,-6.34,-19.14,-11.52,0.11,1408,slab
1410,7,-6.69,-18.07,-11.52,0.11,1409,end
1411,7,-2.57,-22.25,-9.64,0.11,1404,slab
1412,7,-2.53,-22.85,-9.64,0.11,1411,slab
1413,7,-2.43,-22.94,-9.64,0.11,1412,slab
1414,7,-1.98,-23.92,-10.31,0.11,1413,slab
1415,7,-1.74,-24.61,-10.31,0.11,1414,slab
1416,7,-1.5,-25.3,-10.88,0.035,1415,slab
1417,7,-1.5,-25.4,-10.88,0.035,1416,slab
1418,7,-1.77,-25.81,-10.88,0.035,1417,slab
1419,7,-1.76,-26.01,-10.88,0.035,1418,slab
1420,7,-1.34,-26.39,-10.88,0.035,1419,slab
1421,7,-0.82,-26.86,-10.88,0.035,1420,slab
1422,7,-0.57,-27.55,-10.81,0.075,1421,slab
1423,7,-0.7,-28.86,-10.81,0.075,1422,slab
1424,7,-0.67,-29.56,-10.39,0.075,1423,slab
1425,7,-0.65,-29.86,-10.39,0.075,1424,slab
1426,7,-0.51,-32.45,-11.13,0.075,1425,slab
1427,7,-0.51,-32.55,-11.38,0.075,1426,slab
1428,7,-0.47,-33.25,-11.38,0.075,1427,slab
1429,7,-0.46,-33.45,-11.64,0.075,1428,branch
1430,7,-2.77,-35.18,-12.31,0.075,1429,slab
1431,7,-3.36,-35.41,-12.31,0.075,1430,slab
1432,7,-4.06,-35.44,-12.39,0.075,1431,slab
1433,7,-4.75,-35.58,-12.39,0.075,1432,slab
1434,7,-5.24,-35.71,-12.64,0.075,1433,slab
1435,7,-5.84,-35.84,-12.64,0.075,1434,slab
1436,7,-6.13,-35.86,-12.64,0.075,1435,slab
1437,7,-6.6,-36.49,-12.64,0.075,1436,slab
1438,7,-6.96,-37.31,-12.64,0.075,1437,slab
1439,7,-7.24,-37.62,-12.72,0.075,1438,slab
1440,7,-7.6,-38.55,-12.72,0.075,1439,slab
1441,7,-7.68,-38.75,-13.06,0.075,1440,slab
1442,7,-8.7,-38.5,-13.06,0.075,1441,slab
1443,7,-9.22,-38.13,-13.56,0.075,1442,slab
1444,7,-10.32,-38.09,-13.56,0.075,1443,slab
1445,7,-10.52,-38.1,-13.39,0.075,1444,slab
1446,7,-12.96,-37.43,-13.27,0.075,1445,slab
1447,7,-13.55,-37.76,-13.27,0.075,1446,slab
1448,7,-14.14,-37.9,-13.22,0.075,1447,slab
1449,7,-14.94,-37.93,-13.22,0.075,1448,slab
1450,7,-15.86,-37.59,-13.52,0.075,1449,slab
1451,7,-16.36,-37.62,-13.64,0.075,1450,slab
1452,7,-17.04,-37.95,-13.64,0.075,1451,slab
1453,7,-17.79,-38.8,-14.06,0.075,1452,slab
1454,7,-18.08,-39.11,-14.06,0.075,1453,slab
1455,7,-18.18,-39.21,-14.38,0.075,1454,slab
1456,7,-17.02,-38.45,-14.38,0.075,1455,slab
1457,7,-16.73,-38.13,-14.38,0.075,1456,slab
1458,7,-17.17,-37.56,-14.38,0.075,1457,slab
1459,7,-18.17,-37.31,-14.38,0.075,1458,slab
1460,7,-18.72,-38.25,-14.47,0.075,1459,end
1461,7,-0.71,-36.27,-12.63,0.075,1429,slab
1462,7,-0.76,-37.18,-12.63,0.075,1461,slab
1463,7,-0.63,-37.77,-12.63,0.075,1462,slab
1464,7,-0.52,-37.86,-12.63,0.075,1463,slab
1465,7,-0.62,-39.67,-14.63,0.075,1464,slab
1466,7,-0.67,-40.68,-15.14,0.075,1465,slab
1467,7,-0.84,-41.29,-15.13,0.075,1466,slab
1468,7,-1.11,-41.8,-15.13,0.075,1467,slab
1469,7,-1.2,-42.0,-15.13,0.075,1468,slab
1470,7,-1.28,-42.31,-14.63,0.075,1469,slab
1471,7,-1.78,-42.43,-16.14,0.075,1470,slab
1472,7,-2.47,-42.57,-16.14,0.075,1471,slab
1473,7,-2.75,-42.89,-15.89,0.075,1472,slab
1474,7,-3.11,-43.61,-15.88,0.075,1473,slab
1475,7,-3.55,-44.83,-15.88,0.075,1474,slab
1476,7,-3.61,-45.44,-16.21,0.075,1475,slab
1477,7,-3.38,-46.12,-16.21,0.075,1476,slab
1478,7,-2.83,-46.9,-16.56,0.075,1477,slab
1479,7,-2.52,-47.18,-16.56,0.075,1478,slab
1480,7,-0.98,-47.8,-16.96,0.075,1479,slab
1481,7,-0.27,-48.16,-16.96,0.075,1480,slab
1482,7,0.14,-48.44,-17.21,0.075,1481,branch
1483,7,-0.38,-49.77,-17.14,0.075,1482,slab
1484,7,-1.23,-50.62,-17.21,0.075,1483,slab
1485,7,-1.69,-51.45,-17.21,0.075,1484,slab
1486,7,-1.87,-51.85,-17.46,0.075,1485,end
1487,7,1.18,-51.4,-17.53,0.075,1482,slab
1488,7,1.15,-52.6,-17.53,0.075,1487,slab
1489,7,0.71,-53.32,-17.89,0.075,1488,end
1490,7,0.0,-2.8,-6.86,0.11,1,slab
1491,7,-0.05,-5.31,-6.86,0.11,1490,slab
1492,7,0.33,-8.79,-6.86,0.11,1491,slab
1493,7,0.15,-11.0,-7.01,0.11,1492,slab
1494,7,-0.22,-11.42,-7.01,0.11,1493,branch
1495,7,-2.35,-12.93,-7.55,0.075,1494,slab
1496,7,-3.17,-14.18,-7.3,0.075,1495,slab
1497,7,-3.33,-14.99,-7.3,0.075,1496,slab
1498,7,-3.4,-15.6,-6.67,0.075,1497,slab
1499,7,-2.96,-16.38,-6.67,0.075,1498,slab
1500,7,-2.21,-17.24,-6.36,0.075,1499,slab
1501,7,-2.17,-17.94,-6.36,0.075,1500,slab
1502,7,-2.04,-18.63,-6.36,0.075,1501,slab
1503,7,-1.39,-19.4,-6.36,0.075,1502,slab
1504,7,-0.67,-19.96,-6.36,0.075,1503,slab
1505,7,-0.66,-20.06,-6.36,0.075,1504,slab
1506,7,-0.52,-20.85,-6.36,0.075,1505,slab
1507,7,-0.37,-21.64,-6.71,0.075,1506,slab
1508,7,-0.71,-22.67,-6.76,0.035,1507,slab
1509,7,-1.35,-23.9,-6.17,0.035,1508,end
1510,7,0.72,-12.68,-7.01,0.075,1494,branch
1511,7,-0.88,-14.06,-7.46,0.075,1510,slab
1512,7,-1.13,-14.98,-7.76,0.075,1511,slab
1513,7,-1.51,-15.39,-8.17,0.075,1512,slab
1514,7,-1.89,-15.72,-8.17,0.075,1513,end
1515,7,0.82,-12.87,-7.01,0.075,1510,slab
1516,7,1.11,-14.46,-7.67,0.075,1515,slab
1517,7,1.24,-14.86,-7.67,0.075,1516,slab
1518,7,1.77,-15.53,-7.36,0.075,1517,slab
1519,7,2.13,-16.51,-6.26,0.075,1518,slab
1520,7,2.14,-16.91,-6.26,0.075,1519,slab
1521,7,2.47,-17.5,-6.11,0.075,1520,slab
1522,7,2.79,-17.78,-6.11,0.075,1521,slab
1523,7,2.19,-17.71,-6.11,0.075,1522,slab
1524,7,0.97,-17.28,-6.11,0.075,1523,slab
1525,7,0.75,-16.98,-6.11,0.075,1524,end
1526,7,-0.6,-2.73,-6.92,0.185,1,slab
1527,7,0.37,-7.88,-6.82,0.185,1526,slab
1528,7,0.38,-8.08,-6.82,0.185,1527,slab
1529,7,-0.17,-8.82,-7.42,0.185,1528,slab
1530,7,-1.29,-10.38,-7.63,0.185,1529,slab
1531,7,-2.07,-10.82,-7.63,0.185,1530,slab
1532,7,-3.08,-10.68,-7.78,0.185,1531,slab
1533,7,-3.55,-11.21,-7.78,0.185,1532,slab
1534,7,-3.59,-12.31,-8.1,0.185,1533,slab
1535,7,-6.24,-16.96,-7.38,0.035,1534,slab
1536,7,-6.24,-17.06,-7.38,0.035,1535,branch
1537,7,-8.46,-16.78,-6.82,0.035,1536,slab
1538,7,-9.53,-17.24,-7.53,0.035,1537,slab
1539,7,-10.13,-17.27,-7.53,0.035,1538,slab
1540,7,-10.42,-17.39,-7.53,0.035,1539,slab
1541,7,-10.92,-17.61,-7.17,0.11,1540,slab
1542,7,-11.85,-16.96,-7.67,0.11,1541,slab
1543,7,-13.9,-16.08,-5.73,0.11,1542,slab
1544,7,-14.53,-15.51,-5.73,0.11,1543,slab
1545,7,-14.83,-15.52,-5.48,0.11,1544,slab
1546,7,-15.13,-15.54,-6.53,0.11,1545,slab
1547,7,-16.75,-17.03,-6.57,0.075,1546,slab
1548,7,-17.45,-17.26,-6.98,0.075,1547,slab
1549,7,-18.15,-17.3,-6.98,0.075,1548,slab
1550,7,-20.43,-17.62,-6.53,0.075,1549,slab
1551,7,-21.23,-17.67,-6.53,0.075,1550,slab
1552,7,-22.23,-17.72,-6.92,0.075,1551,slab
1553,7,-22.72,-17.75,-6.92,0.075,1552,slab
1554,7,-23.72,-17.8,-7.28,0.075,1553,end
1555,7,-6.22,-21.06,-7.38,0.11,1536,slab
1556,7,-6.2,-21.57,-7.53,0.11,1555,slab
1557,7,-7.47,-23.94,-8.68,0.11,1556,slab
1558,7,-8.69,-25.5,-8.48,0.11,1557,slab
1559,7,-10.32,-26.69,-8.34,0.11,1558,slab
1560,7,-10.79,-27.42,-8.34,0.11,1559,slab
1561,7,-11.15,-28.14,-8.6,0.11,1560,slab
1562,7,-11.53,-28.56,-8.43,0.11,1561,slab
1563,7,-11.36,-31.66,-9.02,0.11,1562,slab
1564,7,-11.41,-32.56,-9.02,0.11,1563,slab
1565,7,-11.38,-33.16,-9.02,0.11,1564,slab
1566,7,-11.31,-34.36,-9.02,0.11,1565,slab
1567,7,-11.03,-35.84,-8.52,0.11,1566,slab
1568,7,-12.09,-36.8,-8.27,0.11,1567,slab
1569,7,-12.36,-37.22,-8.27,0.11,1568,slab
1570,7,-12.56,-37.24,-9.18,0.075,1569,slab
1571,7,-13.26,-37.27,-9.23,0.075,1570,slab
1572,7,-13.68,-36.99,-9.23,0.075,1571,slab
1573,7,-14.5,-36.53,-9.23,0.075,1572,slab
1574,7,-15.01,-36.36,-8.48,0.075,1573,slab
1575,7,-15.9,-36.51,-8.48,0.075,1574,slab
1576,7,-16.28,-37.03,-8.35,0.075,1575,end
1577,7,-1.55,-1.82,-8.09,0.11,1,slab
1578,7,-2.78,-3.19,-9.02,0.11,1577,slab
1579,7,-4.61,-4.49,-9.13,0.11,1578,slab
1580,7,-4.99,-4.91,-9.13,0.11,1579,slab
1581,7,-5.71,-6.35,-9.38,0.11,1580,slab
1582,7,-5.95,-7.47,-9.38,0.11,1581,slab
1583,7,-5.91,-8.17,-9.38,0.11,1582,slab
1584,7,-5.67,-8.96,-9.02,0.11,1583,slab
1585,7,-5.23,-9.64,-9.02,0.11,1584,slab
1586,7,-4.81,-10.21,-9.02,0.11,1585,slab
1587,7,-4.58,-10.6,-9.02,0.11,1586,slab
1588,7,-5.51,-10.05,-9.71,0.11,1587,slab
1589,7,-6.57,-10.81,-10.27,0.11,1588,slab
1590,7,-7.42,-11.86,-10.27,0.11,1589,slab
1591,7,-7.77,-12.77,-10.27,0.11,1590,slab
1592,7,-8.39,-14.21,-9.38,0.075,1591,slab
1593,7,-8.76,-14.93,-9.38,0.075,1592,slab
1594,7,-8.99,-16.05,-10.21,0.075,1593,slab
1595,7,-9.35,-16.86,-10.21,0.075,1594,slab
1596,7,-9.42,-17.37,-9.96,0.075,1595,slab
1597,7,-9.4,-17.67,-9.96,0.075,1596,slab
1598,7,-8.87,-18.24,-9.68,0.075,1597,slab
1599,7,-8.81,-19.34,-9.68,0.075,1598,slab
1600,7,-8.93,-20.85,-9.68,0.075,1599,slab
1601,7,-9.1,-21.46,-9.96,0.075,1600,slab
1602,7,-9.56,-22.18,-9.96,0.075,1601,slab
1603,7,-9.94,-22.61,-10.13,0.075,1602,slab
1604,7,-10.34,-22.73,-10.13,0.075,1603,slab
1605,7,-10.82,-22.96,-10.21,0.075,1604,slab
1606,7,-10.99,-23.56,-10.18,0.075,1605,slab
1607,7,-10.09,-27.23,-10.52,0.15,1606,slab
1608,7,-9.66,-27.8,-10.71,0.15,1607,slab
1609,7,-9.66,-27.8,-11.34,0.15,1608,slab
1610,7,-9.95,-28.12,-11.34,0.15,1609,slab
1611,7,-10.53,-28.35,-11.63,0.15,1610,slab
1612,7,-10.92,-28.57,-11.93,0.15,1611,slab
1613,7,-11.0,-28.77,-11.93,0.15,1612,slab
1614,7,-10.42,-30.34,-12.27,0.15,1613,branch
1615,7,-9.53,-30.09,-11.93,0.035,1614,slab
1616,7,-9.51,-30.59,-11.93,0.035,1615,slab
1617,7,-9.5,-30.69,-12.09,0.035,1616,slab
1618,7,-9.5,-30.79,-12.09,0.035,1617,end
1619,7,-11.56,-31.51,-12.13,0.035,1614,slab
1620,7,-11.83,-32.12,-12.34,0.035,1619,slab
1621,7,-12.09,-32.84,-12.34,0.035,1620,slab
1622,7,-12.07,-33.14,-12.09,0.035,1621,slab
1623,7,-12.13,-33.94,-12.09,0.035,1622,slab
1624,7,-12.22,-34.15,-12.93,0.035,1623,slab
1625,7,-12.2,-34.55,-13.34,0.035,1624,slab
1626,7,-11.83,-33.92,-13.34,0.035,1625,slab
1627,7,-12.15,-33.44,-13.38,0.035,1626,slab
1628,7,-12.25,-33.45,-13.38,0.035,1627,slab
1629,7,-12.67,-33.17,-13.38,0.035,1628,slab
1630,7,-13.27,-33.21,-13.71,0.035,1629,slab
1631,7,-14.35,-33.76,-13.93,0.075,1630,slab
1632,7,-14.4,-34.66,-13.93,0.075,1631,slab
1633,7,-14.23,-35.85,-14.09,0.075,1632,slab
1634,7,-14.22,-36.15,-14.09,0.075,1633,slab
1635,7,-15.9,-36.45,-13.96,0.075,1634,slab
1636,7,-16.6,-36.38,-13.96,0.075,1635,slab
1637,7,-16.85,-35.6,-14.38,0.075,1636,slab
1638,7,-17.07,-35.21,-13.96,0.075,1637,slab
1639,7,-17.81,-34.55,-13.96,0.075,1638,slab
1640,7,-18.21,-34.57,-13.96,0.075,1639,slab
1641,7,-19.11,-34.62,-14.09,0.075,1640,slab
1642,7,-19.19,-34.82,-14.09,0.075,1641,slab
1643,7,-19.53,-35.85,-14.21,0.075,1642,slab
1644,7,-19.62,-36.24,-14.21,0.075,1643,end
1645,7,-0.15,-2.46,-8.69,0.185,1,slab
1646,7,0.15,-6.15,-8.69,0.185,1645,slab
1647,7,1.23,-9.59,-8.8,0.185,1646,slab
1648,7,4.22,-14.84,-9.19,0.185,1647,slab
1649,7,4.7,-16.41,-9.19,0.185,1648,slab
1650,7,5.02,-16.7,-9.19,0.185,1649,slab
1651,7,5.55,-17.27,-10.05,0.185,1650,slab
1652,7,4.67,-19.32,-11.89,0.185,1651,slab
1653,7,4.79,-19.82,-11.89,0.185,1652,slab
1654,7,5.61,-20.07,-11.89,0.185,1653,slab
1655,7,6.04,-20.65,-11.89,0.185,1654,slab
1656,7,6.32,-22.14,-11.89,0.185,1655,slab
1657,7,6.47,-23.03,-11.89,0.185,1656,slab
1658,7,6.93,-24.2,-12.39,0.185,1657,slab
1659,7,6.95,-24.5,-12.39,0.185,1658,slab
1660,7,7.58,-24.97,-12.39,0.185,1659,slab
1661,7,8.42,-25.92,-13.23,0.15,1660,slab
1662,7,8.64,-26.22,-12.98,0.15,1661,branch
1663,7,8.19,-29.04,-14.06,0.11,1662,slab
1664,7,8.51,-31.32,-14.06,0.11,1663,slab
1665,7,8.73,-31.62,-14.06,0.11,1664,slab
1666,7,10.59,-32.52,-14.44,0.11,1665,slab
1667,7,11.02,-33.1,-14.44,0.11,1666,slab
1668,7,10.29,-34.44,-14.44,0.11,1667,slab
1669,7,9.57,-35.88,-14.44,0.11,1668,slab
1670,7,9.39,-38.2,-15.55,0.075,1669,slab
1671,7,9.21,-38.4,-15.55,0.075,1670,slab
1672,7,9.13,-39.1,-15.89,0.075,1671,slab
1673,7,9.05,-39.41,-15.89,0.075,1672,slab
1674,7,8.13,-39.06,-15.89,0.075,1673,slab
1675,7,8.03,-38.97,-16.29,0.075,1674,slab
1676,7,7.58,-39.99,-16.29,0.075,1675,slab
1677,7,7.5,-40.29,-16.29,0.075,1676,slab
1678,7,7.22,-40.61,-16.7,0.075,1677,slab
1679,7,6.54,-41.05,-16.7,0.075,1678,slab
1680,7,5.65,-41.3,-17.13,0.075,1679,slab
1681,7,5.35,-41.41,-17.13,0.075,1680,slab
1682,7,5.27,-41.62,-17.7,0.075,1681,slab
1683,7,4.97,-41.74,-17.95,0.075,1682,slab
1684,7,4.88,-41.84,-17.95,0.075,1683,branch
1685,7,7.75,-43.19,-17.2,0.035,1684,slab
1686,7,8.97,-43.42,-17.13,0.035,1685,end
1687,7,5.4,-44.12,-19.13,0.035,1684,slab
1688,7,5.25,-44.92,-19.23,0.035,1687,slab
1689,7,5.47,-45.42,-19.23,0.035,1688,slab
1690,7,5.5,-45.92,-19.23,0.035,1689,slab
1691,7,5.93,-46.39,-21.06,0.035,1690,slab
1692,7,6.92,-46.34,-20.95,0.035,1691,slab
1693,7,7.44,-46.51,-20.95,0.035,1692,slab
1694,7,7.95,-46.78,-20.95,0.035,1693,end
1695,7,9.95,-28.05,-12.72,0.075,1662,branch
1696,7,13.54,-26.15,-11.94,0.11,1695,slab
1697,7,13.95,-26.23,-11.94,0.11,1696,slab
1698,7,15.24,-27.86,-12.56,0.11,1697,slab
1699,7,15.58,-28.54,-12.05,0.11,1698,slab
1700,7,15.9,-28.93,-12.05,0.11,1699,slab
1701,7,16.31,-29.2,-12.05,0.11,1700,slab
1702,7,17.11,-29.16,-12.31,0.11,1701,slab
1703,7,17.71,-29.13,-12.31,0.11,1702,slab
1704,7,18.32,-29.1,-12.89,0.11,1703,slab
1705,7,18.52,-29.08,-12.89,0.11,1704,branch
1706,7,18.88,-30.37,-12.14,0.075,1705,slab
1707,7,18.61,-30.88,-12.14,0.075,1706,slab
1708,7,18.32,-31.1,-12.14,0.075,1707,slab
1709,7,18.14,-31.51,-12.44,0.075,1708,slab
1710,7,18.16,-31.81,-12.44,0.075,1709,slab
1711,7,18.39,-32.4,-12.48,0.075,1710,slab
1712,7,18.55,-33.49,-12.48,0.075,1711,slab
1713,7,18.61,-34.59,-12.19,0.075,1712,slab
1714,7,18.62,-34.79,-12.19,0.075,1713,end
1715,7,19.7,-30.63,-13.81,0.11,1705,slab
1716,7,20.22,-30.99,-13.69,0.11,1715,slab
1717,7,20.6,-30.58,-13.69,0.11,1716,slab
1718,7,20.88,-30.26,-13.14,0.11,1717,slab
1719,7,21.14,-29.55,-13.14,0.11,1718,slab
1720,7,22.22,-30.99,-13.06,0.11,1719,slab
1721,7,22.23,-31.19,-13.94,0.11,1720,slab
1722,7,22.61,-30.86,-13.94,0.11,1721,slab
1723,7,23.3,-30.73,-13.94,0.11,1722,slab
1724,7,23.4,-30.72,-14.14,0.11,1723,slab
1725,7,23.56,-31.72,-14.14,0.11,1724,branch
1726,7,23.28,-33.93,-13.73,0.075,1725,slab
1727,7,23.3,-34.33,-14.19,0.075,1726,slab
1728,7,23.43,-34.83,-14.19,0.075,1727,slab
1729,7,23.76,-35.31,-14.19,0.075,1728,end
1730,7,24.83,-32.95,-14.06,0.075,1725,slab
1731,7,25.76,-33.51,-14.44,0.075,1730,end
1732,7,10.06,-28.34,-12.69,0.075,1695,slab
1733,7,10.4,-28.93,-12.69,0.075,1732,slab
1734,7,10.5,-28.92,-12.69,0.075,1733,slab
1735,7,10.7,-29.01,-12.06,0.075,1734,slab
1736,7,11.14,-29.79,-12.06,0.075,1735,slab
1737,7,11.57,-30.36,-12.06,0.075,1736,slab
1738,7,12.49,-32.62,-11.8,0.075,1737,slab
1739,7,12.65,-33.81,-11.64,0.075,1738,slab
1740,7,12.61,-34.82,-11.3,0.075,1739,slab
1741,7,12.14,-35.44,-11.3,0.075,1740,slab
1742,7,11.68,-36.17,-11.14,0.075,1741,slab
1743,7,11.64,-37.16,-11.14,0.075,1742,slab
1744,7,11.67,-37.87,-10.98,0.075,1743,slab
1745,7,12.21,-38.34,-10.98,0.075,1744,slab
1746,7,13.13,-38.79,-10.31,0.075,1745,slab
1747,7,13.54,-38.97,-10.31,0.075,1746,slab
1748,7,14.28,-39.63,-9.81,0.075,1747,slab
1749,7,14.7,-40.2,-9.81,0.075,1748,slab
1750,7,15.86,-41.15,-9.64,0.075,1749,slab
1751,7,15.97,-41.24,-9.64,0.075,1750,slab
1752,7,16.68,-41.5,-9.64,0.075,1751,slab
1753,7,17.59,-41.75,-9.64,0.075,1752,slab
1754,7,18.2,-41.82,-9.19,0.075,1753,slab
1755,7,19.19,-41.77,-9.19,0.075,1754,slab
1756,7,19.79,-41.64,-9.06,0.075,1755,slab
1757,7,20.13,-42.22,-9.06,0.075,1756,slab
1758,7,20.3,-43.62,-9.05,0.075,1757,slab
1759,7,20.4,-45.41,-9.05,0.075,1758,slab
1760,7,20.54,-46.1,-9.05,0.075,1759,slab
1761,7,21.21,-47.47,-9.05,0.075,1760,end
1762,7,0.85,-1.05,-9.89,0.15,1,slab
1763,7,2.23,-4.37,-9.94,0.15,1762,slab
1764,7,3.64,-6.4,-9.8,0.15,1763,slab
1765,7,4.29,-9.07,-9.48,0.15,1764,slab
1766,7,4.38,-10.87,-9.48,0.15,1765,slab
1767,7,4.22,-13.48,-10.19,0.15,1766,slab
1768,7,4.25,-13.98,-10.19,0.15,1767,slab
1769,7,5.3,-14.72,-10.55,0.15,1768,slab
1770,7,5.13,-15.34,-10.55,0.15,1769,slab
1771,7,3.47,-16.33,-10.64,0.15,1770,slab
1772,7,3.19,-16.55,-10.64,0.15,1771,slab
1773,7,2.67,-18.07,-10.64,0.15,1772,slab
1774,7,2.65,-19.68,-10.8,0.15,1773,slab
1775,7,2.94,-21.26,-10.8,0.15,1774,slab
1776,7,3.55,-23.33,-11.06,0.15,1775,slab
1777,7,3.41,-24.44,-11.06,0.15,1776,slab
1778,7,3.34,-24.85,-11.05,0.15,1777,slab
1779,7,3.68,-25.63,-11.05,0.15,1778,slab
1780,7,4.02,-26.51,-11.48,0.15,1779,slab
1781,7,4.04,-26.81,-11.48,0.15,1780,slab
1782,7,3.06,-27.06,-12.19,0.15,1781,slab
1783,7,2.27,-27.4,-11.56,0.15,1782,slab
1784,7,1.91,-28.13,-11.56,0.15,1783,slab
1785,7,2.37,-31.01,-11.55,0.15,1784,slab
1786,7,2.37,-31.21,-12.55,0.15,1785,slab
1787,7,2.87,-31.18,-12.55,0.15,1786,slab
1788,7,2.96,-30.87,-12.81,0.15,1787,end
1789,7,0.97,-0.99,-9.55,0.11,1,slab
1790,7,4.67,-2.69,-9.63,0.11,1789,slab
1791,7,8.2,-3.21,-10.76,0.11,1790,slab
1792,7,8.52,-3.49,-10.88,0.11,1791,slab
1793,7,8.74,-3.97,-10.88,0.11,1792,slab
1794,7,9.34,-5.74,-11.35,0.11,1793,slab
1795,7,9.28,-8.25,-11.35,0.11,1794,slab
1796,7,9.0,-8.67,-11.26,0.11,1795,slab
1797,7,9.67,-8.03,-13.1,0.11,1796,slab
1798,7,11.44,-7.44,-13.1,0.11,1797,slab
1799,7,11.64,-7.42,-13.1,0.11,1798,slab
1800,7,12.76,-7.66,-13.6,0.11,1799,slab
1801,7,12.86,-7.76,-13.6,0.11,1800,branch
1802,7,17.55,-11.11,-14.76,0.11,1801,slab
1803,7,18.31,-12.28,-13.76,0.11,1802,slab
1804,7,18.74,-12.85,-13.51,0.11,1803,slab
1805,7,18.98,-13.44,-13.51,0.11,1804,slab
1806,7,18.78,-13.65,-13.51,0.11,1805,slab
1807,7,17.85,-14.8,-13.35,0.11,1806,slab
1808,7,17.67,-15.21,-13.35,0.11,1807,slab
1809,7,17.4,-15.93,-13.19,0.11,1808,slab
1810,7,17.29,-17.54,-13.19,0.11,1809,slab
1811,7,17.53,-18.23,-13.51,0.11,1810,slab
1812,7,18.37,-18.98,-13.51,0.11,1811,slab
1813,7,18.68,-19.16,-14.13,0.11,1812,slab
1814,7,19.6,-19.42,-14.44,0.11,1813,slab
1815,7,19.9,-19.4,-14.44,0.11,1814,slab
1816,7,20.95,-20.34,-14.44,0.11,1815,slab
1817,7,22.87,-20.74,-14.44,0.11,1816,slab
1818,7,22.9,-21.14,-14.44,0.11,1817,slab
1819,7,22.9,-21.34,-14.44,0.11,1818,slab
1820,7,23.3,-23.12,-14.85,0.11,1819,slab
1821,7,23.29,-24.72,-14.88,0.11,1820,slab
1822,7,23.4,-24.91,-14.88,0.11,1821,end
1823,7,14.37,-6.07,-14.35,0.075,1801,slab
1824,7,15.65,-5.7,-14.35,0.075,1823,slab
1825,7,16.23,-5.27,-14.35,0.075,1824,slab
1826,7,16.92,-5.04,-14.35,0.075,1825,slab
1827,7,17.21,-4.82,-14.94,0.075,1826,slab
1828,7,18.5,-4.65,-14.94,0.075,1827,slab
1829,7,19.0,-4.62,-14.94,0.075,1828,slab
1830,7,19.91,-4.68,-14.88,0.075,1829,slab
1831,7,21.4,-4.59,-14.88,0.075,1830,slab
1832,7,22.5,-4.53,-15.3,0.075,1831,slab
1833,7,23.3,-4.49,-15.3,0.075,1832,slab
1834,7,24.75,-3.61,-15.19,0.075,1833,slab
1835,7,25.33,-3.07,-15.19,0.075,1834,slab
1836,7,26.0,-2.54,-15.19,0.075,1835,slab
1837,7,26.66,-1.8,-15.76,0.075,1836,slab
1838,7,27.13,-1.28,-16.29,0.075,1837,slab
1839,7,27.21,-0.88,-16.29,0.075,1838,branch
1840,7,27.27,3.7,-15.69,0.075,1839,slab
1841,7,27.16,3.9,-15.69,0.075,1840,slab
1842,7,26.73,4.38,-16.54,0.075,1841,slab
1843,7,26.71,4.88,-16.54,0.075,1842,slab
1844,7,26.69,5.08,-16.79,0.075,1843,slab
1845,7,26.87,5.59,-16.79,0.075,1844,slab
1846,7,27.56,5.73,-16.36,0.035,1845,slab
1847,7,28.46,5.78,-16.2,0.035,1846,slab
1848,7,28.86,5.79,-16.2,0.035,1847,slab
1849,7,29.76,5.84,-16.2,0.035,1848,slab
1850,7,30.16,5.76,-16.7,0.035,1849,slab
1851,7,30.37,5.67,-16.7,0.035,1850,end
1852,7,27.99,-0.25,-17.86,0.075,1839,slab
1853,7,28.35,0.56,-17.86,0.075,1852,slab
1854,7,29.22,1.01,-17.61,0.075,1853,slab
1855,7,29.6,1.23,-17.61,0.075,1854,slab
1856,7,29.69,1.53,-17.61,0.075,1855,slab
1857,7,28.51,1.07,-17.2,0.075,1856,slab
1858,7,27.95,0.53,-17.2,0.075,1857,slab
1859,7,26.88,-0.31,-17.2,0.075,1858,slab
1860,7,26.3,-0.55,-17.36,0.075,1859,slab
1861,7,25.5,-0.59,-17.36,0.075,1860,slab
1862,7,25.1,-0.61,-17.36,0.075,1861,slab
1863,7,24.62,-1.21,-18.26,0.075,1862,slab
1864,7,24.15,-1.64,-18.26,0.075,1863,slab
1865,7,22.95,-1.9,-18.36,0.075,1864,slab
1866,7,22.26,-1.94,-18.36,0.075,1865,slab
1867,7,21.88,-2.26,-18.36,0.075,1866,slab
1868,7,21.52,-3.09,-19.01,0.075,1867,slab
1869,7,21.57,-3.99,-19.01,0.075,1868,slab
1870,7,21.83,-5.17,-19.01,0.075,1869,slab
1871,7,21.74,-5.38,-19.01,0.075,1870,slab
1872,7,20.55,-5.44,-19.26,0.035,1871,slab
1873,7,19.5,-6.4,-19.26,0.035,1872,slab
1874,7,19.31,-6.71,-19.26,0.035,1873,slab
1875,7,18.92,-6.93,-19.36,0.035,1874,slab
1876,7,18.03,-7.08,-19.36,0.035,1875,end
1877,7,0.5,-2.68,-7.07,0.11,1,slab
1878,7,0.82,-6.78,-7.07,0.11,1877,slab
1879,7,1.53,-8.74,-7.28,0.11,1878,slab
1880,7,1.55,-9.04,-7.28,0.11,1879,slab
1881,7,2.74,-10.67,-8.27,0.11,1880,slab
1882,7,2.96,-10.96,-8.67,0.11,1881,slab
1883,7,3.24,-12.65,-8.67,0.11,1882,slab
1884,7,3.28,-13.45,-8.67,0.11,1883,slab
1885,7,3.13,-14.25,-8.67,0.11,1884,slab
1886,7,3.06,-14.76,-8.97,0.11,1885,slab
1887,7,3.61,-15.63,-8.97,0.11,1886,slab
1888,7,4.44,-16.29,-8.97,0.11,1887,slab
1889,7,5.26,-16.64,-9.17,0.11,1888,slab
1890,7,5.46,-16.63,-9.17,0.11,1889,slab
1891,7,5.59,-17.13,-9.47,0.11,1890,slab
1892,7,5.64,-18.03,-9.47,0.11,1891,slab
1893,7,5.68,-18.73,-8.67,0.11,1892,slab
1894,7,5.51,-19.34,-8.67,0.11,1893,slab
1895,7,5.32,-19.54,-7.98,0.11,1894,slab
1896,7,5.36,-20.24,-7.98,0.11,1895,slab
1897,7,5.69,-22.63,-7.9,0.11,1896,branch
1898,7,5.87,-24.12,-8.47,0.11,1897,slab
1899,7,6.13,-25.31,-8.35,0.11,1898,slab
1900,7,6.05,-25.61,-8.35,0.11,1899,slab
1901,7,5.04,-27.27,-7.86,0.11,1900,slab
1902,7,4.67,-27.89,-7.86,0.11,1901,slab
1903,7,4.14,-29.33,-7.98,0.11,1902,slab
1904,7,3.98,-30.04,-7.98,0.11,1903,slab
1905,7,3.85,-31.14,-7.98,0.11,1904,slab
1906,7,4.1,-32.33,-7.98,0.11,1905,branch
1907,7,2.18,-33.73,-14.17,0.035,1906,slab
1908,7,1.61,-34.27,-14.17,0.035,1907,slab
1909,7,1.02,-34.4,-14.42,0.035,1908,slab
1910,7,0.62,-34.62,-14.42,0.035,1909,slab
1911,7,-0.07,-34.66,-14.42,0.035,1910,slab
1912,7,-1.25,-34.62,-13.6,0.075,1911,slab
1913,7,-3.3,-35.52,-13.6,0.075,1912,slab
1914,7,-4.36,-36.29,-13.6,0.075,1913,slab
1915,7,-5.42,-37.05,-13.22,0.075,1914,slab
1916,7,-5.65,-38.25,-13.22,0.075,1915,slab
1917,7,-6.21,-39.09,-13.22,0.075,1916,slab
1918,7,-6.7,-39.42,-13.35,0.075,1917,slab
1919,7,-7.28,-39.75,-13.35,0.075,1918,slab
1920,7,-7.85,-40.28,-13.35,0.075,1919,slab
1921,7,-8.63,-40.73,-13.6,0.075,1920,slab
1922,7,-9.59,-41.37,-13.6,0.075,1921,slab
1923,7,-10.35,-42.11,-13.6,0.075,1922,slab
1924,7,-11.11,-42.86,-13.07,0.075,1923,slab
1925,7,-11.3,-43.27,-13.07,0.075,1924,slab
1926,7,-11.39,-43.37,-13.07,0.075,1925,end
1927,7,4.32,-32.62,-8.15,0.11,1906,branch
1928,7,4.9,-33.99,-8.35,0.11,1927,slab
1929,7,5.24,-34.77,-8.32,0.11,1928,slab
1930,7,5.82,-36.04,-8.32,0.11,1929,slab
1931,7,6.56,-37.01,-8.32,0.11,1930,slab
1932,7,7.52,-38.05,-7.82,0.11,1931,slab
1933,7,7.95,-38.63,-7.82,0.11,1932,slab
1934,7,9.0,-39.48,-8.22,0.11,1933,slab
1935,7,9.83,-39.93,-8.22,0.11,1934,slab
1936,7,11.48,-40.74,-8.92,0.11,1935,slab
1937,7,12.18,-40.91,-8.92,0.11,1936,slab
1938,7,12.69,-41.08,-9.27,0.11,1937,slab
1939,7,13.11,-41.35,-9.27,0.11,1938,slab
1940,7,13.23,-41.76,-9.52,0.11,1939,slab
1941,7,13.26,-42.46,-9.52,0.11,1940,slab
1942,7,12.91,-43.27,-9.92,0.11,1941,slab
1943,7,12.63,-43.59,-9.92,0.11,1942,slab
1944,7,12.54,-43.8,-10.22,0.11,1943,branch
1945,7,11.82,-45.24,-10.1,0.075,1944,slab
1946,7,12.15,-45.81,-10.1,0.075,1945,slab
1947,7,12.48,-46.5,-10.22,0.075,1946,slab
1948,7,11.91,-47.13,-10.22,0.075,1947,slab
1949,7,11.35,-47.76,-10.22,0.075,1948,slab
1950,7,11.17,-48.07,-9.92,0.075,1949,slab
1951,7,10.96,-49.79,-9.92,0.075,1950,slab
1952,7,10.54,-51.31,-9.92,0.075,1951,slab
1953,7,10.4,-52.52,-10.6,0.075,1952,slab
1954,7,10.11,-54.44,-10.6,0.075,1953,slab
1955,7,10.18,-55.74,-9.92,0.075,1954,slab
1956,7,10.21,-56.44,-9.92,0.075,1955,slab
1957,7,10.56,-57.32,-9.85,0.075,1956,slab
1958,7,11.73,-58.46,-9.85,0.075,1957,slab
1959,7,12.85,-58.9,-11.02,0.075,1958,slab
1960,7,13.57,-59.16,-11.35,0.075,1959,slab
1961,7,13.7,-59.55,-11.35,0.075,1960,branch
1962,7,13.95,-62.55,-11.72,0.035,1961,slab
1963,7,13.77,-62.85,-11.6,0.035,1962,slab
1964,7,13.59,-63.16,-11.97,0.035,1963,slab
1965,7,13.3,-63.48,-11.97,0.035,1964,end
1966,7,16.09,-61.42,-11.1,0.035,1961,slab
1967,7,16.83,-61.89,-11.1,0.035,1966,end
1968,7,9.71,-47.15,-11.27,0.075,1944,slab
1969,7,9.55,-47.66,-11.17,0.075,1968,slab
1970,7,8.75,-47.9,-12.47,0.075,1969,slab
1971,7,7.53,-47.47,-12.67,0.075,1970,slab
1972,7,6.89,-46.8,-12.67,0.075,1971,slab
1973,7,7.04,-45.8,-13.57,0.075,1972,slab
1974,7,7.21,-45.28,-13.57,0.075,1973,slab
1975,7,7.19,-44.98,-14.17,0.075,1974,slab
1976,7,6.23,-45.64,-14.17,0.075,1975,slab
1977,7,4.52,-47.33,-14.22,0.075,1976,slab
1978,7,4.48,-48.63,-13.85,0.075,1977,branch
1979,7,2.81,-49.12,-13.85,0.075,1978,slab
1980,7,2.03,-49.47,-14.02,0.075,1979,slab
1981,7,1.24,-49.71,-14.02,0.075,1980,slab
1982,7,0.22,-49.47,-13.85,0.075,1981,branch
1983,7,-0.69,-49.02,-13.85,0.075,1982,slab
1984,7,-2.6,-48.4,-14.1,0.075,1983,slab
1985,7,-2.92,-48.13,-14.1,0.075,1984,slab
1986,7,-3.26,-47.44,-14.32,0.075,1985,slab
1987,7,-2.98,-47.03,-14.32,0.075,1986,end
1988,7,-0.53,-50.21,-14.22,0.035,1982,slab
1989,7,-2.0,-50.28,-14.72,0.035,1988,slab
1990,7,-2.1,-50.28,-14.72,0.035,1989,slab
1991,7,-2.72,-50.11,-14.72,0.035,1990,slab
1992,7,-3.4,-50.35,-14.35,0.035,1991,slab
1993,7,-3.49,-50.56,-14.35,0.035,1992,slab
1994,7,-3.58,-50.86,-14.35,0.035,1993,slab
1995,7,-3.73,-51.77,-13.97,0.035,1994,end
1996,7,4.32,-52.95,-14.02,0.075,1978,slab
1997,7,4.33,-53.25,-14.02,0.075,1996,slab
1998,7,4.6,-54.44,-14.72,0.075,1997,slab
1999,7,5.47,-55.59,-14.72,0.075,1998,slab
2000,7,6.01,-56.46,-15.57,0.075,1999,slab
2001,7,6.78,-57.72,-15.52,0.075,2000,end
2002,7,4.33,-32.72,-8.27,0.11,1927,branch
2003,7,4.02,-34.54,-8.82,0.075,2002,slab
2004,7,3.5,-36.07,-9.77,0.075,2003,slab
2005,7,3.41,-36.17,-11.02,0.075,2004,slab
2006,7,2.59,-37.62,-11.85,0.075,2005,slab
2007,7,2.22,-38.14,-11.85,0.075,2006,slab
2008,7,1.06,-40.91,-12.67,0.075,2007,slab
2009,7,0.15,-42.46,-12.67,0.075,2008,slab
2010,7,-0.85,-43.91,-12.47,0.075,2009,slab
2011,7,-1.87,-45.26,-12.47,0.075,2010,slab
2012,7,-2.69,-46.81,-13.22,0.075,2011,slab
2013,7,-3.34,-47.64,-13.22,0.075,2012,slab
2014,7,-4.49,-48.81,-13.35,0.075,2013,slab
2015,7,-5.14,-49.65,-13.35,0.075,2014,slab
2016,7,-5.92,-50.19,-12.6,0.075,2015,slab
2017,7,-6.59,-50.62,-12.6,0.075,2016,slab
2018,7,-7.57,-51.08,-12.6,0.075,2017,slab
2019,7,-8.55,-51.44,-13.35,0.075,2018,slab
2020,7,-9.44,-51.49,-13.35,0.075,2019,slab
2021,7,-10.64,-51.55,-13.35,0.075,2020,slab
2022,7,-11.55,-51.4,-13.42,0.075,2021,slab
2023,7,-12.58,-50.95,-13.42,0.075,2022,slab
2024,7,-13.3,-50.59,-13.42,0.075,2023,slab
2025,7,-14.05,-49.73,-12.72,0.075,2024,slab
2026,7,-14.36,-49.54,-12.67,0.075,2025,slab
2027,7,-15.17,-49.48,-12.67,0.075,2026,slab
2028,7,-16.16,-49.54,-12.67,0.075,2027,slab
2029,7,-17.25,-49.7,-12.67,0.075,2028,slab
2030,7,-18.04,-49.95,-12.72,0.075,2029,slab
2031,7,-17.81,-50.53,-12.52,0.075,2030,end
2032,7,4.44,-32.81,-8.35,0.11,2002,end
2033,7,7.66,-25.73,-8.32,0.075,1897,slab
2034,7,7.68,-26.23,-8.32,0.075,2033,slab
2035,7,7.69,-26.33,-7.9,0.075,2034,branch
2036,7,5.99,-28.22,-7.78,0.075,2035,slab
2037,7,5.46,-29.56,-7.78,0.075,2036,slab
2038,7,5.65,-31.15,-7.78,0.075,2037,slab
2039,7,5.78,-31.74,-7.36,0.075,2038,slab
2040,7,5.9,-32.03,-7.36,0.075,2039,slab
2041,7,6.01,-32.33,-7.07,0.075,2040,slab
2042,7,6.03,-32.63,-7.07,0.075,2041,slab
2043,7,5.47,-33.36,-6.78,0.075,2042,end
2044,7,9.37,-25.83,-7.61,0.035,2035,slab
2045,7,10.15,-25.59,-7.61,0.035,2044,slab
2046,7,10.56,-25.67,-7.53,0.035,2045,slab
2047,7,11.18,-25.94,-7.48,0.035,2046,slab
2048,7,12.79,-26.25,-7.48,0.035,2047,slab
2049,7,13.29,-26.23,-7.82,0.035,2048,slab
2050,7,13.79,-26.2,-7.82,0.035,2049,slab
2051,7,13.78,-26.1,-7.82,0.035,2050,slab
2052,7,13.62,-26.61,-8.02,0.035,2051,slab
2053,7,14.02,-24.78,-7.36,0.035,2052,slab
2054,7,14.81,-22.94,-7.36,0.035,2053,slab
2055,7,15.1,-22.53,-7.32,0.035,2054,slab
2056,7,15.94,-21.48,-7.32,0.035,2055,slab
2057,7,16.21,-20.96,-7.07,0.035,2056,slab
2058,7,16.39,-20.45,-7.07,0.035,2057,slab
2059,7,16.99,-18.71,-7.32,0.035,2058,end
2060,7,0.03,-2.77,-7.98,0.185,1,slab
2061,7,1.22,-6.12,-7.98,0.185,2060,slab
2062,7,2.23,-8.26,-7.98,0.185,2061,slab
2063,7,2.45,-8.45,-7.98,0.185,2062,slab
2064,7,3.8,-9.38,-7.98,0.185,2063,slab
2065,7,5.33,-11.9,-8.43,0.185,2064,branch
2066,7,8.23,-19.26,-7.42,0.15,2065,slab
2067,7,8.14,-19.36,-7.42,0.15,2066,branch
2068,7,5.86,-21.59,-7.26,0.035,2067,slab
2069,7,4.76,-21.65,-7.84,0.035,2068,slab
2070,7,4.07,-21.89,-7.48,0.035,2069,slab
2071,7,3.19,-22.24,-7.48,0.035,2070,slab
2072,7,2.1,-22.39,-7.48,0.035,2071,slab
2073,7,1.11,-22.65,-7.38,0.035,2072,slab
2074,7,0.31,-22.79,-7.92,0.035,2073,slab
2075,7,-0.18,-22.81,-7.92,0.035,2074,slab
2076,7,-0.71,-22.25,-8.09,0.035,2075,slab
2077,7,-1.01,-22.16,-8.09,0.035,2076,slab
2078,7,-1.29,-22.58,-8.34,0.035,2077,slab
2079,7,-1.48,-22.88,-8.34,0.035,2078,slab
2080,7,-1.53,-23.29,-8.63,0.035,2079,slab
2081,7,-1.52,-23.39,-8.63,0.035,2080,slab
2082,7,-1.49,-22.28,-8.77,0.035,2081,slab
2083,7,-1.35,-21.48,-8.77,0.035,2082,slab
2084,7,-1.43,-19.98,-8.77,0.035,2083,slab
2085,7,-1.73,-19.68,-8.77,0.035,2084,slab
2086,7,-2.33,-19.52,-9.09,0.035,2085,slab
2087,7,-3.5,-20.38,-9.09,0.035,2086,slab
2088,7,-3.96,-20.91,-9.13,0.035,2087,slab
2089,7,-4.05,-21.01,-9.13,0.035,2088,end
2090,7,10.09,-21.96,-8.27,0.075,2067,slab
2091,7,10.09,-22.16,-8.52,0.075,2090,slab
2092,7,10.35,-23.15,-8.96,0.075,2091,slab
2093,7,10.87,-23.62,-8.96,0.075,2092,slab
2094,7,11.2,-24.01,-9.21,0.075,2093,slab
2095,7,12.16,-25.05,-9.21,0.075,2094,slab
2096,7,12.58,-25.54,-9.18,0.075,2095,slab
2097,7,13.1,-26.0,-9.18,0.075,2096,slab
2098,7,13.83,-26.46,-9.18,0.075,2097,slab
2099,7,14.35,-26.64,-9.71,0.075,2098,slab
2100,7,13.44,-26.79,-9.77,0.075,2099,end
2101,7,8.72,-13.53,-9.88,0.075,2065,slab
2102,7,9.53,-13.58,-9.88,0.075,2101,slab
2103,7,10.54,-13.73,-9.93,0.075,2102,slab
2104,7,11.51,-14.87,-9.93,0.075,2103,slab
2105,7,12.04,-15.55,-10.21,0.075,2104,slab
2106,7,13.02,-17.0,-10.21,0.075,2105,slab
2107,7,13.78,-18.06,-10.27,0.075,2106,slab
2108,7,14.1,-18.44,-10.27,0.075,2107,slab
2109,7,15.08,-18.19,-10.46,0.075,2108,slab
2110,7,15.18,-18.18,-10.46,0.075,2109,slab
2111,7,15.23,-18.88,-10.93,0.075,2110,slab
2112,7,15.38,-19.87,-10.93,0.075,2111,slab
2113,7,16.15,-21.13,-11.27,0.075,2112,slab
2114,7,17.14,-22.68,-11.27,0.075,2113,slab
2115,7,17.67,-23.35,-11.68,0.075,2114,slab
2116,7,18.39,-23.62,-11.68,0.075,2115,slab
2117,7,18.88,-23.69,-11.96,0.075,2116,slab
2118,7,19.59,-23.76,-12.09,0.075,2117,slab
2119,7,20.89,-23.58,-12.09,0.075,2118,slab
2120,7,21.29,-23.56,-12.09,0.075,2119,slab
2121,7,23.27,-23.15,-12.02,0.075,2120,slab
2122,7,23.47,-23.25,-11.96,0.075,2121,slab
2123,7,25.27,-23.15,-11.96,0.075,2122,slab
2124,7,26.48,-23.28,-12.52,0.075,2123,slab
2125,7,27.18,-23.24,-12.52,0.075,2124,slab
2126,7,28.68,-23.26,-12.52,0.075,2125,slab
2127,7,29.29,-23.43,-12.88,0.075,2126,slab
2128,7,29.8,-23.6,-12.88,0.075,2127,end
2129,7,0.89,-2.38,-8.68,0.185,1,slab
2130,7,4.15,-5.1,-9.39,0.185,2129,slab
2131,7,4.86,-5.47,-9.39,0.185,2130,slab
2132,7,5.9,-6.11,-9.25,0.185,2131,branch
2133,7,8.01,-9.8,-9.18,0.11,2132,slab
2134,7,8.35,-10.58,-9.18,0.11,2133,slab
2135,7,8.55,-10.78,-9.09,0.11,2134,slab
2136,7,7.77,-11.02,-9.09,0.11,2135,slab
2137,7,7.58,-11.12,-8.68,0.11,2136,slab
2138,7,7.79,-11.51,-8.68,0.11,2137,slab
2139,7,8.44,-12.18,-8.68,0.11,2138,slab
2140,7,8.45,-12.58,-8.68,0.11,2139,slab
2141,7,8.47,-12.78,-8.68,0.11,2140,slab
2142,7,7.49,-13.33,-8.5,0.11,2141,slab
2143,7,7.12,-13.76,-9.34,0.15,2142,slab
2144,7,7.37,-18.35,-8.52,0.11,2143,slab
2145,7,8.24,-19.7,-8.52,0.11,2144,slab
2146,7,8.59,-20.58,-7.94,0.11,2145,slab
2147,7,9.21,-21.05,-7.94,0.11,2146,slab
2148,7,10.33,-21.19,-8.77,0.11,2147,slab
2149,7,11.2,-20.64,-8.77,0.11,2148,slab
2150,7,11.49,-20.43,-8.77,0.11,2149,slab
2151,7,12.31,-18.88,-8.77,0.11,2150,slab
2152,7,13.69,-16.8,-9.14,0.11,2151,slab
2153,7,14.22,-15.38,-9.14,0.11,2152,slab
2154,7,15.39,-13.0,-8.64,0.11,2153,slab
2155,7,16.03,-11.97,-8.39,0.11,2154,slab
2156,7,16.55,-10.24,-8.39,0.11,2155,slab
2157,7,16.88,-9.12,-8.39,0.11,2156,slab
2158,7,17.41,-7.69,-8.52,0.11,2157,slab
2159,7,17.38,-7.29,-8.52,0.11,2158,slab
2160,7,17.05,-6.6,-8.52,0.11,2159,slab
2161,7,16.84,-6.42,-8.52,0.11,2160,slab
2162,7,16.31,-5.84,-9.02,0.11,2161,slab
2163,7,15.56,-4.98,-9.02,0.11,2162,end
2164,7,8.54,-8.67,-8.77,0.11,2132,slab
2165,7,8.98,-9.35,-8.77,0.11,2164,slab
2166,7,9.49,-9.52,-8.77,0.11,2165,slab
2167,7,10.31,-9.78,-8.84,0.11,2166,slab
2168,7,12.74,-10.35,-8.18,0.035,2167,branch
2169,7,14.06,-8.78,-9.02,0.035,2168,slab
2170,7,14.63,-8.14,-9.02,0.035,2169,slab
2171,7,15.52,-8.09,-9.02,0.035,2170,slab
2172,7,16.74,-8.33,-8.52,0.035,2171,slab
2173,7,17.53,-8.08,-8.59,0.035,2172,slab
2174,7,18.52,-7.83,-8.84,0.035,2173,slab
2175,7,19.02,-7.81,-8.84,0.035,2174,slab
2176,7,19.44,-8.28,-8.84,0.035,2175,slab
2177,7,19.97,-8.75,-8.25,0.035,2176,slab
2178,7,20.48,-9.03,-8.25,0.035,2177,slab
2179,7,21.0,-9.29,-8.39,0.035,2178,slab
2180,7,21.21,-9.39,-8.39,0.035,2179,slab
2181,7,21.82,-9.55,-9.02,0.035,2180,slab
2182,7,22.24,-9.93,-8.75,0.035,2181,slab
2183,7,22.54,-10.01,-8.68,0.035,2182,slab
2184,7,24.28,-10.63,-8.93,0.035,2183,slab
2185,7,24.79,-10.79,-8.93,0.035,2184,slab
2186,7,24.99,-10.79,-8.27,0.035,2185,slab
2187,7,26.18,-10.72,-8.27,0.035,2186,slab
2188,7,26.98,-10.68,-8.27,0.035,2187,slab
2189,7,28.9,-10.88,-7.94,0.035,2188,slab
2190,7,30.0,-10.92,-8.0,0.035,2189,branch
2191,7,31.48,-10.44,-8.39,0.075,2190,slab
2192,7,31.98,-10.51,-9.02,0.075,2191,slab
2193,7,32.57,-10.27,-9.02,0.075,2192,end
2194,7,31.51,-12.94,-7.4,0.075,2190,slab
2195,7,33.51,-12.73,-7.28,0.075,2194,slab
2196,7,33.9,-12.81,-7.28,0.075,2195,slab
2197,7,34.11,-12.89,-7.28,0.075,2196,slab
2198,7,34.14,-13.39,-7.28,0.075,2197,slab
2199,7,32.79,-14.36,-7.28,0.075,2198,slab
2200,7,32.23,-15.0,-7.23,0.075,2199,slab
2201,7,31.99,-16.21,-7.23,0.075,2200,end
2202,7,14.46,-12.36,-9.0,0.075,2168,slab
2203,7,16.56,-12.35,-8.39,0.075,2202,slab
2204,7,17.48,-12.59,-8.39,0.075,2203,slab
2205,7,19.44,-13.79,-8.18,0.075,2204,slab
2206,7,19.77,-14.17,-8.09,0.075,2205,slab
2207,7,20.52,-15.33,-8.0,0.075,2206,slab
2208,7,20.52,-15.33,-8.5,0.075,2207,slab
2209,7,19.87,-16.17,-8.25,0.075,2208,slab
2210,7,19.7,-16.58,-8.25,0.075,2209,slab
2211,7,19.97,-17.97,-8.25,0.075,2210,slab
2212,7,20.29,-18.34,-8.25,0.075,2211,slab
2213,7,20.92,-18.81,-8.25,0.075,2212,slab
2214,7,21.77,-19.87,-8.64,0.075,2213,slab
2215,7,21.9,-20.36,-8.64,0.075,2214,slab
2216,7,21.87,-21.66,-8.64,0.075,2215,slab
2217,7,22.13,-22.66,-8.0,0.075,2216,slab
2218,7,22.88,-23.72,-8.0,0.075,2217,slab
2219,7,23.42,-24.38,-8.0,0.075,2218,slab
2220,7,23.74,-24.77,-8.25,0.075,2219,slab
2221,7,24.27,-25.45,-8.25,0.075,2220,slab
2222,7,24.4,-26.04,-8.75,0.075,2221,slab
2223,7,24.45,-26.74,-8.75,0.075,2222,slab
2224,7,24.21,-27.86,-8.75,0.075,2223,slab
2225,7,24.15,-28.65,-8.75,0.075,2224,slab
2226,7,24.16,-28.85,-8.77,0.075,2225,slab
2227,7,24.28,-29.15,-8.77,0.075,2226,end
2228,7,-2.78,-1.09,-6.15,0.185,1,slab
2229,7,-3.74,-1.75,-6.19,0.185,2228,slab
2230,7,-6.43,-2.18,-6.65,0.185,2229,slab
2231,7,-6.68,-3.0,-6.65,0.185,2230,slab
2232,7,-6.75,-5.41,-6.9,0.185,2231,slab
2233,7,-7.18,-6.83,-6.9,0.185,2232,slab
2234,7,-7.08,-8.63,-7.61,0.185,2233,slab
2235,7,-7.86,-9.08,-7.61,0.185,2234,slab
2236,7,-8.45,-9.31,-7.61,0.185,2235,slab
2237,7,-10.51,-9.92,-7.61,0.185,2236,slab
2238,7,-11.19,-10.15,-7.61,0.185,2237,slab
2239,7,-12.91,-11.85,-7.61,0.185,2238,slab
2240,7,-13.14,-13.07,-8.11,0.185,2239,slab
2241,7,-13.36,-14.57,-7.8,0.185,2240,branch
2242,7,-13.67,-18.2,-8.06,0.15,2241,slab
2243,7,-13.8,-19.41,-8.06,0.15,2242,slab
2244,7,-14.56,-20.35,-8.21,0.15,2243,slab
2245,7,-15.02,-20.87,-8.21,0.15,2244,slab
2246,7,-17.0,-21.39,-8.86,0.11,2245,slab
2247,7,-17.59,-21.62,-8.86,0.11,2246,slab
2248,7,-18.36,-22.16,-8.56,0.11,2247,slab
2249,7,-18.73,-22.57,-8.56,0.11,2248,slab
2250,7,-19.02,-22.99,-8.56,0.11,2249,slab
2251,7,-18.86,-23.98,-9.11,0.11,2250,slab
2252,7,-18.65,-24.18,-9.27,0.11,2251,slab
2253,7,-18.32,-24.66,-9.27,0.11,2252,end
2254,7,-12.0,-15.61,-8.11,0.035,2241,slab
2255,7,-12.0,-15.61,-7.86,0.035,2254,end
2256,7,-3.08,-0.03,-6.53,0.22,1,slab
2257,7,-5.18,-0.14,-7.19,0.22,2256,slab
2258,7,-5.47,-0.44,-7.75,0.22,2257,slab
2259,7,-4.95,-2.61,-7.75,0.22,2258,slab
2260,7,-5.31,-3.33,-8.59,0.22,2259,slab
2261,7,-5.57,-4.15,-8.59,0.22,2260,slab
2262,7,-5.24,-4.73,-9.14,0.22,2261,slab
2263,7,-4.93,-4.92,-9.14,0.22,2262,slab
2264,7,-4.5,-5.39,-9.68,0.22,2263,slab
2265,7,-4.5,-5.39,-10.14,0.22,2264,slab
2266,7,-4.53,-6.7,-10.27,0.22,2265,slab
2267,7,-4.9,-7.32,-10.27,0.22,2266,slab
2268,7,-5.18,-7.63,-10.52,0.22,2267,slab
2269,7,-5.55,-8.16,-11.09,0.185,2268,slab
2270,7,-6.67,-7.81,-11.18,0.185,2269,slab
2271,7,-6.77,-7.82,-11.18,0.185,2270,branch
2272,7,-9.14,-6.64,-11.39,0.15,2271,slab
2273,7,-9.14,-6.54,-11.39,0.15,2272,slab
2274,7,-9.47,-5.96,-11.39,0.15,2273,slab
2275,7,-9.51,-5.37,-12.27,0.15,2274,slab
2276,7,-9.25,-4.65,-13.34,0.11,2275,slab
2277,7,-9.3,-3.65,-13.34,0.11,2276,slab
2278,7,-9.54,-3.06,-13.64,0.11,2277,slab
2279,7,-9.68,-2.06,-13.84,0.11,2278,slab
2280,7,-9.87,-2.48,-14.25,0.11,2279,slab
2281,7,-10.53,-3.21,-14.5,0.11,2280,slab
2282,7,-10.92,-3.34,-14.5,0.11,2281,slab
2283,7,-11.31,-3.45,-14.5,0.11,2282,slab
2284,7,-11.9,-3.69,-14.93,0.11,2283,slab
2285,7,-12.18,-4.1,-15.39,0.11,2284,slab
2286,7,-12.61,-5.33,-15.64,0.11,2285,slab
2287,7,-12.79,-5.74,-15.64,0.11,2286,slab
2288,7,-12.95,-6.55,-16.25,0.11,2287,slab
2289,7,-13.15,-6.56,-16.25,0.1899,2288,slab
2290,7,-13.24,-6.67,-16.27,0.11,2289,end
2291,7,-8.51,-8.91,-11.84,0.11,2271,branch
2292,7,-10.93,-8.55,-11.25,0.035,2291,slab
2293,7,-12.09,-7.6,-11.64,0.035,2292,slab
2294,7,-12.72,-6.94,-11.64,0.035,2293,slab
2295,7,-14.07,-6.11,-11.64,0.035,2294,slab
2296,7,-14.59,-5.74,-11.64,0.035,2295,slab
2297,7,-15.12,-5.16,-11.64,0.035,2296,slab
2298,7,-15.83,-5.01,-12.34,0.075,2297,slab
2299,7,-16.63,-5.05,-12.34,0.075,2298,slab
2300,7,-17.34,-4.99,-12.77,0.075,2299,slab
2301,7,-18.16,-4.53,-13.02,0.075,2300,slab
2302,7,-18.39,-4.14,-13.5,0.075,2301,slab
2303,7,-18.79,-4.06,-13.75,0.075,2302,slab
2304,7,-18.99,-4.08,-13.75,0.075,2303,end
2305,7,-8.88,-11.43,-13.18,0.075,2291,slab
2306,7,-8.83,-12.23,-12.75,0.075,2305,slab
2307,7,-8.8,-12.93,-12.75,0.075,2306,slab
2308,7,-9.05,-13.75,-13.09,0.075,2307,slab
2309,7,-9.14,-14.05,-13.09,0.075,2308,slab
2310,7,-10.0,-14.8,-13.59,0.075,2309,slab
2311,7,-10.87,-15.24,-13.64,0.075,2310,slab
2312,7,-11.54,-15.99,-13.64,0.075,2311,slab
2313,7,-15.2,-18.58,-13.68,0.075,2312,slab
2314,7,-15.4,-18.6,-13.14,0.075,2313,slab
2315,7,-17.08,-18.99,-13.89,0.075,2314,slab
2316,7,-18.07,-19.24,-13.89,0.075,2315,slab
2317,7,-19.9,-20.64,-12.75,0.075,2316,branch
2318,7,-23.28,-21.13,-13.64,0.035,2317,slab
2319,7,-23.28,-20.93,-13.64,0.035,2318,slab
2320,7,-23.72,-20.35,-13.02,0.035,2319,slab
2321,7,-23.84,-19.95,-13.02,0.035,2320,slab
2322,7,-24.04,-19.87,-14.18,0.035,2321,slab
2323,7,-24.59,-20.79,-14.18,0.035,2322,slab
2324,7,-24.75,-21.81,-14.59,0.035,2323,slab
2325,7,-24.83,-22.01,-14.59,0.035,2324,slab
2326,7,-26.04,-21.97,-14.59,0.035,2325,slab
2327,7,-26.74,-21.91,-14.0,0.035,2326,slab
2328,7,-27.34,-21.94,-14.0,0.035,2327,slab
2329,7,-29.13,-22.14,-13.93,0.035,2328,slab
2330,7,-29.92,-22.28,-13.93,0.035,2329,slab
2331,7,-30.41,-22.42,-13.93,0.035,2330,end
2332,7,-21.33,-22.02,-12.27,0.035,2317,slab
2333,7,-22.1,-22.46,-12.27,0.035,2332,slab
2334,7,-22.4,-22.48,-12.18,0.035,2333,slab
2335,7,-23.0,-22.51,-12.18,0.035,2334,slab
2336,7,-23.64,-21.84,-12.75,0.035,2335,slab
2337,7,-23.83,-22.05,-12.77,0.035,2336,slab
2338,7,-23.81,-22.35,-12.77,0.035,2337,end
2339,7,-2.79,-1.97,-5.07,0.185,1,slab
2340,7,-4.58,-2.26,-5.07,0.185,2339,slab
2341,7,-8.0,-3.85,-5.07,0.185,2340,slab
2342,7,-11.25,-4.63,-5.21,0.185,2341,slab
2343,7,-11.74,-5.05,-5.21,0.185,2342,slab
2344,7,-13.02,-7.33,-5.67,0.185,2343,slab
2345,7,-13.18,-8.03,-5.67,0.185,2344,slab
2346,7,-13.13,-8.94,-5.07,0.185,2345,slab
2347,7,-13.17,-10.04,-5.07,0.185,2346,branch
2348,7,-12.49,-11.5,-6.13,0.185,2347,slab
2349,7,-12.94,-12.43,-6.13,0.185,2348,slab
2350,7,-13.23,-12.64,-6.13,0.185,2349,slab
2351,7,-13.23,-12.64,-6.38,0.185,2350,slab
2352,7,-12.34,-14.3,-5.07,0.185,2351,slab
2353,7,-11.62,-14.56,-5.01,0.185,2352,end
2354,7,-14.54,-10.61,-7.57,0.15,2347,slab
2355,7,-15.13,-10.74,-7.57,0.15,2354,slab
2356,7,-15.11,-11.24,-7.51,0.15,2355,slab
2357,7,-14.86,-12.03,-7.51,0.15,2356,slab
2358,7,-15.83,-14.58,-7.67,0.035,2357,slab
2359,7,-16.31,-14.82,-7.82,0.035,2358,slab
2360,7,-16.88,-15.45,-7.82,0.035,2359,slab
2361,7,-17.73,-16.29,-8.13,0.035,2360,branch
2362,7,-18.41,-18.83,-8.07,0.075,2361,slab
2363,7,-18.37,-19.53,-8.17,0.075,2362,slab
2364,7,-18.34,-20.03,-8.17,0.075,2363,slab
2365,7,-18.19,-20.92,-8.17,0.075,2364,slab
2366,7,-17.96,-21.41,-7.71,0.075,2365,slab
2367,7,-17.9,-22.51,-7.71,0.075,2366,slab
2368,7,-17.76,-23.3,-7.63,0.075,2367,slab
2369,7,-17.8,-24.51,-7.63,0.075,2368,slab
2370,7,-17.87,-24.91,-7.51,0.075,2369,slab
2371,7,-17.97,-25.02,-7.51,0.075,2370,end
2372,7,-20.59,-17.35,-8.51,0.075,2361,slab
2373,7,-21.58,-17.5,-8.82,0.075,2372,slab
2374,7,-22.07,-17.62,-8.82,0.075,2373,slab
2375,7,-22.88,-17.57,-9.18,0.075,2374,slab
2376,7,-23.5,-17.1,-9.18,0.075,2375,slab
2377,7,-24.13,-16.64,-9.27,0.075,2376,slab
2378,7,-24.54,-16.56,-9.27,0.075,2377,slab
2379,7,-25.13,-16.69,-9.27,0.075,2378,slab
2380,7,-26.49,-19.17,-9.18,0.075,2379,end
2381,7,-3.19,-0.8,-5.34,0.15,1,slab
2382,7,-5.1,-2.51,-5.34,0.15,2381,slab
2383,7,-5.52,-4.03,-6.09,0.15,2382,slab
2384,7,-5.73,-5.65,-6.09,0.15,2383,slab
2385,7,-6.49,-8.19,-5.25,0.15,2384,slab
2386,7,-6.57,-8.5,-5.25,0.15,2385,slab
2387,7,-6.58,-10.1,-4.8,0.15,2386,end
2388,7,-2.46,2.46,-5.9,0.11,1,slab
2389,7,-2.92,3.63,-5.86,0.11,2388,slab
2390,7,-4.29,4.86,-5.86,0.11,2389,slab
2391,7,-5.01,5.12,-7.15,0.11,2390,slab
2392,7,-6.31,5.05,-7.15,0.11,2391,slab
2393,7,-7.1,5.01,-7.4,0.11,2392,slab
2394,7,-8.81,3.21,-7.46,0.11,2393,slab
2395,7,-9.99,2.84,-8.21,0.11,2394,slab
2396,7,-11.37,2.47,-8.31,0.11,2395,slab
2397,7,-11.69,2.75,-8.31,0.11,2396,slab
2398,7,-11.8,2.85,-7.82,0.11,2397,slab
2399,7,-12.12,3.33,-6.96,0.11,2398,slab
2400,7,-13.53,5.26,-7.0,0.11,2399,slab
2401,7,-13.66,5.85,-7.71,0.11,2400,slab
2402,7,-14.16,5.83,-8.15,0.11,2401,branch
2403,7,-14.19,4.73,-9.26,0.035,2402,slab
2404,7,-13.87,4.24,-9.26,0.035,2403,slab
2405,7,-13.86,3.84,-9.85,0.035,2404,slab
2406,7,-13.94,3.63,-9.85,0.035,2405,slab
2407,7,-14.64,3.59,-10.31,0.035,2406,slab
2408,7,-15.79,4.54,-10.56,0.035,2407,slab
2409,7,-15.73,5.24,-10.56,0.035,2408,slab
2410,7,-15.74,5.54,-10.56,0.035,2409,slab
2411,7,-15.08,6.08,-11.26,0.11,2410,slab
2412,7,-14.94,7.39,-11.51,0.11,2411,slab
2413,7,-14.97,7.79,-11.51,0.11,2412,slab
2414,7,-14.91,8.69,-11.56,0.11,2413,end
2415,7,-16.67,5.99,-8.21,0.11,2402,slab
2416,7,-17.09,6.16,-8.21,0.11,2415,slab
2417,7,-17.39,6.35,-8.31,0.11,2416,slab
2418,7,-17.17,5.97,-9.18,0.15,2417,slab
2419,7,-17.56,5.74,-9.17,0.15,2418,slab
2420,7,-18.1,6.52,-9.17,0.15,2419,slab
2421,7,-18.75,7.39,-9.6,0.15,2420,slab
2422,7,-19.61,8.44,-9.85,0.15,2421,slab
2423,7,-19.85,9.22,-9.6,0.11,2422,slab
2424,7,-22.05,9.21,-10.06,0.11,2423,slab
2425,7,-22.65,9.18,-10.06,0.11,2424,slab
2426,7,-23.63,8.82,-10.01,0.11,2425,slab
2427,7,-24.2,8.19,-10.01,0.11,2426,slab
2428,7,-24.56,7.37,-9.67,0.11,2427,slab
2429,7,-24.69,6.06,-9.67,0.11,2428,slab
2430,7,-24.35,5.28,-9.43,0.11,2429,slab
2431,7,-23.8,4.5,-9.43,0.11,2430,slab
2432,7,-23.73,3.31,-9.31,0.11,2431,slab
2433,7,-24.34,3.38,-8.76,0.11,2432,slab
2434,7,-25.89,2.49,-8.5,0.11,2433,slab
2435,7,-26.65,1.75,-8.5,0.11,2434,end
2436,7,-3.29,0.24,-5.4,0.11,1,slab
2437,7,-8.26,-0.52,-5.4,0.11,2436,branch
2438,7,-8.29,-0.13,-5.4,0.11,2437,slab
2439,7,-10.8,1.93,-5.96,0.075,2438,slab
2440,7,-11.13,2.62,-5.96,0.075,2439,slab
2441,7,-11.87,3.28,-5.9,0.075,2440,end
2442,7,-13.03,-3.37,-4.75,0.075,2437,slab
2443,7,-14.0,-3.92,-4.75,0.075,2442,branch
2444,7,-16.34,-3.15,-4.4,0.075,2443,slab
2445,7,-17.96,-2.73,-4.5,0.075,2444,slab
2446,7,-18.08,-2.53,-4.5,0.075,2445,slab
2447,7,-19.01,-1.98,-5.0,0.075,2446,slab
2448,7,-19.93,-1.43,-5.3,0.075,2447,slab
2449,7,-20.15,-1.25,-6.0,0.075,2448,slab
2450,7,-20.37,-0.86,-6.0,0.075,2449,branch
2451,7,-21.15,0.67,-6.05,0.035,2450,slab
2452,7,-20.88,1.29,-6.84,0.035,2451,slab
2453,7,-20.28,1.32,-6.84,0.035,2452,slab
2454,7,-19.8,1.75,-7.21,0.035,2453,slab
2455,7,-19.72,2.05,-7.21,0.035,2454,slab
2456,7,-19.74,2.55,-6.5,0.035,2455,slab
2457,7,-18.98,3.1,-6.34,0.035,2456,end
2458,7,-22.82,-1.89,-5.34,0.075,2450,slab
2459,7,-23.32,-1.92,-5.34,0.075,2458,slab
2460,7,-24.21,-1.97,-5.8,0.075,2459,slab
2461,7,-25.67,-2.85,-5.8,0.075,2460,slab
2462,7,-27.06,-3.02,-5.8,0.075,2461,slab
2463,7,-27.98,-2.77,-7.09,0.075,2462,slab
2464,7,-28.78,-2.72,-7.55,0.075,2463,branch
2465,7,-30.31,-2.3,-3.41,0.075,2464,slab
2466,7,-31.41,-2.15,-3.79,0.075,2465,slab
2467,7,-31.92,-2.08,-3.79,0.075,2466,slab
2468,7,-33.92,-2.09,-3.25,0.075,2467,end
2469,7,-28.8,-2.22,-6.09,0.075,2464,slab
2470,7,-28.62,-2.0,-5.96,0.075,2469,slab
2471,7,-28.48,-2.7,-5.96,0.075,2470,slab
2472,7,-30.48,-4.51,-5.8,0.075,2471,slab
2473,7,-30.75,-5.12,-5.8,0.075,2472,slab
2474,7,-31.11,-7.65,-5.55,0.075,2473,slab
2475,7,-31.49,-9.97,-5.21,0.075,2474,slab
2476,7,-31.67,-10.38,-5.71,0.075,2475,slab
2477,7,-31.82,-11.29,-5.71,0.075,2476,slab
2478,7,-31.98,-11.99,-6.15,0.075,2477,slab
2479,7,-33.0,-13.55,-6.0,0.075,2478,slab
2480,7,-33.09,-13.96,-5.9,0.075,2479,slab
2481,7,-32.74,-14.75,-5.9,0.075,2480,slab
2482,7,-32.6,-15.54,-6.21,0.075,2481,slab
2483,7,-32.56,-16.34,-6.21,0.075,2482,slab
2484,7,-32.67,-17.75,-6.21,0.075,2483,slab
2485,7,-32.85,-18.25,-6.0,0.075,2484,slab
2486,7,-32.81,-18.95,-6.0,0.075,2485,slab
2487,7,-32.79,-19.45,-6.0,0.075,2486,slab
2488,7,-32.44,-20.13,-6.0,0.075,2487,slab
2489,7,-31.9,-20.91,-6.0,0.075,2488,slab
2490,7,-31.87,-21.51,-5.96,0.075,2489,slab
2491,7,-31.75,-22.0,-5.96,0.075,2490,slab
2492,7,-31.07,-23.47,-5.71,0.075,2491,slab
2493,7,-31.0,-24.56,-5.71,0.075,2492,slab
2494,7,-30.87,-25.26,-5.71,0.075,2493,slab
2495,7,-30.89,-26.76,-5.71,0.075,2494,slab
2496,7,-31.06,-27.27,-5.75,0.075,2495,slab
2497,7,-31.16,-27.38,-5.75,0.075,2496,slab
2498,7,-30.35,-27.43,-5.75,0.075,2497,slab
2499,7,-30.05,-27.41,-5.75,0.075,2498,end
2500,7,-15.37,-6.3,-5.46,0.075,2443,slab
2501,7,-15.26,-6.49,-5.46,0.075,2500,slab
2502,7,-15.23,-6.99,-5.05,0.075,2501,slab
2503,7,-16.11,-7.34,-5.05,0.075,2502,slab
2504,7,-17.77,-8.13,-4.34,0.075,2503,slab
2505,7,-19.21,-9.31,-4.46,0.075,2504,slab
2506,7,-19.98,-9.85,-4.46,0.075,2505,slab
2507,7,-21.06,-10.31,-4.75,0.075,2506,slab
2508,7,-21.93,-10.75,-4.46,0.075,2507,slab
2509,7,-22.22,-11.07,-4.46,0.075,2508,branch
2510,7,-22.52,-14.7,-4.55,0.075,2509,slab
2511,7,-22.53,-14.8,-4.96,0.075,2510,slab
2512,7,-23.22,-14.83,-4.96,0.075,2511,slab
2513,7,-24.03,-14.78,-4.46,0.075,2512,slab
2514,7,-25.14,-14.53,-4.46,0.075,2513,slab
2515,7,-25.24,-14.54,-4.4,0.075,2514,slab
2516,7,-25.61,-15.16,-4.4,0.075,2515,slab
2517,7,-25.6,-15.26,-4.75,0.075,2516,slab
2518,7,-25.98,-15.48,-4.75,0.075,2517,slab
2519,7,-27.18,-15.75,-5.0,0.075,2518,slab
2520,7,-27.48,-15.76,-4.46,0.075,2519,slab
2521,7,-28.26,-16.1,-4.0,0.075,2520,slab
2522,7,-29.7,-15.28,-4.34,0.075,2521,slab
2523,7,-30.18,-15.71,-4.25,0.075,2522,slab
2524,7,-30.45,-16.22,-4.25,0.075,2523,slab
2525,7,-30.65,-16.43,-4.59,0.075,2524,slab
2526,7,-31.33,-16.67,-3.83,0.035,2525,slab
2527,7,-32.35,-16.42,-3.83,0.035,2526,slab
2528,7,-32.55,-16.44,-3.91,0.035,2527,slab
2529,7,-33.04,-16.56,-3.91,0.035,2528,slab
2530,7,-34.27,-18.03,-4.09,0.035,2529,slab
2531,7,-34.63,-18.55,-3.83,0.035,2530,end
2532,7,-23.83,-11.06,-5.9,0.075,2509,slab
2533,7,-24.79,-11.81,-5.8,0.075,2532,slab
2534,7,-24.79,-11.81,-6.05,0.075,2533,slab
2535,7,-24.86,-10.42,-6.34,0.075,2534,slab
2536,7,-25.48,-9.95,-6.34,0.075,2535,slab
2537,7,-26.03,-9.17,-6.34,0.075,2536,slab
2538,7,-26.76,-8.61,-6.65,0.075,2537,slab
2539,7,-26.96,-8.62,-7.05,0.075,2538,slab
2540,7,-26.97,-8.52,-7.65,0.075,2539,slab
2541,7,-26.26,-8.59,-7.65,0.075,2540,slab
2542,7,-26.05,-8.87,-7.9,0.075,2541,slab
2543,7,-25.36,-8.44,-7.9,0.075,2542,slab
2544,7,-24.4,-7.88,-8.27,0.075,2543,slab
2545,7,-23.56,-8.45,-8.27,0.075,2544,slab
2546,7,-23.34,-8.83,-8.27,0.075,2545,slab
2547,7,-23.49,-9.84,-8.52,0.075,2546,slab
2548,7,-23.47,-10.04,-9.01,0.075,2547,slab
2549,7,-22.54,-10.69,-8.69,0.035,2548,slab
2550,7,-22.33,-10.78,-8.77,0.035,2549,slab
2551,7,-23.13,-10.92,-8.77,0.035,2550,slab
2552,7,-23.43,-10.83,-8.77,0.035,2551,slab
2553,7,-23.46,-10.44,-8.77,0.035,2552,slab
2554,7,-23.72,-9.25,-8.65,0.035,2553,slab
2555,7,-24.07,-8.27,-8.65,0.035,2554,branch
2556,7,-24.81,-7.61,-9.44,0.035,2555,slab
2557,7,-26.25,-7.08,-9.44,0.035,2556,slab
2558,7,-26.54,-7.1,-9.52,0.035,2557,slab
2559,7,-27.8,-7.87,-10.01,0.035,2558,slab
2560,7,-28.18,-8.19,-10.01,0.035,2559,slab
2561,7,-29.98,-8.28,-10.19,0.035,2560,end
2562,7,-24.33,-5.37,-10.52,0.075,2555,slab
2563,7,-24.28,-4.48,-10.52,0.075,2562,slab
2564,7,-24.2,-4.17,-10.94,0.075,2563,slab
2565,7,-24.0,-4.06,-10.94,0.075,2564,slab
2566,7,-24.06,-2.96,-10.94,0.075,2565,slab
2567,7,-23.6,-2.23,-11.6,0.075,2566,slab
2568,7,-23.02,-1.9,-11.6,0.075,2567,slab
2569,7,-21.86,-1.14,-11.6,0.075,2568,slab
2570,7,-21.28,-0.8,-11.6,0.075,2569,slab
2571,7,-20.8,-0.2,-11.6,0.075,2570,slab
2572,7,-20.71,0.0,-10.77,0.075,2571,slab
2573,7,-20.73,0.39,-10.77,0.075,2572,slab
2574,7,-20.55,0.91,-10.77,0.075,2573,end
2575,7,-2.04,3.6,-7.26,0.15,1,slab
2576,7,-4.25,7.39,-8.56,0.15,2575,slab
2577,7,-5.07,9.65,-9.0,0.15,2576,slab
2578,7,-6.6,11.97,-9.56,0.15,2577,branch
2579,7,-5.64,14.53,-10.0,0.15,2578,slab
2580,7,-5.44,14.54,-10.67,0.15,2579,slab
2581,7,-5.29,15.55,-10.67,0.15,2580,slab
2582,7,-5.42,16.14,-11.22,0.15,2581,slab
2583,7,-5.94,16.61,-11.22,0.15,2582,slab
2584,7,-6.76,16.78,-11.88,0.15,2583,slab
2585,7,-7.58,17.13,-11.88,0.15,2584,slab
2586,7,-8.19,17.29,-12.06,0.15,2585,slab
2587,7,-8.37,18.79,-10.97,0.075,2586,slab
2588,7,-8.33,20.0,-10.31,0.075,2587,slab
2589,7,-8.77,20.67,-10.31,0.075,2588,slab
2590,7,-9.75,22.01,-10.06,0.075,2589,slab
2591,7,-10.18,22.7,-10.06,0.075,2590,slab
2592,7,-10.96,24.06,-10.56,0.075,2591,slab
2593,7,-11.29,24.63,-10.56,0.075,2592,slab
2594,7,-11.66,26.02,-10.17,0.075,2593,slab
2595,7,-11.81,26.91,-9.81,0.075,2594,slab
2596,7,-12.47,27.88,-10.0,0.075,2595,slab
2597,7,-12.99,28.46,-10.0,0.075,2596,slab
2598,7,-13.94,29.2,-10.25,0.075,2597,slab
2599,7,-14.56,29.77,-11.47,0.075,2598,slab
2600,7,-14.76,29.76,-10.88,0.075,2599,end
2601,7,-8.34,12.58,-10.31,0.075,2578,slab
2602,7,-9.67,13.11,-10.97,0.075,2601,slab
2603,7,-10.49,13.66,-11.72,0.075,2602,slab
2604,7,-11.54,14.51,-11.72,0.075,2603,slab
2605,7,-12.57,15.06,-12.0,0.075,2604,slab
2606,7,-12.88,15.24,-12.0,0.075,2605,slab
2607,7,-14.0,15.48,-11.17,0.075,2606,slab
2608,7,-14.61,15.75,-10.63,0.075,2607,slab
2609,7,-15.15,16.32,-10.63,0.075,2608,branch
2610,7,-13.89,19.09,-8.47,0.035,2609,slab
2611,7,-13.5,19.21,-8.47,0.035,2610,slab
2612,7,-13.1,19.24,-8.47,0.035,2611,slab
2613,7,-12.91,19.54,-7.55,0.035,2612,slab
2614,7,-13.17,20.63,-7.55,0.035,2613,slab
2615,7,-13.48,20.71,-7.05,0.035,2614,slab
2616,7,-15.45,20.11,-7.05,0.035,2615,slab
2617,7,-16.44,19.95,-7.38,0.035,2616,slab
2618,7,-16.95,20.13,-7.38,0.035,2617,slab
2619,7,-17.87,20.48,-7.38,0.035,2618,slab
2620,7,-19.31,21.2,-8.0,0.035,2619,slab
2621,7,-19.76,22.08,-8.0,0.035,2620,slab
2622,7,-19.8,22.67,-8.38,0.035,2621,slab
2623,7,-20.02,23.17,-8.38,0.035,2622,slab
2624,7,-20.38,24.35,-8.63,0.035,2623,slab
2625,7,-20.66,25.73,-8.63,0.035,2624,slab
2626,7,-20.75,27.33,-8.67,0.035,2625,slab
2627,7,-20.63,29.04,-8.67,0.035,2626,slab
2628,7,-20.79,30.04,-8.47,0.035,2627,end
2629,7,-15.85,16.38,-9.17,0.075,2609,slab
2630,7,-17.45,16.29,-8.81,0.075,2629,slab
2631,7,-18.15,16.46,-8.81,0.075,2630,slab
2632,7,-18.88,16.92,-9.31,0.075,2631,slab
2633,7,-19.41,17.39,-9.31,0.075,2632,slab
2634,7,-20.23,17.75,-9.88,0.075,2633,slab
2635,7,-21.44,17.88,-9.72,0.075,2634,slab
2636,7,-22.04,18.05,-9.72,0.075,2635,slab
2637,7,-22.95,18.2,-9.0,0.075,2636,slab
2638,7,-23.85,18.15,-9.0,0.075,2637,slab
2639,7,-24.45,18.12,-8.88,0.075,2638,slab
2640,7,-25.76,18.05,-8.88,0.075,2639,end
2641,7,-3.58,2.35,-1.91,0.15,1,slab
2642,7,-6.87,3.97,-2.16,0.15,2641,slab
2643,7,-9.81,4.62,-2.6,0.15,2642,slab
2644,7,-10.31,4.58,-2.6,0.15,2643,slab
2645,7,-11.22,4.83,-2.75,0.15,2644,slab
2646,7,-12.87,5.74,-3.25,0.15,2645,slab
2647,7,-13.5,6.41,-3.25,0.15,2646,slab
2648,7,-14.22,6.67,-3.25,0.15,2647,branch
2649,7,-15.01,8.23,-2.6,0.11,2648,slab
2650,7,-15.64,8.9,-3.28,0.11,2649,slab
2651,7,-15.86,9.09,-3.6,0.11,2650,slab
2652,7,-17.88,9.38,-3.16,0.11,2651,slab
2653,7,-19.88,9.47,-4.9,0.11,2652,slab
2654,7,-20.38,9.45,-4.19,0.11,2653,branch
2655,7,-20.78,11.22,-4.36,0.11,2654,slab
2656,7,-20.85,12.63,-4.36,0.11,2655,slab
2657,7,-20.59,13.24,-4.36,0.11,2656,slab
2658,7,-20.59,13.24,-4.65,0.11,2657,slab
2659,7,-21.6,15.38,-4.53,0.075,2658,slab
2660,7,-21.65,16.19,-4.53,0.075,2659,slab
2661,7,-21.66,16.59,-4.53,0.075,2660,slab
2662,7,-21.61,17.5,-4.53,0.075,2661,end
2663,7,-23.66,8.97,-3.78,0.075,2654,slab
2664,7,-24.45,8.62,-5.03,0.075,2663,branch
2665,7,-25.18,9.19,-5.75,0.035,2664,slab
2666,7,-26.79,9.4,-5.86,0.035,2665,slab
2667,7,-27.28,9.18,-5.86,0.035,2666,slab
2668,7,-27.86,8.85,-5.86,0.035,2667,slab
2669,7,-28.25,8.52,-5.86,0.035,2668,slab
2670,7,-29.04,8.48,-6.03,0.035,2669,slab
2671,7,-29.44,8.36,-6.03,0.035,2670,slab
2672,7,-30.29,7.51,-5.69,0.035,2671,slab
2673,7,-30.37,7.21,-5.69,0.035,2672,end
2674,7,-26.51,7.82,-4.44,0.075,2664,slab
2675,7,-26.69,7.5,-4.4,0.075,2674,slab
2676,7,-26.75,6.9,-4.4,0.075,2675,slab
2677,7,-26.92,6.29,-4.15,0.075,2676,slab
2678,7,-27.4,5.86,-4.15,0.075,2677,slab
2679,7,-27.68,5.44,-4.78,0.075,2678,slab
2680,7,-27.67,5.34,-4.78,0.075,2679,slab
2681,7,-27.7,4.14,-5.15,0.075,2680,slab
2682,7,-27.96,3.43,-5.15,0.075,2681,slab
2683,7,-28.8,2.19,-5.36,0.075,2682,end
2684,7,-13.66,6.65,-4.46,0.15,2648,slab
2685,7,-13.1,5.37,-4.51,0.15,2684,slab
2686,7,-13.05,4.58,-4.51,0.15,2685,slab
2687,7,-13.03,4.28,-5.17,0.15,2686,slab
2688,7,-12.92,2.18,-4.63,0.15,2687,branch
2689,7,-14.68,1.38,-3.8,0.075,2688,slab
2690,7,-16.03,0.51,-4.21,0.075,2689,slab
2691,7,-16.62,0.28,-3.88,0.075,2690,branch
2692,7,-18.95,0.66,-2.72,0.075,2691,slab
2693,7,-19.48,1.22,-2.72,0.075,2692,slab
2694,7,-20.2,1.68,-3.88,0.075,2693,slab
2695,7,-21.94,2.2,-4.13,0.075,2694,slab
2696,7,-23.16,2.73,-4.13,0.075,2695,slab
2697,7,-24.29,3.27,-4.42,0.075,2696,slab
2698,7,-24.6,3.45,-4.42,0.075,2697,slab
2699,7,-25.33,3.91,-4.42,0.075,2698,slab
2700,7,-25.95,4.28,-4.67,0.075,2699,branch
2701,7,-25.82,7.4,-5.51,0.075,2700,slab
2702,7,-25.45,7.81,-4.63,0.075,2701,slab
2703,7,-25.06,8.14,-4.63,0.075,2702,slab
2704,7,-24.97,8.35,-4.05,0.075,2703,slab
2705,7,-25.13,9.34,-4.05,0.075,2704,slab
2706,7,-25.44,9.72,-4.05,0.075,2705,slab
2707,7,-26.09,10.58,-3.72,0.075,2706,slab
2708,7,-27.03,11.33,-3.51,0.075,2707,slab
2709,7,-27.86,11.69,-3.51,0.075,2708,slab
2710,7,-29.21,12.82,-3.47,0.075,2709,slab
2711,7,-29.84,13.19,-3.47,0.075,2710,slab
2712,7,-31.0,14.33,-4.05,0.075,2711,slab
2713,7,-31.74,15.08,-4.05,0.075,2712,slab
2714,7,-32.67,15.54,-3.88,0.075,2713,slab
2715,7,-33.19,15.91,-3.88,0.075,2714,slab
2716,7,-33.58,15.79,-3.47,0.075,2715,slab
2717,7,-34.25,15.25,-3.47,0.075,2716,slab
2718,7,-35.0,14.31,-3.47,0.075,2717,slab
2719,7,-36.3,12.33,-4.21,0.075,2718,slab
2720,7,-36.77,11.71,-4.21,0.075,2719,slab
2721,7,-37.24,11.08,-4.67,0.075,2720,slab
2722,7,-37.8,10.55,-4.67,0.075,2721,slab
2723,7,-37.49,12.17,-4.71,0.035,2722,slab
2724,7,-37.48,11.78,-4.71,0.035,2723,slab
2725,7,-38.53,11.11,-4.71,0.035,2724,slab
2726,7,-39.2,10.28,-5.05,0.035,2725,slab
2727,7,-39.66,9.66,-5.38,0.035,2726,slab
2728,7,-39.96,9.54,-5.38,0.035,2727,slab
2729,7,-41.05,9.37,-5.46,0.075,2728,slab
2730,7,-41.25,9.57,-5.46,0.075,2729,end
2731,7,-28.08,4.66,-5.51,0.075,2700,slab
2732,7,-28.09,4.97,-5.51,0.075,2731,slab
2733,7,-28.23,5.76,-5.26,0.075,2732,slab
2734,7,-28.36,6.16,-5.26,0.075,2733,slab
2735,7,-29.12,7.42,-4.88,0.075,2734,slab
2736,7,-30.39,8.74,-4.63,0.075,2735,slab
2737,7,-31.04,9.41,-4.63,0.075,2736,slab
2738,7,-31.75,9.77,-5.38,0.075,2737,slab
2739,7,-32.39,10.24,-5.38,0.075,2738,slab
2740,7,-32.92,10.82,-5.51,0.075,2739,slab
2741,7,-33.56,11.59,-5.51,0.075,2740,slab
2742,7,-34.2,12.35,-5.76,0.075,2741,slab
2743,7,-34.51,12.53,-5.76,0.075,2742,slab
2744,7,-34.51,12.53,-5.46,0.075,2743,branch
2745,7,-35.38,13.79,-6.5,0.075,2744,slab
2746,7,-36.21,14.34,-5.76,0.075,2745,slab
2747,7,-36.41,14.43,-5.76,0.075,2746,slab
2748,7,-37.4,14.08,-5.67,0.075,2747,slab
2749,7,-37.68,13.76,-5.67,0.075,2748,slab
2750,7,-37.87,13.65,-5.51,0.075,2749,slab
2751,7,-39.08,13.79,-5.55,0.035,2750,slab
2752,7,-39.71,14.16,-5.55,0.035,2751,slab
2753,7,-40.21,14.23,-5.55,0.035,2752,end
2754,7,-35.2,12.3,-5.01,0.035,2744,slab
2755,7,-37.43,10.88,-5.17,0.035,2754,slab
2756,7,-37.92,10.74,-5.26,0.035,2755,end
2757,7,-20.05,0.69,-2.38,0.11,2691,slab
2758,7,-21.02,0.14,-2.13,0.11,2757,slab
2759,7,-21.21,-0.06,-2.13,0.11,2758,slab
2760,7,-22.09,-0.4,-2.13,0.11,2759,slab
2761,7,-23.58,-0.58,-2.13,0.11,2760,slab
2762,7,-23.88,-0.6,-2.13,0.11,2761,slab
2763,7,-25.48,-2.77,-2.13,0.11,2762,slab
2764,7,-26.07,-2.9,-2.13,0.11,2763,slab
2765,7,-27.27,-2.87,-2.55,0.11,2764,slab
2766,7,-28.01,-2.11,-2.63,0.11,2765,slab
2767,7,-28.67,-0.96,-2.68,0.11,2766,slab
2768,7,-29.88,1.07,-3.55,0.11,2767,slab
2769,7,-30.44,2.03,-3.55,0.11,2768,slab
2770,7,-30.96,2.51,-3.38,0.11,2769,slab
2771,7,-31.26,2.6,-3.38,0.11,2770,slab
2772,7,-31.86,2.36,-3.13,0.11,2771,slab
2773,7,-32.34,2.03,-4.01,0.11,2772,slab
2774,7,-34.28,0.92,-3.13,0.11,2773,slab
2775,7,-34.28,0.92,-3.72,0.11,2774,slab
2776,7,-34.87,0.59,-3.18,0.11,2775,slab
2777,7,-35.16,0.48,-3.18,0.11,2776,slab
2778,7,-35.54,0.16,-3.43,0.11,2777,slab
2779,7,-36.12,-0.26,-3.68,0.11,2778,slab
2780,7,-36.5,-0.69,-3.8,0.11,2779,slab
2781,7,-37.06,-1.59,-3.8,0.11,2780,slab
2782,7,-36.74,-1.97,-3.51,0.11,2781,slab
2783,7,-35.81,-2.43,-3.51,0.11,2782,end
2784,7,-12.23,0.51,-4.8,0.11,2688,slab
2785,7,-12.27,-0.48,-4.8,0.11,2784,slab
2786,7,-12.35,-0.99,-4.8,0.11,2785,slab
2787,7,-12.61,-1.87,-4.8,0.11,2786,slab
2788,7,-12.78,-2.39,-4.71,0.11,2787,slab
2789,7,-13.24,-3.12,-4.71,0.11,2788,slab
2790,7,-13.73,-3.34,-5.21,0.11,2789,slab
2791,7,-14.62,-3.49,-5.21,0.11,2790,slab
2792,7,-15.02,-3.51,-4.55,0.11,2791,slab
2793,7,-15.92,-3.56,-4.55,0.11,2792,slab
2794,7,-16.7,-4.0,-4.21,0.11,2793,slab
2795,7,-17.46,-4.64,-4.21,0.11,2794,slab
2796,7,-18.04,-5.07,-3.68,0.11,2795,slab
2797,7,-18.62,-5.41,-3.22,0.11,2796,slab
2798,7,-19.5,-5.96,-3.22,0.11,2797,slab
2799,7,-19.98,-6.28,-3.76,0.11,2798,slab
2800,7,-20.49,-6.11,-3.76,0.11,2799,slab
2801,7,-20.99,-6.04,-4.71,0.11,2800,slab
2802,7,-21.12,-5.65,-4.71,0.11,2801,end
2803,7,3.88,2.55,-2.07,0.11,1,slab
2804,7,5.26,4.73,-3.13,0.11,2803,slab
2805,7,5.65,6.66,-3.13,0.11,2804,slab
2806,7,5.91,7.46,-3.42,0.11,2805,slab
2807,7,6.27,8.19,-3.42,0.11,2806,slab
2808,7,6.65,8.7,-3.42,0.11,2807,slab
2809,7,7.02,9.13,-3.99,0.11,2808,slab
2810,7,7.22,9.34,-3.99,0.11,2809,slab
2811,7,6.47,10.2,-5.13,0.075,2810,slab
2812,7,6.28,11.79,-5.42,0.075,2811,slab
2813,7,6.65,12.41,-5.42,0.075,2812,slab
2814,7,6.86,14.13,-5.92,0.11,2813,slab
2815,7,6.4,15.11,-6.63,0.11,2814,slab
2816,7,6.37,15.71,-8.23,0.11,2815,slab
2817,7,6.34,16.2,-8.48,0.11,2816,end
2818,7,-3.54,2.01,-1.28,0.11,1,slab
2819,7,-5.56,4.01,-1.28,0.11,2818,slab
2820,7,-9.47,7.9,-1.28,0.11,2819,slab
2821,7,-11.46,9.59,-1.28,0.11,2820,slab
2822,7,-11.81,10.58,-1.28,0.11,2821,slab
2823,7,-12.31,12.36,-1.28,0.11,2822,slab
2824,7,-12.87,13.42,-1.28,0.11,2823,slab
2825,7,-13.07,15.22,-1.08,0.11,2824,slab
2826,7,-13.1,15.92,-1.08,0.11,2825,slab
2827,7,-14.22,18.16,0.02,0.11,2826,slab
2828,7,-13.35,18.51,0.02,0.11,2827,slab
2829,7,-13.36,18.81,0.02,0.11,2828,branch
2830,7,-13.59,19.29,0.02,0.11,2829,slab
2831,7,-14.42,19.95,-0.62,0.11,2830,slab
2832,7,-14.64,20.24,-1.03,0.11,2831,slab
2833,7,-14.93,21.93,-1.03,0.11,2832,slab
2834,7,-15.0,23.12,-1.03,0.11,2833,end
2835,7,-13.68,20.99,-0.58,0.11,2829,slab
2836,7,-13.75,22.29,-1.28,0.11,2835,slab
2837,7,-13.49,23.1,-1.28,0.11,2836,slab
2838,7,-12.79,24.94,-1.28,0.11,2837,slab
2839,7,-12.73,25.55,-1.28,0.11,2838,slab
2840,7,-12.66,26.25,-1.28,0.11,2839,slab
2841,7,-12.42,27.47,-0.69,0.11,2840,slab
2842,7,-12.47,28.37,-0.69,0.11,2841,slab
2843,7,-12.52,31.07,-0.49,0.11,2842,slab
2844,7,-12.63,31.26,-0.53,0.11,2843,slab
2845,7,-14.23,33.08,-0.49,0.11,2844,slab
2846,7,-14.44,33.16,-0.49,0.11,2845,slab
2847,7,-15.88,33.99,-0.49,0.11,2846,branch
2848,7,-18.88,33.83,-0.19,0.11,2847,slab
2849,7,-20.11,34.27,-0.87,0.11,2848,slab
2850,7,-21.23,34.8,-0.87,0.11,2849,slab
2851,7,-21.85,34.97,-0.69,0.11,2850,slab
2852,7,-22.96,35.31,-0.37,0.11,2851,slab
2853,7,-23.59,35.68,-0.37,0.11,2852,slab
2854,7,-25.7,36.07,-0.58,0.075,2853,slab
2855,7,-26.23,36.44,-0.58,0.075,2854,slab
2856,7,-26.95,36.69,-0.28,0.075,2855,slab
2857,7,-27.45,36.77,-0.28,0.075,2856,slab
2858,7,-27.85,36.75,-0.28,0.075,2857,slab
2859,7,-28.04,36.54,-1.03,0.075,2858,slab
2860,7,-28.54,36.52,-1.03,0.075,2859,slab
2861,7,-29.63,36.36,-1.03,0.075,2860,slab
2862,7,-31.04,36.48,-0.37,0.075,2861,slab
2863,7,-31.35,36.66,-0.37,0.075,2862,slab
2864,7,-29.05,36.88,-0.37,0.075,2863,slab
2865,7,-28.26,37.03,-0.19,0.075,2864,slab
2866,7,-27.78,37.26,-0.19,0.075,2865,slab
2867,7,-27.59,37.66,-0.19,0.075,2866,slab
2868,7,-27.63,38.16,-0.13,0.075,2867,slab
2869,7,-29.17,38.88,-0.09,0.075,2868,end
2870,7,-16.13,36.79,-0.13,0.075,2847,slab
2871,7,-16.52,38.36,-0.13,0.075,2870,slab
2872,7,-16.54,38.76,-0.13,0.075,2871,slab
2873,7,-16.12,40.19,-0.28,0.075,2872,slab
2874,7,-15.84,40.7,-0.28,0.075,2873,slab
2875,7,-15.46,40.93,-0.37,0.075,2874,slab
2876,7,-14.46,40.98,-0.44,0.075,2875,slab
2877,7,-14.45,40.88,-0.44,0.075,2876,branch
2878,7,-13.96,42.81,-0.19,0.035,2877,slab
2879,7,-13.89,43.42,-0.19,0.035,2878,slab
2880,7,-13.53,44.13,-0.19,0.035,2879,slab
2881,7,-12.95,44.47,-0.49,0.035,2880,slab
2882,7,-12.65,44.58,-0.49,0.035,2881,slab
2883,7,-12.21,45.71,-0.09,0.075,2882,slab
2884,7,-11.95,46.52,-0.09,0.075,2883,slab
2885,7,-11.9,47.42,-0.83,0.075,2884,slab
2886,7,-11.85,48.33,-0.83,0.075,2885,slab
2887,7,-11.93,49.73,-0.99,0.075,2886,slab
2888,7,-10.94,49.98,-1.33,0.075,2887,slab
2889,7,-9.94,50.04,-1.33,0.075,2888,slab
2890,7,-9.35,50.07,-1.33,0.075,2889,slab
2891,7,-8.85,50.09,-1.87,0.075,2890,slab
2892,7,-8.25,50.13,-1.87,0.075,2891,slab
2893,7,-7.65,50.16,-2.33,0.075,2892,slab
2894,7,-7.15,50.18,-2.33,0.075,2893,slab
2895,7,-6.95,50.2,-2.33,0.075,2894,slab
2896,7,-6.64,50.02,-2.75,0.075,2895,slab
2897,7,-6.21,49.44,-2.75,0.075,2896,slab
2898,7,-6.1,49.24,-2.75,0.075,2897,slab
2899,7,-5.78,49.06,-2.7,0.075,2898,slab
2900,7,-5.01,49.41,-2.7,0.075,2899,slab
2901,7,-4.06,50.45,-2.25,0.075,2900,end
2902,7,-11.32,44.06,-0.78,0.075,2877,slab
2903,7,-11.02,44.07,-0.78,0.075,2902,slab
2904,7,-10.64,44.59,-0.78,0.075,2903,slab
2905,7,-10.47,45.0,-0.78,0.075,2904,slab
2906,7,-9.69,45.24,-1.03,0.075,2905,slab
2907,7,-8.69,45.4,-1.44,0.075,2906,slab
2908,7,-7.89,45.34,-1.44,0.075,2907,slab
2909,7,-6.8,45.7,-1.44,0.075,2908,slab
2910,7,-5.4,45.77,-1.19,0.075,2909,slab
2911,7,-5.2,45.69,-1.19,0.075,2910,slab
2912,7,-5.09,45.6,-1.33,0.075,2911,end
2913,7,2.23,1.56,-1.37,0.15,1,slab
2914,7,2.64,3.18,-2.03,0.15,2913,slab
2915,7,3.48,6.23,-2.03,0.15,2914,slab
2916,7,3.61,7.34,-2.88,0.15,2915,slab
2917,7,3.38,8.03,-3.24,0.15,2916,slab
2918,7,2.32,9.08,-3.24,0.15,2917,slab
2919,7,1.41,9.33,-2.74,0.11,2918,slab
2920,7,0.0,9.45,-2.24,0.11,2919,slab
2921,7,-1.17,9.29,-1.58,0.075,2920,slab
2922,7,-1.72,8.56,-1.58,0.075,2921,slab
2923,7,-2.03,8.44,-1.58,0.075,2922,slab
2924,7,-2.6,8.11,-2.03,0.075,2923,slab
2925,7,-3.29,7.88,-2.03,0.075,2924,slab
2926,7,-3.97,7.44,-1.66,0.075,2925,end
2927,7,-4.82,-0.4,-0.63,0.15,1,slab
2928,7,-8.6,-0.8,-0.38,0.15,2927,slab
2929,7,-9.2,-0.73,-0.38,0.15,2928,slab
2930,7,-9.95,0.12,-0.38,0.15,2929,slab
2931,7,-10.27,0.6,0.11,0.15,2930,slab
2932,7,-10.51,1.18,0.11,0.15,2931,slab
2933,7,-10.86,3.88,0.77,0.15,2932,slab
2934,7,-10.99,6.37,0.77,0.15,2933,slab
2935,7,-11.05,7.47,0.77,0.15,2934,slab
2936,7,-10.61,8.6,0.77,0.15,2935,slab
2937,7,-9.97,9.93,0.96,0.15,2936,slab
2938,7,-8.93,10.88,1.02,0.15,2937,slab
2939,7,-8.75,11.3,1.02,0.15,2938,slab
2940,7,-8.49,12.21,1.02,0.15,2939,slab
2941,7,-8.44,13.02,1.02,0.15,2940,slab
2942,7,-8.3,14.02,1.21,0.15,2941,slab
2943,7,-8.17,15.23,1.21,0.15,2942,slab
2944,7,-7.46,17.17,1.21,0.15,2943,slab
2945,7,-7.02,18.1,1.08,0.15,2944,slab
2946,7,-7.03,18.5,1.08,0.15,2945,slab
2947,7,-7.26,18.99,1.08,0.15,2946,slab
2948,7,-7.27,19.18,1.02,0.15,2947,slab
2949,7,-7.02,20.1,1.02,0.15,2948,slab
2950,7,-6.47,21.03,1.02,0.15,2949,slab
2951,7,-5.9,21.56,1.02,0.15,2950,slab
2952,7,-4.66,26.44,1.02,0.11,2951,slab
2953,7,-4.69,26.94,1.02,0.11,2952,branch
2954,7,-3.19,28.82,0.83,0.075,2953,slab
2955,7,-3.17,30.32,0.83,0.075,2954,slab
2956,7,-3.11,31.13,1.08,0.075,2955,slab
2957,7,-2.91,32.95,0.77,0.075,2956,branch
2958,7,-1.55,35.72,0.83,0.075,2957,slab
2959,7,-1.72,36.91,0.71,0.075,2958,slab
2960,7,-2.17,37.69,0.71,0.075,2959,slab
2961,7,-2.67,37.76,0.17,0.075,2960,slab
2962,7,-3.27,37.73,-0.18,0.075,2961,slab
2963,7,-3.88,38.0,-0.18,0.075,2962,slab
2964,7,-4.4,38.27,0.67,0.075,2963,slab
2965,7,-4.61,38.46,1.46,0.075,2964,slab
2966,7,-4.72,38.65,1.46,0.075,2965,end
2967,7,-1.24,33.54,-0.18,0.075,2957,slab
2968,7,-0.82,33.35,-0.18,0.075,2967,slab
2969,7,-0.14,33.59,-0.13,0.075,2968,slab
2970,7,0.41,34.42,-0.13,0.075,2969,slab
2971,7,0.49,34.73,-0.72,0.075,2970,slab
2972,7,1.14,35.26,-0.72,0.075,2971,slab
2973,7,1.53,35.38,-0.72,0.075,2972,slab
2974,7,2.51,35.93,-0.52,0.075,2973,slab
2975,7,2.78,36.54,-0.13,0.075,2974,slab
2976,7,3.02,37.56,-0.13,0.075,2975,slab
2977,7,2.96,38.56,-0.13,0.075,2976,slab
2978,7,2.9,39.75,-0.38,0.075,2977,slab
2979,7,2.9,39.85,-0.38,0.075,2978,slab
2980,7,2.98,40.06,-0.72,0.075,2979,end
2981,7,-5.41,29.1,1.46,0.075,2953,slab
2982,7,-5.82,29.48,0.83,0.075,2981,slab
2983,7,-5.89,30.68,0.83,0.075,2982,slab
2984,7,-6.25,31.86,0.58,0.075,2983,slab
2985,7,-6.59,32.34,0.58,0.075,2984,slab
2986,7,-7.01,32.92,-0.07,0.075,2985,slab
2987,7,-7.56,33.8,-0.07,0.075,2986,slab
2988,7,-7.79,34.28,-0.81,0.075,2987,slab
2989,7,-7.92,34.87,-1.06,0.075,2988,slab
2990,7,-8.14,35.16,-1.06,0.075,2989,end
2991,7,-1.02,4.6,-2.28,0.185,1,slab
2992,7,2.43,12.59,-2.28,0.185,2991,slab
2993,7,2.51,12.99,-1.87,0.185,2992,slab
2994,7,2.4,15.09,-1.74,0.185,2993,slab
2995,7,2.15,15.97,-1.74,0.185,2994,slab
2996,7,1.54,18.05,-2.24,0.185,2995,slab
2997,7,1.29,18.83,-2.32,0.185,2996,slab
2998,7,1.14,19.82,-2.53,0.185,2997,branch
2999,7,0.18,20.78,-2.92,0.11,2998,slab
3000,7,-1.03,21.62,-3.13,0.11,2999,slab
3001,7,-1.24,21.8,-3.78,0.11,3000,slab
3002,7,-1.78,22.48,-3.78,0.11,3001,slab
3003,7,-1.81,23.08,-3.78,0.11,3002,slab
3004,7,-1.85,23.78,-3.88,0.11,3003,slab
3005,7,-2.02,25.08,-3.88,0.11,3004,slab
3006,7,-2.27,25.96,-4.28,0.11,3005,slab
3007,7,-3.23,27.01,-4.63,0.11,3006,slab
3008,7,-3.54,27.29,-4.98,0.11,3007,slab
3009,7,-3.28,28.01,-5.07,0.11,3008,slab
3010,7,-3.62,28.7,-5.07,0.11,3009,slab
3011,7,-4.13,29.06,-5.07,0.11,3010,slab
3012,7,-4.73,28.93,-5.98,0.11,3011,slab
3013,7,-5.33,29.0,-6.48,0.11,3012,slab
3014,7,-5.18,29.81,-7.92,0.075,3013,slab
3015,7,-4.8,30.23,-7.92,0.075,3014,slab
3016,7,-4.51,30.35,-8.35,0.075,3015,slab
3017,7,-3.96,29.37,-8.35,0.075,3016,slab
3018,7,-3.74,29.09,-8.73,0.075,3017,slab
3019,7,-3.44,29.1,-9.1,0.075,3018,slab
3020,7,-3.25,29.31,-9.1,0.075,3019,slab
3021,7,-3.07,29.62,-9.59,0.075,3020,slab
3022,7,-3.08,29.92,-9.59,0.075,3021,slab
3023,7,-3.08,29.92,-10.09,0.075,3022,slab
3024,7,-2.17,29.77,-10.6,0.075,3023,slab
3025,7,-1.75,29.39,-10.6,0.075,3024,slab
3026,7,-1.35,29.42,-10.6,0.075,3025,slab
3027,7,-1.15,29.42,-11.23,0.075,3026,slab
3028,7,-0.97,29.73,-11.98,0.075,3027,slab
3029,7,-1.3,30.22,-11.98,0.075,3028,slab
3030,7,-2.21,30.57,-12.02,0.075,3029,end
3031,7,0.92,25.83,-2.32,0.075,2998,slab
3032,7,0.9,26.03,-2.32,0.075,3031,slab
3033,7,1.04,27.34,-2.32,0.075,3032,slab
3034,7,1.35,28.75,-2.32,0.075,3033,slab
3035,7,1.71,29.57,-2.57,0.075,3034,slab
3036,7,2.05,30.69,-2.78,0.075,3035,branch
3037,7,1.33,33.05,-3.32,0.035,3036,slab
3038,7,0.31,35.21,-2.88,0.035,3037,slab
3039,7,-0.2,35.98,-2.88,0.035,3038,slab
3040,7,-0.84,36.75,-2.88,0.035,3039,slab
3041,7,-0.88,37.45,-2.32,0.035,3040,slab
3042,7,-1.14,38.53,-2.32,0.035,3041,slab
3043,7,-1.58,39.22,-2.67,0.035,3042,slab
3044,7,-2.46,40.67,-2.07,0.035,3043,slab
3045,7,-2.69,41.15,-2.07,0.035,3044,slab
3046,7,-1.92,43.71,-2.88,0.075,3045,slab
3047,7,-2.25,44.09,-2.99,0.075,3046,slab
3048,7,-2.49,44.87,-2.99,0.075,3047,slab
3049,7,-2.01,45.21,-3.28,0.075,3048,slab
3050,7,-1.34,45.84,-3.99,0.075,3049,slab
3051,7,-1.24,46.05,-3.99,0.075,3050,slab
3052,7,-1.23,47.55,-4.73,0.075,3051,slab
3053,7,-1.24,47.85,-5.03,0.075,3052,slab
3054,7,-1.59,48.63,-5.03,0.075,3053,slab
3055,7,-1.71,48.92,-5.67,0.075,3054,slab
3056,7,-1.88,48.52,-5.67,0.075,3055,slab
3057,7,-1.64,47.82,-5.92,0.075,3056,slab
3058,7,-1.43,47.54,-5.92,0.075,3057,slab
3059,7,-1.33,47.54,-6.23,0.075,3058,slab
3060,7,-1.16,48.06,-6.23,0.075,3059,slab
3061,7,-1.87,48.42,-6.23,0.075,3060,slab
3062,7,-2.7,48.87,-6.53,0.075,3061,slab
3063,7,-3.22,49.24,-6.53,0.075,3062,slab
3064,7,-3.63,49.32,-6.63,0.075,3063,slab
3065,7,-3.85,49.71,-6.63,0.075,3064,slab
3066,7,-4.17,50.09,-6.63,0.075,3065,slab
3067,7,-4.17,50.09,-6.03,0.075,3066,slab
3068,7,-4.67,50.06,-6.03,0.075,3067,slab
3069,7,-5.14,49.54,-5.92,0.075,3068,slab
3070,7,-5.42,49.22,-5.92,0.075,3069,slab
3071,7,-5.52,49.02,-5.92,0.075,3070,slab
3072,7,-6.17,48.18,-5.92,0.075,3071,slab
3073,7,-7.11,47.13,-5.98,0.075,3072,slab
3074,7,-7.7,46.8,-5.98,0.075,3073,slab
3075,7,-9.79,46.49,-5.98,0.075,3074,end
3076,7,2.89,31.84,-2.74,0.035,3036,slab
3077,7,3.39,31.97,-2.74,0.035,3076,slab
3078,7,4.17,32.31,-3.42,0.035,3077,slab
3079,7,4.96,32.45,-3.42,0.035,3078,slab
3080,7,6.59,33.85,-3.88,0.075,3079,slab
3081,7,7.17,34.27,-3.88,0.075,3080,slab
3082,7,7.56,34.39,-4.78,0.075,3081,slab
3083,7,7.73,35.1,-4.78,0.075,3082,slab
3084,7,7.89,35.71,-5.28,0.075,3083,slab
3085,7,8.27,36.13,-5.28,0.075,3084,slab
3086,7,8.65,36.46,-5.28,0.075,3085,slab
3087,7,8.84,36.57,-5.28,0.075,3086,slab
3088,7,8.81,37.17,-5.28,0.075,3087,slab
3089,7,8.68,37.76,-5.38,0.075,3088,end
3090,7,-4.51,1.13,0.74,0.15,1,slab
3091,7,-5.56,1.78,0.74,0.15,3090,slab
3092,7,-7.02,2.99,0.7,0.15,3091,slab
3093,7,-9.71,2.75,0.0,0.15,3092,slab
3094,7,-10.69,2.49,0.0,0.15,3093,slab
3095,7,-11.64,1.64,0.89,0.075,3094,slab
3096,7,-12.32,1.1,1.24,0.075,3095,slab
3097,7,-12.7,0.69,1.24,0.075,3096,slab
3098,7,-13.48,-1.73,1.29,0.075,3097,slab
3099,7,-13.64,-2.44,1.29,0.075,3098,slab
3100,7,-13.66,-4.04,1.29,0.075,3099,slab
3101,7,-13.46,-7.53,1.29,0.075,3100,slab
3102,7,-13.23,-8.23,1.29,0.075,3101,slab
3103,7,-12.6,-8.7,0.99,0.075,3102,slab
3104,7,-12.2,-8.77,0.99,0.075,3103,slab
3105,7,-11.8,-8.75,0.64,0.075,3104,slab
3106,7,-11.92,-8.35,0.64,0.075,3105,slab
3107,7,-12.14,-7.97,0.46,0.075,3106,slab
3108,7,-11.55,-7.64,0.58,0.075,3107,slab
3109,7,-12.17,-9.27,0.58,0.075,3108,slab
3110,7,-12.36,-9.48,0.58,0.075,3109,slab
3111,7,-12.42,-12.08,0.58,0.075,3110,slab
3112,7,-12.29,-12.58,0.95,0.075,3111,slab
3113,7,-12.47,-12.88,0.95,0.075,3112,slab
3114,7,-12.21,-13.98,0.64,0.075,3113,slab
3115,7,-12.01,-14.17,0.64,0.075,3114,slab
3116,7,-12.07,-14.87,0.46,0.075,3115,slab
3117,7,-12.64,-15.4,0.46,0.075,3116,slab
3118,7,-13.01,-15.92,0.58,0.075,3117,slab
3119,7,-12.27,-16.69,0.4,0.075,3118,slab
3120,7,-11.14,-17.12,0.4,0.075,3119,end
3121,7,-4.18,1.97,0.41,0.26,1,slab
3122,7,-5.74,2.89,0.51,0.26,3121,slab
3123,7,-7.78,5.39,0.51,0.26,3122,slab
3124,7,-9.29,7.51,0.88,0.26,3123,slab
3125,7,-9.64,8.6,0.97,0.26,3124,slab
3126,7,-9.73,10.08,0.97,0.26,3125,slab
3127,7,-9.73,10.18,1.13,0.26,3126,slab
3128,7,-9.76,12.58,0.82,0.11,3127,slab
3129,7,-10.25,14.26,0.66,0.11,3128,slab
3130,7,-9.8,15.09,0.16,0.11,3129,slab
3131,7,-8.62,17.46,0.16,0.11,3130,slab
3132,7,-7.83,19.3,-0.08,0.11,3131,slab
3133,7,-7.38,20.42,0.88,0.11,3132,slab
3134,7,-7.31,20.93,0.88,0.11,3133,slab
3135,7,-6.97,22.05,0.72,0.11,3134,slab
3136,7,-6.83,23.07,0.22,0.11,3135,slab
3137,7,-6.99,24.16,0.22,0.11,3136,slab
3138,7,-7.96,25.5,-0.02,0.11,3137,slab
3139,7,-8.0,26.3,-0.02,0.11,3138,slab
3140,7,-8.03,26.9,-0.02,0.11,3139,slab
3141,7,-7.48,27.84,0.38,0.11,3140,end
3142,7,-2.82,4.6,-1.28,0.15,1,slab
3143,7,-3.9,6.25,-1.28,0.15,3142,slab
3144,7,-4.8,8.0,-1.74,0.15,3143,slab
3145,7,-5.66,9.05,-2.17,0.15,3144,slab
3146,7,-5.91,9.94,-2.17,0.15,3145,slab
3147,7,-6.6,11.5,-3.49,0.15,3146,slab
3148,7,-7.85,12.64,-4.03,0.15,3147,slab
3149,7,-7.49,13.36,-4.48,0.15,3148,slab
3150,7,-7.17,14.68,-4.53,0.15,3149,slab
3151,7,-8.14,16.03,-5.28,0.15,3150,slab
3152,7,-9.01,17.38,-6.17,0.15,3151,slab
3153,7,-10.16,18.22,-7.23,0.15,3152,slab
3154,7,-12.05,19.82,-7.23,0.15,3153,slab
3155,7,-12.68,20.29,-7.23,0.15,3154,slab
3156,7,-14.16,21.71,-7.13,0.15,3155,slab
3157,7,-17.02,20.96,-6.57,0.075,3156,slab
3158,7,-18.72,20.87,-6.48,0.075,3157,slab
3159,7,-19.63,21.02,-6.28,0.075,3158,slab
3160,7,-20.92,22.75,-6.98,0.075,3159,slab
3161,7,-21.25,23.23,-6.98,0.075,3160,slab
3162,7,-22.09,23.99,-7.38,0.075,3161,slab
3163,7,-22.47,25.47,-8.07,0.075,3162,slab
3164,7,-22.79,25.95,-8.07,0.075,3163,slab
3165,7,-22.83,26.65,-8.07,0.075,3164,slab
3166,7,-22.7,27.86,-8.35,0.075,3165,slab
3167,7,-22.84,28.55,-8.35,0.075,3166,slab
3168,7,-22.87,29.25,-7.78,0.075,3167,slab
3169,7,-23.0,29.84,-7.53,0.075,3168,slab
3170,7,-23.24,30.34,-7.53,0.075,3169,slab
3171,7,-23.35,30.63,-7.32,0.075,3170,end
3172,7,-3.22,4.58,-0.99,0.11,1,slab
3173,7,-5.07,9.18,-0.99,0.11,3172,slab
3174,7,-5.42,10.17,-0.99,0.11,3173,slab
3175,7,-6.17,11.13,-0.99,0.11,3174,slab
3176,7,-6.31,11.92,-0.99,0.11,3175,slab
3177,7,-6.45,12.61,-0.99,0.11,3176,slab
3178,7,-6.77,12.89,-0.99,0.11,3177,slab
3179,7,-7.7,13.45,-0.99,0.11,3178,slab
3180,7,-8.82,13.69,-0.99,0.11,3179,slab
3181,7,-9.24,14.27,-0.99,0.11,3180,slab
3182,7,-10.35,14.31,-0.99,0.11,3181,slab
3183,7,-11.25,14.26,-0.99,0.11,3182,slab
3184,7,-12.14,14.01,-0.99,0.11,3183,slab
3185,7,-13.3,13.35,-0.92,0.11,3184,slab
3186,7,-14.27,12.79,-0.92,0.11,3185,slab
3187,7,-14.76,12.47,-0.67,0.11,3186,slab
3188,7,-15.5,11.43,-0.67,0.11,3187,slab
3189,7,-15.88,11.1,-0.54,0.11,3188,slab
3190,7,-16.44,10.37,-0.54,0.11,3189,slab
3191,7,-16.63,10.06,-1.28,0.11,3190,slab
3192,7,-17.03,9.94,-1.28,0.11,3191,slab
3193,7,-17.63,10.0,-1.28,0.11,3192,slab
3194,7,-19.06,10.53,-1.08,0.11,3193,slab
3195,7,-19.68,10.9,-1.08,0.11,3194,slab
3196,7,-23.03,11.72,-0.79,0.11,3195,slab
3197,7,-23.46,12.2,-0.79,0.11,3196,branch
3198,7,-24.74,15.53,0.0,0.035,3197,branch
3199,7,-24.17,17.87,-0.49,0.035,3198,slab
3200,7,-25.07,18.12,-0.49,0.035,3199,slab
3201,7,-26.02,18.97,-0.18,0.035,3200,slab
3202,7,-26.13,19.06,-0.07,0.035,3201,slab
3203,7,-27.34,19.2,-0.82,0.035,3202,slab
3204,7,-28.04,19.26,-0.82,0.035,3203,slab
3205,7,-29.35,19.29,-0.79,0.11,3204,slab
3206,7,-29.53,18.98,-0.79,0.11,3205,slab
3207,7,-29.79,18.26,-0.79,0.11,3206,slab
3208,7,-30.48,18.03,-0.82,0.11,3207,slab
3209,7,-31.4,18.38,-0.82,0.11,3208,slab
3210,7,-31.5,18.37,-1.53,0.11,3209,slab
3211,7,-31.73,18.76,-1.53,0.11,3210,slab
3212,7,-31.93,19.05,-1.62,0.11,3211,slab
3213,7,-32.73,18.81,-1.62,0.11,3212,slab
3214,7,-33.02,18.69,-1.62,0.11,3213,slab
3215,7,-33.32,18.68,-1.83,0.11,3214,slab
3216,7,-34.04,19.03,-1.83,0.11,3215,slab
3217,7,-34.66,19.4,-1.83,0.11,3216,slab
3218,7,-34.88,19.6,-2.03,0.11,3217,slab
3219,7,-35.77,19.55,-2.03,0.11,3218,slab
3220,7,-36.66,19.4,-2.07,0.11,3219,end
3221,7,-25.79,16.58,-0.23,0.11,3198,slab
3222,7,-25.97,17.87,-0.33,0.11,3221,slab
3223,7,-25.88,18.17,-0.33,0.11,3222,slab
3224,7,-25.33,19.1,-0.33,0.11,3223,slab
3225,7,-24.8,20.34,-1.08,0.11,3224,slab
3226,7,-24.61,22.45,-1.08,0.11,3225,slab
3227,7,-24.67,23.54,-1.08,0.11,3226,slab
3228,7,-24.71,24.15,-1.08,0.11,3227,slab
3229,7,-24.77,25.45,-0.57,0.11,3228,slab
3230,7,-24.82,26.35,-0.57,0.11,3229,slab
3231,7,-24.96,27.04,-0.41,0.11,3230,slab
3232,7,-25.08,27.53,-0.41,0.11,3231,slab
3233,7,-25.31,27.92,-0.23,0.11,3232,slab
3234,7,-25.42,28.11,-0.23,0.11,3233,slab
3235,7,-26.17,29.07,-0.23,0.11,3234,slab
3236,7,-26.78,29.34,-0.01,0.11,3235,slab
3237,7,-27.21,29.72,-0.01,0.11,3236,slab
3238,7,-27.74,30.29,-0.01,0.11,3237,slab
3239,7,-28.24,30.36,0.0,0.11,3238,slab
3240,7,-28.54,30.34,0.0,0.11,3239,end
3241,7,-24.05,12.17,-0.79,0.11,3197,branch
3242,7,-26.33,13.35,-0.01,0.11,3241,slab
3243,7,-28.64,13.61,-0.54,0.11,3242,slab
3244,7,-29.97,14.05,-0.07,0.11,3243,slab
3245,7,-30.87,14.0,0.41,0.11,3244,slab
3246,7,-31.63,13.35,0.41,0.035,3245,slab
3247,7,-32.14,13.53,-0.33,0.035,3246,slab
3248,7,-32.57,14.01,-0.41,0.035,3247,slab
3249,7,-32.88,14.29,-0.41,0.035,3248,slab
3250,7,-33.08,14.38,-0.62,0.035,3249,slab
3251,7,-33.68,14.35,-0.62,0.035,3250,slab
3252,7,-35.48,14.15,-0.74,0.035,3251,end
3253,7,-24.07,15.53,-2.92,0.11,3241,slab
3254,7,-24.17,15.63,-3.32,0.11,3253,slab
3255,7,-25.5,17.95,-3.32,0.11,3254,slab
3256,7,-25.96,19.13,-2.28,0.11,3255,slab
3257,7,-26.29,19.72,-1.92,0.11,3256,slab
3258,7,-26.94,20.58,-1.92,0.11,3257,slab
3259,7,-27.82,21.93,-3.13,0.11,3258,slab
3260,7,-29.07,22.97,-3.13,0.11,3259,slab
3261,7,-30.11,23.51,-2.04,0.11,3260,slab
3262,7,-32.38,24.89,-1.42,0.075,3261,slab
3263,7,-32.68,24.88,-1.42,0.075,3262,slab
3264,7,-33.72,23.82,-1.99,0.075,3263,slab
3265,7,-34.39,23.08,-1.08,0.075,3264,slab
3266,7,-35.25,22.44,-1.08,0.075,3265,slab
3267,7,-35.73,22.11,-1.08,0.075,3266,slab
3268,7,-36.51,21.57,-1.08,0.075,3267,slab
3269,7,-36.85,20.35,-2.32,0.075,3268,slab
3270,7,-37.18,19.22,-2.32,0.075,3269,slab
3271,7,-37.43,18.12,-1.54,0.075,3270,slab
3272,7,-37.68,17.4,-1.54,0.075,3271,slab
3273,7,-38.21,15.97,-1.54,0.075,3272,slab
3274,7,-38.47,15.25,-1.04,0.075,3273,slab
3275,7,-39.03,14.52,-1.04,0.075,3274,slab
3276,7,-39.32,14.2,-0.79,0.075,3275,slab
3277,7,-39.47,13.49,-0.79,0.075,3276,end
3278,7,3.29,2.22,-0.67,0.15,1,slab
3279,7,5.04,3.21,-1.16,0.15,3278,slab
3280,7,6.38,4.29,-1.37,0.15,3279,slab
3281,7,6.98,4.32,-1.37,0.15,3280,slab
3282,7,7.84,5.07,-1.78,0.15,3281,slab
3283,7,8.0,5.88,-1.78,0.15,3282,slab
3284,7,9.45,6.96,-2.03,0.15,3283,slab
3285,7,9.69,7.97,-2.07,0.15,3284,slab
3286,7,10.69,8.02,-2.07,0.15,3285,slab
3287,7,10.77,8.53,-2.88,0.15,3286,slab
3288,7,10.37,10.32,-3.03,0.15,3287,slab
3289,7,10.36,10.41,-3.03,0.15,3288,slab
3290,7,10.63,11.02,-3.57,0.15,3289,slab
3291,7,11.39,11.77,-3.57,0.15,3290,slab
3292,7,11.76,12.19,-3.57,0.15,3291,slab
3293,7,11.98,13.9,-3.82,0.15,3292,slab
3294,7,13.23,14.77,-4.38,0.15,3293,slab
3295,7,13.56,15.99,-4.63,0.15,3294,slab
3296,7,13.7,17.0,-5.03,0.15,3295,slab
3297,7,13.87,17.71,-5.03,0.15,3296,slab
3298,7,14.26,18.04,-5.38,0.15,3297,slab
3299,7,15.4,19.09,-5.38,0.15,3298,slab
3300,7,15.34,20.19,-5.73,0.15,3299,slab
3301,7,14.02,22.53,-5.73,0.15,3300,slab
3302,7,14.0,22.72,-5.73,0.15,3301,branch
3303,7,15.54,23.81,-6.03,0.035,3302,slab
3304,7,16.27,25.25,-6.03,0.035,3303,slab
3305,7,16.35,25.66,-6.03,0.035,3304,slab
3306,7,16.5,26.37,-6.03,0.035,3305,slab
3307,7,16.16,27.25,-6.53,0.035,3306,slab
3308,7,16.15,27.44,-6.53,0.035,3307,slab
3309,7,15.69,28.43,-5.82,0.075,3308,slab
3310,7,15.17,28.9,-5.48,0.075,3309,slab
3311,7,14.53,29.46,-5.48,0.075,3310,slab
3312,7,14.17,30.65,-5.32,0.075,3311,slab
3313,7,14.15,31.05,-5.32,0.075,3312,slab
3314,7,14.1,32.04,-5.32,0.075,3313,slab
3315,7,14.19,32.25,-4.92,0.075,3314,slab
3316,7,12.15,32.84,-5.28,0.075,3315,slab
3317,7,11.54,33.1,-5.28,0.075,3316,slab
3318,7,11.02,33.28,-5.53,0.075,3317,slab
3319,7,10.74,33.06,-5.53,0.075,3318,end
3320,7,12.73,24.16,-6.53,0.075,3302,slab
3321,7,11.9,24.52,-6.67,0.075,3320,branch
3322,7,11.05,25.47,-6.92,0.075,3321,slab
3323,7,10.59,26.64,-6.92,0.075,3322,slab
3324,7,10.36,27.04,-7.23,0.075,3323,slab
3325,7,10.52,27.84,-7.23,0.075,3324,slab
3326,7,10.61,27.95,-7.23,0.075,3325,end
3327,7,11.75,27.31,-7.03,0.075,3321,slab
3328,7,10.97,28.87,-7.23,0.075,3327,slab
3329,7,10.85,29.06,-7.23,0.075,3328,slab
3330,7,10.11,29.82,-7.23,0.075,3329,slab
3331,7,9.25,30.88,-8.03,0.075,3330,slab
3332,7,9.24,31.08,-8.03,0.075,3331,slab
3333,7,9.18,32.18,-8.48,0.075,3332,end
