node_id,type,distance_to_root
1,root,0.0
2,slab,80.0
3,branch,163.1865373723417
4,slab,271.44548619413655
5,branch,695.1575941990538
6,branch,852.1582871239194
7,branch,873.1263656354876
8,branch,987.1140184816327
9,branch,1021.6840340529432
10,branch,1030.0655613600632
11,branch,1231.1751580634716
12,branch,1391.3854910145699
13,branch,1580.7281695695406
14,slab,1646.176742236182
15,branch,1718.2877677454617
16,slab,1843.2545731867322
17,slab,1898.2877957636115
18,branch,2018.2446718149956
19,slab,2128.1782622207816
20,slab,2188.1782622207816
21,slab,2257.4602945235365
22,slab,2292.101310674914
23,branch,2348.669853169838
24,branch,2393.3912127198337
25,slab,2428.0322288712114
26,slab,2462.673245022589
27,slab,2507.3946045725847
28,slab,2589.856717084938
29,branch,2685.301547777184
30,slab,2865.9173263123707
31,slab,2959.7256415088395
32,slab,3076.3446794057454
33,slab,3170.152994602214
34,slab,3204.794010753592
35,slab,3264.794010753592
36,slab,3377.9310957434395
37,slab,3417.9310957434395
38,slab,3452.572111894817
39,slab,3492.572111894817
40,slab,3537.293471444813
41,slab,3582.0148309948086
42,slab,3622.0148309948086
43,slab,3656.6558471461863
44,slab,3696.6558471461863
45,slab,3811.5471000769467
46,slab,3874.7926532803144
47,slab,3909.433669431692
48,slab,3991.895781944045
49,slab,4031.895781944045
50,slab,4106.728929679524
51,slab,4186.728929679524
52,slab,4221.369945830902
53,slab,4301.369945830902
54,slab,4336.01096198228
55,slab,4376.01096198228
56,slab,4416.01096198228
57,slab,4490.844109717758
58,slab,4573.306222230111
59,slab,4655.7683347424645
60,slab,4738.230447254818
61,slab,4818.230447254818
62,slab,4900.692559767171
63,slab,4980.692559767171
64,slab,5060.692559767171
65,slab,5143.154672279524
66,slab,5225.616784791877
67,slab,5317.268298690994
68,slab,5392.101446426473
69,slab,5452.101446426473
70,slab,5541.544165526464
71,slab,5654.681250516312
72,slab,5737.143363028665
73,slab,5846.687874529698
74,slab,5946.687874529698
75,slab,6036.130593629689
76,slab,6154.452189291682
77,slab,6262.155485434372
78,slab,6377.046738365133
79,slab,6461.8995521075185
80,slab,6541.8995521075185
81,slab,6631.34227120751
82,slab,6739.0455673502
83,slab,6841.025957622056
84,slab,6954.163042611904
85,slab,7010.731585106827
86,slab,7090.731585106827
87,slab,7125.372601258205
88,slab,7165.372601258205
89,slab,7247.834713770558
90,slab,7360.971798760405
91,slab,7475.863051691166
92,slab,7633.343209171402
93,slab,7693.343209171402
94,slab,7753.343209171402
95,slab,7798.064568721398
96,slab,7880.526681233751
97,slab,7960.526681233751
98,slab,8110.192976704709
99,slab,8182.3040022139885
100,slab,8323.725358451298
101,slab,8380.293900946222
102,slab,8474.102216142692
103,slab,8612.666280748203
104,slab,8672.666280748203
105,slab,8721.656075603865
106,slab,8841.656075603865
107,slab,8898.22461809879
108,slab,8967.506650401545
109,slab,9036.7886827043
110,slab,9065.072953951762
111,slab,9134.354986254517
112,slab,9179.076345804513
113,slab,9213.71736195589
114,slab,9258.438721505887
115,slab,9303.160081055883
116,slab,9323.160081055883
117,slab,9351.444352303344
118,slab,9371.444352303344
119,slab,9391.444352303344
120,slab,9460.7263846061
121,slab,9520.7263846061
122,slab,9587.058880413208
123,slab,9759.105385754061
124,slab,9841.567498266415
125,slab,9949.270794409105
126,slab,10040.922308308222
127,slab,10100.922308308222
128,slab,10135.5633244596
129,slab,10175.5633244596
130,slab,10250.396472195078
131,slab,10330.396472195078
132,slab,10412.858584707432
133,slab,10476.1041379108
134,slab,10516.1041379108
135,slab,10572.672680405723
136,slab,10695.960960465103
137,branch,10799.884008919236
138,branch,11003.844789462948
139,slab,11189.317159372862
140,slab,11317.37964412152
141,slab,11544.53597795353
142,slab,11711.867983260345
143,slab,11805.676298456814
144,slab,12020.152404352086
145,slab,12181.397559318057
146,slab,12412.048811211473
147,slab,12601.785470821575
148,slab,12764.266238914293
149,slab,12947.569266712528
150,slab,13168.476487056272
151,slab,13309.897843293582
152,slab,13456.867227860572
153,slab,13589.532219474788
154,slab,13772.835247273022
155,slab,13855.297359785376
156,slab,14046.085200068765
157,slab,14234.764822709896
158,slab,14387.080284827174
159,slab,14565.965723027157
160,slab,14712.935107594147
161,slab,14929.268184121986
162,slab,15130.265696544404
163,slab,15327.242852580326
164,slab,15516.979512190428
165,slab,15695.86495039041
166,slab,15828.529942004627
167,slab,15955.021048411361
168,slab,16083.083533160017
169,slab,16255.13003850087
170,slab,16381.621144907605
171,slab,16535.244059864977
172,slab,16653.56565552697
173,slab,16811.045813007207
174,slab,16968.525970487444
175,slab,17169.523482909863
176,slab,17323.146397867236
177,slab,17463.146397867236
178,slab,17620.626555347473
179,slab,17735.517808278233
180,slab,17820.37062202062
181,slab,17977.850779500855
182,slab,18044.183275307965
183,slab,18191.152659874955
184,slab,18354.859715312403
185,slab,18494.859715312403
186,slab,18592.83930502373
187,slab,18716.127585083108
188,slab,18873.607742563345
189,slab,19031.08790004358
190,slab,19197.220377301943
191,slab,19326.8351912701
192,slab,19498.88169661095
193,slab,19670.928201951803
194,slab,19879.734332130014
195,slab,20064.125221275874
196,branch,20160.165101910603
197,slab,20399.52098088025
198,slab,20560.76613584622
199,slab,20706.36833363183
200,slab,20835.98314759999
201,slab,20965.597961568146
202,branch,21138.9385691919
203,slab,21238.815512233694
204,slab,21454.222104519074
205,slab,21658.182885062786
206,slab,21911.954435871776
207,slab,22097.42680578169
208,slab,22199.407196053548
209,slab,22319.407196053548
210,slab,22489.11282353832
211,slab,22709.11282353832
212,slab,22837.175308286976
213,slab,22994.655465767213
214,slab,23096.63585603907
215,slab,23281.02674518493
216,slab,23528.54709094204
217,slab,23680.10383465119
218,slab,23878.59816706398
219,slab,24008.21298103214
220,slab,24172.507497451923
221,slab,24354.82898720453
222,slab,24571.162063732372
223,slab,24718.131448299362
224,slab,24906.811070940494
225,slab,25049.63963951135
226,slab,25207.11979699159
227,slab,25381.475754733216
228,slab,25528.445139300205
229,slab,25632.36818775434
230,branch,25747.2594406851
231,slab,25881.005807461035
232,branch,26024.36361348638
233,slab,26131.44266066279
234,slab,26288.922818143026
235,slab,26382.731133339494
236,slab,26439.299675834416
237,slab,26573.463754484404
238,slab,26712.747637256245
239,slab,26857.66140471814
240,slab,27051.568599014794
241,slab,27179.631083763452
242,slab,27368.310706404583
243,slab,27481.447791394432
244,slab,27652.327866300784
245,slab,27809.80802378102
246,slab,28011.79812254826
247,slab,28169.2782800285
248,slab,28342.483360785387
249,slab,28516.839318527014
250,slab,28702.31168843693
251,slab,28890.99131107806
252,slab,29036.593508863672
253,slab,29121.446322606058
254,slab,29239.76791826805
255,slab,29397.248075748288
256,slab,29515.56967141028
257,slab,29708.44268663014
258,slab,29936.477771649967
259,slab,30092.6827651681
260,slab,30232.6827651681
261,slab,30378.284962953712
262,slab,30507.89977692187
263,slab,30657.566072392827
264,slab,30793.21267205533
265,slab,30928.859271717836
266,slab,31060.008042203877
267,slab,31178.32963786587
268,slab,31301.61791792525
269,slab,31490.297540566382
270,slab,31673.628038748546
271,slab,31809.173292673244
272,slab,31985.746528852116
273,slab,32126.628088705987
274,slab,32266.628088705987
275,slab,32399.293080320203
276,slab,32622.899878070184
277,slab,32730.603174212873
278,slab,32779.59296906854
279,branch,32842.83852227191
280,branch,32900.12687188883
281,slab,33017.565137603066
282,branch,33168.913634458186
283,slab,33237.960005318935
284,slab,33376.567975423015
285,slab,33601.48580208727
286,slab,33724.77408214665
287,slab,33843.09567780864
288,slab,34015.142183149495
289,slab,34146.29095363554
290,slab,34215.57298593829
291,slab,34330.464238869055
292,slab,34480.130534340016
293,slab,34627.099918907006
294,slab,34750.388198966386
295,slab,34870.388198966386
296,slab,35004.55227761637
297,slab,35134.167091584524
298,slab,35316.37576316741
299,slab,35529.91732820804
300,branch,35648.23892387003
301,slab,35789.66028010734
302,branch,35958.31269101225
303,branch,36057.89170212424
304,slab,36215.37185960447
305,slab,36404.0514822456
306,slab,36538.21556089559
307,slab,36696.45588445441
308,slab,36960.42557968475
309,branch,37068.360745409365
310,slab,37204.92574824684
311,slab,37404.92574824684
312,slab,37519.8170011776
313,slab,37632.95408616745
314,slab,37799.08656342581
315,branch,37939.08656342581
316,branch,38088.75285889677
317,slab,38201.40646219591
318,branch,38378.96102489432
319,slab,38497.12448060848
320,slab,38563.45697641559
321,slab,38710.42636098258
322,slab,38900.163020592685
323,slab,39049.829316063646
324,slab,39177.04350291422
325,branch,39331.424646391264
326,slab,39482.32150971006
327,slab,39639.801667190295
328,slab,39782.63023576115
329,branch,39922.63023576115
330,branch,39975.27123021368
331,slab,40084.06046559315
332,slab,40212.12295034181
333,slab,40352.12295034181
334,slab,40518.25542760017
335,slab,40663.857625385775
336,slab,40817.480540343146
337,slab,40957.480540343146
338,slab,41090.145531957365
339,slab,41219.76034592552
340,slab,41389.46597341029
341,slab,41535.0681711959
342,slab,41667.73316281012
343,slab,41787.73316281012
344,slab,41976.41278545125
345,slab,42058.8748979636
346,slab,42185.366004370335
347,slab,42326.78736060765
348,slab,42468.20871684496
349,slab,42591.49699690434
350,slab,42654.74255010771
351,slab,42714.74255010771
352,slab,42818.66559856184
353,slab,42940.32084916781
354,slab,43063.60912922719
355,slab,43167.53217768132
356,slab,43313.13437546693
357,slab,43458.736573252536
358,slab,43585.22767965927
359,slab,43757.274185000126
360,slab,43951.18137929678
361,slab,44140.918038906886
362,slab,44250.462550407916
363,slab,44422.50905574877
364,slab,44558.155655411276
365,slab,44698.155655411276
366,slab,44891.02867063114
367,slab,45048.50882811137
368,slab,45249.506340533786
369,slab,45406.98649801402
370,slab,45479.0975235233
371,slab,45551.20854903258
372,slab,45671.20854903258
373,slab,45816.810746818184
374,slab,46026.572516452215
375,slab,46227.57002887463
376,slab,46454.72636270664
377,slab,46661.60797136241
378,slab,46789.67045611107
379,slab,46945.8754496292
380,slab,47091.47764741481
381,slab,47180.9203665148
382,slab,47297.539404411706
383,slab,47405.242700554394
384,slab,47545.242700554394
385,slab,47688.11859109153
386,slab,47804.953663562424
387,slab,47928.241943621804
388,slab,48075.211328188794
389,slab,48209.37540683878
390,slab,48349.37540683878
391,slab,48464.26665976954
392,slab,48630.3991370279
393,slab,48745.29038995867
394,slab,48892.25977452566
395,slab,49091.25726194698
396,slab,49271.25726194698
397,slab,49394.54554200636
398,slab,49559.46976703106
399,slab,49726.80177233788
400,slab,49854.864257086534
401,slab,50042.48088747947
402,slab,50193.47757618489
403,slab,50383.21423579499
404,slab,50592.976005429024
405,slab,50696.89905388316
406,branch,50882.37142379307
407,slab,51064.58009537595
408,slab,51231.91210068277
409,slab,51325.72041587924
410,slab,51455.33522984739
411,branch,51707.176573711455
412,slab,51841.5496840861
413,slab,52004.03045217882
414,slab,52160.235445696955
415,slab,52309.901741167916
416,slab,52437.96422591657
417,slab,52566.026710665225
418,slab,52728.50747875794
419,branch,52861.33807402181
420,slab,52964.74857959622
421,branch,53058.55689479269
422,slab,53312.32844560168
423,slab,53519.21005425745
424,slab,53663.432105276006
425,branch,53772.86795025567
426,branch,53858.897827348614
427,branch,53972.10807101963
428,slab,54110.332692899894
429,slab,54276.465170158255
430,slab,54348.576195667534
431,branch,54476.84424325485
432,branch,54699.32395757025
433,branch,54919.7912450402
434,branch,55037.473088019164
435,branch,55227.75619766591
436,slab,55288.92451809496
437,slab,55328.92451809496
438,slab,55373.64587764495
439,slab,55413.64587764495
440,slab,55476.89143084832
441,slab,55551.7245785838
442,slab,55621.00661088656
443,slab,55655.647627037935
444,slab,55690.28864318931
445,slab,55746.85718568424
446,slab,55803.425728179165
447,slab,55831.709999426625
448,slab,55900.99203172938
449,slab,55929.27630297684
450,slab,55985.844845471765
451,slab,56020.48586162314
452,slab,56055.12687777452
453,slab,56075.12687777452
454,slab,56135.12687777452
455,slab,56195.12687777452
456,slab,56235.12687777452
457,slab,56263.41114902198
458,slab,56298.05216517336
459,slab,56326.33643642082
460,slab,56395.61846872357
461,slab,56430.25948487495
462,slab,56450.25948487495
463,slab,56519.541517177706
464,slab,56588.82354948046
465,slab,56705.442587377365
466,slab,56805.442587377365
467,slab,56913.145883520054
468,slab,57033.145883520054
469,slab,57148.03713645082
470,branch,57228.03713645082
471,slab,57308.53558364081
472,slab,57408.53558364081
473,slab,57551.36415221167
474,slab,57607.93269470659
475,slab,57742.09677335658
476,slab,57892.27792128935
477,end,58050.42590086672
478,slab,10964.808233943942
479,branch,11170.229700847822
480,slab,11296.837526691808
481,slab,11494.827425424042
482,slab,11602.530721566733
483,branch,11799.507877602655
484,slab,11953.130792560027
485,slab,12222.945543824668
486,branch,12408.251954145173
487,slab,12647.991617803216
488,branch,12727.991617803216
489,slab,12932.930633122409
490,slab,13032.930633122409
491,branch,13182.930633122409
492,slab,13315.97198007891
493,slab,13517.96207884615
494,branch,13617.96207884615
495,slab,13858.793970421997
496,slab,14020.039125387968
497,branch,14127.458510870483
498,branch,14185.23338784133
499,branch,14342.911908692477
500,slab,14489.881293259466
501,slab,14577.05927213028
502,branch,14719.074861619889
503,slab,14897.077204042906
504,slab,14990.885519239375
505,slab,15065.718666974853
506,slab,15199.88274562484
507,slab,15284.735559367226
508,slab,15369.588373109611
509,branch,15482.72545809946
510,slab,15557.558605834938
511,slab,15602.279965384934
512,branch,15655.679704976204
513,slab,15736.448284500766
514,slab,15808.559310010045
515,branch,15908.559310010045
516,slab,15991.021422522399
517,slab,16093.001812794255
518,slab,16180.179791665068
519,slab,16273.988106861538
520,slab,16361.166085732351
521,slab,16448.344064603163
522,slab,16568.344064603163
523,slab,16697.185051870416
524,slab,16839.311755905936
525,slab,16899.311755905936
526,slab,16993.120071102403
527,slab,17062.40210340516
528,slab,17137.23525114064
529,slab,17228.886765039755
530,slab,17288.886765039755
531,slab,17390.86715531161
532,slab,17473.329267823963
533,branch,17618.941362756712
534,branch,17718.885533955272
535,branch,17782.31309969071
536,branch,17899.29799655766
537,branch,17955.129992757164
538,branch,18021.970896472285
539,branch,18079.794161048925
540,slab,18138.416611702076
541,slab,18158.416611702076
542,slab,18203.137971252072
543,branch,18307.061019706205
544,slab,18387.061019706205
545,slab,18421.702035857583
546,slab,18441.702035857583
547,slab,18476.34305200896
548,slab,18510.98406816034
549,slab,18539.2683394078
550,slab,18573.90935555918
551,slab,18622.899150414843
552,slab,18705.361262927196
553,branch,18745.361262927196
554,slab,18765.361262927196
555,slab,18785.361262927196
556,slab,18805.361262927196
557,slab,18825.361262927196
558,slab,18845.361262927196
559,slab,18865.361262927196
560,end,18925.361262927196
561,slab,40055.29522737537
562,slab,40135.29522737537
563,branch,40296.54038234134
564,slab,40388.19189624046
565,slab,40432.91325579045
566,slab,40477.634615340445
567,slab,40512.27563149182
568,slab,40540.55990273928
569,slab,40575.20091889066
570,slab,40609.84193504204
571,slab,40649.84193504204
572,slab,40709.84193504204
573,slab,40797.01991391285
574,slab,40857.01991391285
575,slab,40985.08239866151
576,slab,41045.08239866151
577,slab,41119.91554639699
578,slab,41223.83859485112
579,slab,41272.82838970678
580,slab,41352.82838970678
581,slab,41437.68120344917
582,slab,41552.57245637993
583,slab,41637.425270122316
584,slab,41726.86798922231
585,slab,41766.86798922231
586,slab,41833.20048502942
587,slab,41951.52208069141
588,slab,42036.37489443379
589,slab,42099.620447637164
590,slab,42191.27196153628
591,slab,42276.124775278666
592,slab,42358.58688779102
593,slab,42403.30824734101
594,slab,42526.59652740039
595,slab,42653.087633807125
596,slab,42774.74288441309
597,slab,42837.98843761646
598,slab,42897.98843761646
599,slab,42961.233990819834
600,slab,43043.696103332186
601,slab,43170.18720973892
602,slab,43252.64932225127
603,slab,43337.50213599366
604,slab,43377.50213599366
605,slab,43452.33528372914
606,slab,43501.3250785848
607,slab,43662.570233550774
608,branch,43962.04887284067
609,branch,44076.95455053299
610,branch,44212.60115019549
611,branch,44266.903242844695
612,branch,44333.235738651805
613,slab,44414.73826976945
614,slab,44521.74294256461
615,end,44541.74294256461
616,slab,14614.941318867186
617,branch,14817.975861995763
618,branch,14941.614607441134
619,slab,15148.041218947767
620,slab,15248.041218947767
621,slab,15441.94841324442
622,slab,15587.55061103003
623,branch,15766.067809090062
624,branch,15825.75779800231
625,branch,15851.922788351452
626,branch,15882.494223032316
627,branch,15950.428834862572
628,branch,15998.813020845986
629,branch,16075.839443370976
630,slab,16138.78987837343
631,branch,16210.048014992728
632,branch,16262.406337248643
633,slab,16348.42958991907
634,slab,16430.89170243142
635,slab,16538.59499857411
636,branch,16614.91668618648
637,slab,16673.440185740077
638,branch,16799.9732969934
639,branch,16819.940147482306
640,branch,16930.13352917307
641,branch,16943.500148937743
642,branch,16988.86177191218
643,slab,17008.828622401084
644,slab,17028.828622401084
645,slab,17063.469638552462
646,slab,17098.11065470384
647,branch,17147.100449559504
648,slab,17265.422045221498
649,slab,17310.143404771494
650,slab,17366.711947266416
651,slab,17411.433306816412
652,slab,17439.717578063875
653,slab,17474.358594215253
654,slab,17494.358594215253
655,slab,17528.99961036663
656,slab,17548.99961036663
657,slab,17597.989405222295
658,slab,17632.630421373673
659,branch,17684.108572078607
660,slab,17722.187437607925
661,slab,17742.187437607925
662,slab,17762.187437607925
663,slab,17811.17723246359
664,branch,17884.291807593974
665,slab,17941.78670277169
666,slab,17961.78670277169
667,slab,17981.78670277169
668,slab,18016.427718923067
669,end,18044.71199017053
670,slab,12860.656609417432
671,slab,13007.625993984422
672,slab,13047.625993984422
673,branch,13115.405700359885
674,slab,13182.83062042913
675,slab,13249.163116236237
676,slab,13347.142705947565
677,branch,13395.309084262733
678,branch,13479.511222002817
679,branch,13529.856672396127
680,branch,13633.937546901509
681,slab,13783.603842372466
682,branch,13905.610262061557
683,branch,13927.825914096791
684,branch,13956.15647058526
685,branch,14012.678757061007
686,slab,14097.531570803392
687,slab,14212.422823734152
688,slab,14275.66837693752
689,slab,14393.989972599511
690,branch,14551.629533288953
691,branch,14626.829677715688
692,branch,14741.643416154526
693,branch,14763.644197460011
694,branch,14930.55734852966
695,branch,15064.397947668418
696,branch,15164.643083350013
697,branch,15301.024900319871
698,branch,15400.019849685988
699,branch,15444.926799068255
700,slab,15505.065581607656
701,slab,15525.065581607656
702,branch,15585.545101666074
703,slab,15718.10920350551
704,slab,15800.571316017864
705,branch,15860.571316017864
706,slab,15917.139858512788
707,slab,15997.139858512788
708,branch,16031.780874664166
709,slab,16066.421890815544
710,slab,16122.990433310468
711,slab,16142.990433310468
712,branch,16177.631449461845
713,slab,16217.631449461845
714,branch,16257.631449461845
715,slab,16317.631449461845
716,branch,16352.272465613223
717,slab,16372.272465613223
718,slab,16400.556736860686
719,slab,16420.556736860686
720,slab,16469.54653171635
721,slab,16504.18754786773
722,slab,16548.908907417725
723,end,16577.193178665188
724,slab,13837.96207884615
725,slab,13951.099163836
726,slab,14065.99041676676
727,slab,14153.168395637573
728,slab,14222.450427940328
729,slab,14340.77202360232
730,slab,14460.77202360232
731,branch,14558.751613313647
732,slab,14692.915691963633
733,slab,14846.538606921005
734,slab,14974.601091669661
735,branch,15122.816348984024
736,branch,15335.495254009325
737,branch,15404.956569705217
738,branch,15489.809383447602
739,branch,15545.334656420553
740,branch,15666.95432712859
741,branch,15720.461384958182
742,branch,15849.444297472131
743,branch,15948.525667167649
744,branch,15967.751882252698
745,branch,16042.596701417899
746,branch,16089.26404230927
747,branch,16178.706761409263
748,slab,16258.706761409263
749,branch,16312.770532372071
750,branch,16425.553856854916
751,branch,16508.661635676734
752,slab,16584.804419434433
753,slab,16667.266531946785
754,branch,16713.796196563362
755,slab,16738.389964866146
756,slab,16758.389964866146
757,slab,16793.030981017524
758,slab,16827.6719971689
759,slab,16872.393356718898
760,branch,16972.393356718898
761,branch,17113.814712956206
762,branch,17156.025145633816
763,branch,17231.250638993624
764,branch,17291.994971376374
765,branch,17378.8097333388
766,branch,17427.604552487588
767,slab,17503.03664115017
768,slab,17612.939644906575
769,slab,17728.27779551027
770,slab,17784.84633800519
771,slab,17819.48735415657
772,slab,17847.77162540403
773,slab,17882.41264155541
774,slab,17910.696912802872
775,end,17945.33792895425
776,slab,15078.230202956836
777,branch,15279.264256647863
778,branch,15687.207802931534
779,slab,15790.812242613978
780,branch,16026.835454117521
781,branch,16047.218136733172
782,branch,16099.959335338646
783,branch,16224.00715736402
784,slab,16427.502920046503
785,branch,16550.993810398788
786,branch,16638.458088821466
787,branch,16744.295028744935
788,branch,16828.445962948685
789,branch,16900.73173698199
790,branch,16977.852069110384
791,branch,17034.420611605306
792,branch,17083.918086288366
793,branch,17113.807928333932
794,branch,17178.020818283178
795,slab,17265.19879715399
796,slab,17331.5312929611
797,branch,17393.936037579733
798,branch,17462.365522002874
799,slab,17534.476547512153
800,slab,17569.11756366353
801,branch,17625.686106158453
802,branch,17689.685324923055
803,branch,17725.686106199017
804,branch,17774.67590105468
805,branch,17782.84066680125
806,branch,17815.50152600283
807,branch,17828.657741969524
808,branch,17921.693415590787
809,branch,17975.073382435014
810,branch,18083.00854815963
811,branch,18137.217015495888
812,branch,18177.57458866619
813,slab,18333.45916134739
814,slab,18435.439551619245
815,branch,18551.197920647148
816,branch,18650.192870013263
817,slab,18706.761412508185
818,branch,18791.29002638012
819,slab,18831.002969019897
820,slab,18887.57151151482
821,slab,18922.212527666197
822,slab,18956.853543817575
823,slab,18985.137815065038
824,slab,19005.137815065038
825,end,19033.4220863125
826,branch,14333.605688276437
827,branch,14552.808790444267
828,branch,14616.448400751056
829,branch,14701.301214493442
830,branch,14743.727621364635
831,branch,14945.4089638504
832,branch,14975.473293326713
833,branch,15007.562483016867
834,branch,15162.687530108851
835,branch,15264.64776554547
836,branch,15312.7809117811
837,branch,15406.322346450448
838,slab,15534.166103939973
839,branch,15583.155898795636
840,branch,15800.652020888905
841,branch,15978.849644687432
842,branch,16009.578593316437
843,slab,16179.135288296768
844,slab,16251.246313806047
845,slab,16320.528346108802
846,slab,16389.810378411556
847,slab,16504.701631342316
848,branch,16544.701631342316
849,slab,16593.69142619798
850,slab,16633.69142619798
851,slab,16661.975697445443
852,slab,16690.259968692906
853,slab,16710.259968692906
854,slab,16744.900984844284
855,slab,16764.900984844284
856,slab,16799.54200099566
857,slab,16819.54200099566
858,slab,16888.824033298417
859,slab,16933.545392848413
860,slab,16968.18640899979
861,slab,16996.470680247254
862,branch,17048.020024050027
863,slab,17077.638543957284
864,slab,17112.279560108662
865,slab,17172.279560108662
866,slab,17192.279560108662
867,slab,17212.279560108662
868,slab,17261.269354964326
869,slab,17305.990714514322
870,end,17340.6317306657
871,slab,13202.59637415212
872,slab,13277.429521887598
873,slab,13369.081035786714
874,slab,13467.060625498041
875,branch,13550.90135783763
876,slab,13627.696354577252
877,slab,13699.807380086531
878,slab,13807.510676229222
879,slab,13922.401929159982
880,slab,14020.381518871309
881,branch,14122.361909143165
882,branch,14209.539888013978
883,slab,14272.785441217346
884,slab,14372.785441217346
885,branch,14472.910363189849
886,branch,14493.525891317937
887,slab,14550.446889200968
888,branch,14678.989327171965
889,branch,14693.516852237426
890,slab,14773.516852237426
891,slab,14853.516852237426
892,slab,14898.238211787422
893,branch,14967.520244090178
894,slab,15075.223540232868
895,slab,15155.223540232868
896,slab,15218.469093436235
897,slab,15246.753364683696
898,slab,15281.394380835074
899,slab,15341.394380835074
900,slab,15397.962923329998
901,slab,15426.24719457746
902,slab,15460.888210728837
903,slab,15480.888210728837
904,branch,15515.529226880215
905,slab,15575.529226880215
906,slab,15595.529226880215
907,slab,15615.529226880215
908,slab,15650.170243031593
909,slab,15670.170243031593
910,slab,15690.170243031593
911,slab,15710.170243031593
912,slab,15730.170243031593
913,slab,15758.454514279054
914,slab,15793.095530430432
915,end,15821.379801677893
916,slab,54589.008484579164
917,slab,54696.71178072185
918,slab,54800.634829175986
919,slab,54907.1712079393
920,branch,55019.197990451335
921,branch,55053.9539388837
922,slab,55134.08924544506
923,slab,55203.371277747814
924,slab,55266.616830951185
925,slab,55329.862384154556
926,slab,55479.52867962552
927,slab,55564.3814933679
928,branch,55620.98873487692
929,slab,55690.87260133592
930,branch,55803.53676167581
931,slab,55885.50718637334
932,slab,55948.75273957671
933,slab,56092.97479059527
934,branch,56275.50841694158
935,slab,56438.62482398616
936,slab,56532.43313918263
937,slab,56626.241454379095
938,slab,56724.221044090424
939,slab,56768.942403640416
940,slab,56803.583419791794
941,slab,56863.583419791794
942,slab,56946.045532304146
943,slab,57120.40149004577
944,slab,57276.606483563904
945,slab,57441.24540155767
946,branch,57545.85378667153
947,slab,57702.21874438265
948,slab,57751.20853923831
949,end,57785.84955538969
950,branch,16324.746810602284
951,branch,16374.754084319431
952,branch,16476.192798514086
953,branch,16512.248311268726
954,slab,16636.181729790933
955,slab,16751.072982721693
956,branch,16864.21006771154
957,slab,16987.49834777092
958,branch,17074.33152115529
959,branch,17100.372446030793
960,branch,17147.039786922167
961,slab,17187.039786922167
962,branch,17282.484617614413
963,slab,17385.97161900044
964,branch,17442.540161495363
965,branch,17491.529956351027
966,branch,17539.755467488485
967,slab,17596.124756994996
968,slab,17640.84611654499
969,branch,17741.82647200295
970,branch,17779.75914468977
971,slab,17863.723422808504
972,slab,17898.36443895988
973,slab,17918.36443895988
974,slab,17953.00545511126
975,slab,17973.00545511126
976,slab,18007.646471262637
977,slab,18035.9307425101
978,slab,18055.9307425101
979,slab,18090.571758661477
980,slab,18110.571758661477
981,slab,18138.85602990894
982,end,18158.85602990894
983,branch,13332.930633122409
984,slab,13432.930633122409
985,branch,13518.289184797417
986,branch,13561.994388652967
987,slab,13669.697684795658
988,slab,13754.550498538043
989,branch,13825.13317944854
990,branch,13836.939030881273
991,branch,13856.531579707624
992,slab,13945.974298807616
993,branch,14010.549835971467
994,branch,14051.659445553656
995,slab,14123.770471062935
996,branch,14215.421984962051
997,branch,14282.263411705057
998,branch,14309.094097571067
999,branch,14369.094097571067
1000,branch,14441.205123080346
1001,branch,14493.166647307413
1002,slab,14604.072012371507
1003,branch,14644.072012371507
1004,slab,14693.06180722717
1005,branch,14727.702823378548
1006,slab,14799.813848887827
1007,slab,14866.146344694935
1008,slab,14938.257370204214
1009,slab,14972.898386355591
1010,slab,14992.898386355591
1011,slab,15021.182657603053
1012,slab,15055.82367375443
1013,slab,15100.545033304426
1014,slab,15120.545033304426
1015,end,15148.829304551888
1016,slab,16200.06023125287
1017,slab,16274.893378988349
1018,slab,16362.071357859162
1019,slab,16464.051748131016
1020,slab,16524.051748131016
1021,slab,16552.33601937848
1022,slab,16586.977035529857
1023,branch,16626.977035529857
1024,slab,16646.977035529857
1025,slab,16666.977035529857
1026,slab,16701.618051681235
1027,slab,16784.080164193587
1028,branch,16847.428757706617
1029,slab,16913.525849549445
1030,slab,16953.525849549445
1031,slab,16988.166865700823
1032,slab,17032.88822525082
1033,slab,17134.868615522675
1034,branch,17175.117839117673
1035,slab,17224.311334622667
1036,branch,17299.477816514533
1037,branch,17334.83315557386
1038,branch,17405.543833692514
1039,slab,17440.184849843892
1040,slab,17460.184849843892
1041,slab,17488.469121091355
1042,slab,17516.75339233882
1043,slab,17561.474751888814
1044,slab,17589.759023136277
1045,slab,17624.400039287655
1046,slab,17644.400039287655
1047,end,17672.684310535118
1048,slab,15912.502863456422
1049,branch,15978.83535926353
1050,slab,16045.167855070638
1051,slab,16173.230339819296
1052,slab,16267.038655015765
1053,branch,16307.034295437523
1054,branch,16334.899383536533
1055,branch,16376.891187132162
1056,branch,16555.892855247283
1057,slab,16610.761294140568
1058,branch,16670.761294140568
1059,slab,16690.761294140568
1060,slab,16719.04556538803
1061,slab,16747.329836635494
1062,slab,16767.329836635494
1063,branch,16801.97085278687
1064,slab,16886.823666529257
1065,branch,16971.685090334806
1066,branch,17051.143747778053
1067,slab,17120.509175327377
1068,slab,17276.714168845512
1069,branch,17367.95716387275
1070,branch,17395.035806592437
1071,branch,17412.924350412435
1072,slab,17529.199885242426
1073,slab,17557.48415648989
1074,slab,17606.473951345553
1075,slab,17698.12546524467
1076,slab,17742.846824794666
1077,branch,17815.86229619437
1078,slab,17880.72640656151
1079,end,17915.367422712887
1080,slab,16378.291587426476
1081,branch,16482.10065043988
1082,branch,16538.47182306902
1083,branch,16672.661548833134
1084,branch,16704.705265323897
1085,branch,16741.457726486755
1086,branch,16744.669995643264
1087,branch,16788.25898507867
1088,branch,16840.653378868563
1089,slab,16942.63376914042
1090,branch,17050.337065283107
1091,slab,17152.317455554963
1092,slab,17227.150603290444
1093,slab,17276.140398146108
1094,slab,17345.422430448863
1095,slab,17365.422430448863
1096,slab,17414.412225304528
1097,slab,17449.053241455906
1098,slab,17469.053241455906
1099,slab,17503.694257607283
1100,slab,17552.684052462948
1101,slab,17615.929605666315
1102,slab,17675.929605666315
1103,slab,17704.21387691378
1104,slab,17724.21387691378
1105,slab,17744.21387691378
1106,slab,17764.21387691378
1107,slab,17784.21387691378
1108,slab,17812.49814816124
1109,slab,17832.49814816124
1110,end,17867.13916431262
1111,slab,40411.43163527211
1112,slab,40451.43163527211
1113,slab,40526.26478300759
1114,slab,40601.09793074307
1115,slab,40708.80122688576
1116,slab,40791.26333939811
1117,slab,40889.24292910944
1118,slab,40923.883945260815
1119,slab,40952.168216508275
1120,slab,41021.45024881103
1121,slab,41090.732281113786
1122,slab,41125.37329726516
1123,slab,41160.01431341654
1124,slab,41229.2963457193
1125,slab,41298.57837802205
1126,slab,41381.040490534404
1127,slab,41415.68150668578
1128,slab,41435.68150668578
1129,slab,41470.32252283716
1130,slab,41498.60679408462
1131,slab,41558.60679408462
1132,slab,41645.784772955434
1133,slab,41767.64534902498
1134,branch,41884.68340874089
1135,branch,42010.94692287059
1136,branch,42069.8760566902
1137,branch,42151.90002898873
1138,slab,42301.21885733998
1139,end,42361.21885733998
1140,slab,39437.03605491066
1141,slab,39481.757414460655
1142,slab,39501.757414460655
1143,slab,39536.39843061203
1144,slab,39585.388225467694
1145,slab,39620.02924161907
1146,slab,39664.750601169064
1147,slab,39699.39161732044
1148,slab,39748.3814121761
1149,slab,39768.3814121761
1150,slab,39788.3814121761
1151,slab,39833.102771726095
1152,slab,39867.74378787747
1153,slab,39965.7233775888
1154,slab,40040.55652532428
1155,slab,40097.12506781921
1156,slab,40131.766083970586
1157,slab,40166.40710012196
1158,slab,40226.40710012196
1159,slab,40261.04811627334
1160,slab,40330.3301485761
1161,slab,40386.89869107102
1162,slab,40443.46723356595
1163,branch,40614.4341080996
1164,branch,40696.8224340342
1165,branch,40755.4959294424
1166,slab,40932.37893765592
1167,end,40992.37893765592
1168,branch,16960.776809273728
1169,slab,17029.777358981853
1170,branch,17156.66313438635
1171,slab,17226.66313438635
1172,slab,17356.277948354505
1173,slab,17458.25833862636
1174,slab,17492.89935477774
1175,branch,17541.889149633404
1176,slab,17581.889149633404
1177,slab,17621.889149633404
1178,branch,17694.690248526207
1179,branch,17748.54189659755
1180,branch,17808.54189659755
1181,slab,17836.826167845014
1182,slab,17865.110439092477
1183,slab,17925.110439092477
1184,slab,17981.6789815874
1185,slab,18021.6789815874
1186,slab,18066.400341137396
1187,slab,18101.041357288774
1188,slab,18121.041357288774
1189,slab,18141.041357288774
1190,slab,18161.041357288774
1191,slab,18181.041357288774
1192,slab,18201.041357288774
1193,slab,18229.325628536237
1194,slab,18257.6098997837
1195,end,18285.894171031163
1196,slab,15270.035673946044
1197,slab,15319.025468801707
1198,branch,15386.456760239298
1199,slab,15440.5929686856
1200,branch,15494.076470820468
1201,branch,15540.973305741498
1202,branch,15556.262507464644
1203,slab,15615.497291918806
1204,slab,15675.497291918806
1205,slab,15777.477682190662
1206,slab,15822.199041740658
1207,branch,15875.584433000815
1208,slab,15910.939772060143
1209,slab,15955.661131610139
1210,slab,15983.9454028576
1211,slab,16040.513945352524
1212,slab,16060.513945352524
1213,slab,16100.513945352524
1214,slab,16140.513945352524
1215,slab,16160.513945352524
1216,slab,16180.513945352524
1217,slab,16229.503740208187
1218,branch,16264.144756359565
1219,slab,16292.429027607026
1220,slab,16312.429027607026
1221,slab,16340.713298854487
1222,slab,16368.997570101948
1223,end,16403.638586253324
1224,slab,16355.142522203601
1225,branch,16399.863881753598
1226,slab,16493.672196950065
1227,slab,16621.734681698723
1228,branch,16704.196794211075
1229,branch,16780.30074451981
1230,branch,16873.686193473604
1231,slab,16924.702513250842
1232,branch,17009.955163965573
1233,slab,17072.534229585697
1234,slab,17112.534229585697
1235,slab,17157.255589135693
1236,slab,17191.89660528707
1237,branch,17230.106551636156
1238,slab,17270.355775231154
1239,slab,17290.355775231154
1240,slab,17310.355775231154
1241,slab,17344.99679138253
1242,slab,17379.63780753391
1243,slab,17399.63780753391
1244,slab,17456.20635002883
1245,slab,17505.196144884496
1246,slab,17533.48041613196
1247,slab,17553.48041613196
1248,slab,17588.121432283337
1249,slab,17632.842791833333
1250,end,17652.842791833333
1251,slab,54021.42492780057
1252,slab,54106.27774154295
1253,branch,54192.27842513759
1254,branch,54439.34876795011
1255,slab,54600.59392291609
1256,slab,54685.44673665847
1257,branch,54826.868092895784
1258,slab,54901.701240631264
1259,slab,54964.946793834635
1260,slab,55078.08387882448
1261,slab,55112.72489497586
1262,slab,55161.71468983152
1263,slab,55196.355705982896
1264,slab,55241.07706553289
1265,slab,55261.07706553289
1266,slab,55281.07706553289
1267,slab,55341.07706553289
1268,slab,55385.79842508288
1269,slab,55430.519784632874
1270,slab,55517.69776350369
1271,branch,55604.875742374505
1272,branch,55726.99412300817
1273,branch,55783.11898380978
1274,slab,55850.96437086622
1275,slab,55899.95416572188
1276,end,55928.23843696934
1277,branch,55070.92512557121
1278,slab,55198.98761031986
1279,slab,55356.467767800095
1280,branch,55513.94792528033
1281,slab,55623.49243678136
1282,slab,55668.21379633135
1283,slab,55712.93515588134
1284,slab,55776.180709084714
1285,slab,55820.90206863471
1286,slab,55877.47061112963
1287,slab,55905.75488237709
1288,slab,55965.75488237709
1289,slab,56014.74467723275
1290,slab,56049.38569338413
1291,slab,56094.10705293412
1292,slab,56208.99830586489
1293,slab,56291.46041837724
1294,slab,56376.313232119624
1295,slab,56485.857743620654
1296,slab,56583.83733333198
1297,slab,56714.986103818024
1298,slab,56853.550168423535
1299,slab,56928.383316159016
1300,slab,56991.62886936239
1301,end,57019.913140609846
1302,slab,16563.832355204435
1303,branch,16655.48386910355
1304,branch,16783.39008474611
1305,branch,16789.714640066446
1306,slab,16891.695030338302
1307,slab,16940.684825193966
1308,slab,16960.684825193966
1309,slab,17009.67462004963
1310,slab,17094.527433792016
1311,slab,17143.51722864768
1312,branch,17223.507088372797
1313,slab,17310.764445706398
1314,slab,17395.617259448783
1315,branch,17453.29534069241
1316,slab,17525.45160640057
1317,slab,17607.91371891292
1318,branch,17701.913328291168
1319,slab,17900.881439745648
1320,slab,17999.876389111763
1321,slab,18028.160660359226
1322,slab,18062.801676510604
1323,slab,18091.085947758067
1324,slab,18125.726963909445
1325,slab,18145.726963909445
1326,end,18174.011235156908
1327,branch,16124.390238735265
1328,branch,16186.762944125896
1329,branch,16256.6256465343
1330,branch,16306.123121217357
1331,branch,16485.24840166793
1332,branch,16547.744056546187
1333,slab,16648.875045245524
1334,branch,16697.86484010119
1335,slab,16814.483877998096
1336,branch,16874.483877998096
1337,branch,16968.292193194564
1338,slab,17028.292193194564
1339,slab,17062.93320934594
1340,slab,17082.93320934594
1341,slab,17102.93320934594
1342,slab,17122.93320934594
1343,slab,17142.93320934594
1344,slab,17187.654568895938
1345,slab,17227.654568895938
1346,slab,17255.9388401434
1347,slab,17275.9388401434
1348,slab,17310.57985629478
1349,slab,17345.220872446156
1350,end,17414.50290474891
1351,branch,14743.250558848416
1352,branch,14789.917899739788
1353,branch,14901.379930160303
1354,slab,14985.166984468624
1355,slab,15029.88834401862
1356,slab,15089.88834401862
1357,slab,15124.529360169998
1358,slab,15181.097902664922
1359,slab,15237.666445159846
1360,slab,15265.950716407307
1361,slab,15325.950716407307
1362,slab,15433.654012549998
1363,branch,15473.654012549998
1364,branch,15541.93768185274
1365,branch,15633.740945307512
1366,slab,15705.990512780267
1367,slab,15765.990512780267
1368,slab,15794.274784027728
1369,slab,15822.55905527519
1370,slab,15857.200071426567
1371,slab,15885.484342674028
1372,slab,15920.125358825406
1373,slab,15948.409630072867
1374,end,15976.693901320328
1375,slab,15223.850981045327
1376,slab,15258.491997196705
1377,slab,15278.491997196705
1378,slab,15306.776268444166
1379,slab,15341.417284595544
1380,slab,15430.860003695536
1381,branch,15517.721393831453
1382,branch,15630.896014866135
1383,branch,15711.05455359233
1384,branch,15753.170473453103
1385,slab,15835.632585965457
1386,branch,15918.094698477811
1387,slab,15967.084493333474
1388,branch,16033.927486282095
1389,slab,16096.726282698342
1390,slab,16125.010553945804
1391,slab,16153.294825193265
1392,slab,16181.579096440726
1393,slab,16201.579096440726
1394,slab,16221.579096440726
1395,slab,16241.579096440726
1396,slab,16269.863367688187
1397,slab,16289.863367688187
1398,end,16324.504383839565
1399,branch,55348.26827788313
1400,branch,55380.36768114544
1401,slab,55501.86045231946
1402,slab,55583.859671070386
1403,slab,55711.92215581904
1404,branch,55794.428204333024
1405,slab,55959.154901501824
1406,slab,56087.21738625048
1407,slab,56202.10863918124
1408,slab,56258.67718167617
1409,slab,56365.18538330536
1410,slab,56443.19625583627
1411,slab,56645.18635460352
1412,slab,56734.62907370351
1413,slab,56783.61886855917
1414,slab,56930.58825312616
1415,slab,56999.870285428915
1416,slab,57082.33239794127
1417,branch,57205.480460242725
1418,branch,57304.393312584754
1419,slab,57426.421544784884
1420,slab,57571.54218425426
1421,end,57669.521773965585
1422,branch,16633.722133671392
1423,branch,16662.387615465643
1424,branch,16737.220763201123
1425,branch,16807.531004836947
1426,branch,16898.78331003461
1427,branch,16948.92597058898
1428,branch,17059.11768421912
1429,slab,17113.94148722398
1430,slab,17162.931282079644
1431,slab,17231.04882754335
1432,slab,17266.825915183344
1433,branch,17321.825915183344
1434,branch,17361.825915183344
1435,slab,17475.953037288476
1436,slab,17520.674396838473
1437,slab,17555.31541298985
1438,branch,17600.036772539846
1439,branch,17655.069019135106
1440,slab,17687.08026778806
1441,slab,17707.08026778806
1442,slab,17727.08026778806
1443,slab,17747.08026778806
1444,end,17775.364539035523
1445,slab,14656.731203024974
1446,slab,14701.45256257497
1447,slab,14736.093578726348
1448,slab,14756.093578726348
1449,slab,14790.734594877726
1450,slab,14825.375611029103
1451,slab,14853.659882276565
1452,slab,14888.300898427942
1453,slab,14922.94191457932
1454,slab,14951.226185826781
1455,slab,14985.867201978159
1456,slab,15034.856996833822
1457,slab,15079.578356383818
1458,slab,15124.299715933814
1459,branch,15206.761828446168
1460,branch,15251.959105254307
1461,slab,15352.231687278865
1462,slab,15396.953046828861
1463,slab,15453.521589323786
1464,slab,15488.162605475163
1465,slab,15544.731147970087
1466,slab,15584.731147970087
1467,end,15619.372164121465
1468,branch,17709.685715537085
1469,slab,17770.21718979439
1470,branch,17845.050337529872
1471,branch,17948.973385984005
1472,slab,18036.151364854817
1473,branch,18106.648713543018
1474,branch,18153.742714456785
1475,branch,18220.075210263894
1476,slab,18276.643752758817
1477,branch,18316.643752758817
1478,slab,18361.365112308813
1479,slab,18396.00612846019
1480,slab,18440.727488010187
1481,slab,18497.29603050511
1482,slab,18531.937046656487
1483,slab,18595.182599859854
1484,slab,18615.182599859854
1485,slab,18643.466871107317
1486,slab,18663.466871107317
1487,slab,18683.466871107317
1488,slab,18703.466871107317
1489,end,18738.107887258695
1490,branch,15518.962403374255
1491,branch,15545.16990921856
1492,branch,15613.168542035548
1493,branch,15645.169909232583
1494,slab,15708.41546243595
1495,branch,15784.892461639407
1496,slab,15854.354547752377
1497,slab,15934.354547752377
1498,slab,16019.207361494762
1499,branch,16108.518983042277
1500,slab,16158.485801341487
1501,slab,16193.126817492865
1502,slab,16227.767833644242
1503,slab,16247.767833644242
1504,slab,16267.767833644242
1505,slab,16287.767833644242
1506,slab,16322.40884979562
1507,slab,16350.693121043081
1508,slab,16395.414480593077
1509,slab,16415.414480593077
1510,slab,16435.414480593077
1511,end,16470.055496744455
1512,branch,15955.055570769919
1513,slab,16061.71477012833
1514,branch,16122.448881359156
1515,branch,16250.383660897605
1516,branch,16371.386805239195
1517,branch,16407.16389287919
1518,slab,16516.708404380224
1519,slab,16603.886383251036
1520,branch,16638.527399402414
1521,branch,16651.860822031154
1522,branch,16698.527514210873
1523,slab,16755.096056705795
1524,slab,16789.737072857173
1525,slab,16809.737072857173
1526,slab,16844.37808900855
1527,slab,16913.660121311306
1528,slab,16948.301137462684
1529,slab,17011.54669066605
1530,slab,17086.37983840153
1531,slab,17135.369633257196
1532,slab,17184.35942811286
1533,end,17204.35942811286
1534,branch,14289.570633101976
1535,branch,14345.186487715026
1536,slab,14389.907847265022
1537,slab,14449.907847265022
1538,branch,14513.22150563451
1539,slab,14651.354516573707
1540,branch,14728.175764042442
1541,slab,14776.356942293422
1542,branch,14848.4679678027
1543,slab,14908.4679678027
1544,slab,14980.57899331198
1545,slab,15070.021712411972
1546,slab,15114.743071961968
1547,slab,15159.464431511964
1548,slab,15179.464431511964
1549,slab,15214.105447663342
1550,slab,15234.105447663342
1551,branch,15282.651327634729
1552,slab,15337.684550211608
1553,slab,15372.325566362986
1554,slab,15432.325566362986
1555,end,15460.609837610447
1556,branch,17295.849149613554
1557,slab,17365.21457716288
1558,slab,17393.49884841034
1559,slab,17421.783119657804
1560,slab,17466.5044792078
1561,slab,17541.33762694328
1562,slab,17597.906169438204
1563,slab,17707.450680939237
1564,slab,17767.450680939237
1565,slab,17842.283828674717
1566,branch,17907.741807807637
1567,branch,17967.21328338346
1568,slab,17995.49755463092
1569,slab,18015.49755463092
1570,slab,18043.781825878385
1571,slab,18072.066097125848
1572,slab,18100.35036837331
1573,slab,18134.99138452469
1574,slab,18169.632400676066
1575,slab,18189.632400676066
1576,end,18217.91667192353
1577,slab,17201.604109247764
1578,slab,17236.245125399142
1579,slab,17256.245125399142
1580,slab,17284.529396646605
1581,slab,17304.529396646605
1582,slab,17324.529396646605
1583,slab,17344.529396646605
1584,slab,17364.529396646605
1585,slab,17392.81366789407
1586,slab,17427.454684045446
1587,slab,17462.095700196824
1588,slab,17518.664242691746
1589,slab,17563.385602241742
1590,slab,17608.10696179174
1591,slab,17628.10696179174
1592,slab,17648.10696179174
1593,slab,17668.10696179174
1594,slab,17702.747977943116
1595,slab,17751.73777279878
1596,slab,17780.022044046244
1597,end,17800.022044046244
1598,branch,15659.596251844041
1599,slab,15724.71153422844
1600,slab,15809.564347970825
1601,slab,15889.564347970825
1602,slab,15929.564347970825
1603,slab,15974.285707520821
1604,slab,16023.275502376484
1605,branch,16079.844044871408
1606,slab,16187.547341014098
1607,slab,16232.268700564095
1608,branch,16260.552971811556
1609,slab,16280.552971811556
1610,slab,16315.193987962934
1611,slab,16343.478259210395
1612,slab,16378.119275361772
1613,slab,16406.403546609235
1614,slab,16426.403546609235
1615,slab,16461.044562760613
1616,slab,16517.613105255536
1617,slab,16552.254121406913
1618,end,16572.254121406913
1619,branch,13432.155264641768
1620,branch,13538.836546687276
1621,branch,13658.210241710156
1622,branch,13716.15549269768
1623,branch,13749.455948458668
1624,slab,13837.425799924942
1625,branch,13892.458046520202
1626,branch,13963.315747515375
1627,slab,14050.493726386188
1628,slab,14150.493726386188
1629,branch,14210.493726386188
1630,branch,14261.451326361828
1631,branch,14309.539183480818
1632,branch,14320.608454457551
1633,slab,14394.922858361722
1634,branch,14455.00613390492
1635,slab,14506.871343824481
1636,slab,14526.871343824481
1637,slab,14571.592703374477
1638,slab,14606.233719525855
1639,end,14634.517990773316
1640,slab,18161.283411693297
1641,slab,18217.85195418822
1642,slab,18252.492970339597
1643,slab,18280.77724158706
1644,slab,18300.77724158706
1645,slab,18357.345784081983
1646,slab,18402.06714363198
1647,slab,18422.06714363198
1648,slab,18478.6356861269
1649,slab,18513.27670227828
1650,slab,18533.27670227828
1651,slab,18561.560973525742
1652,slab,18581.560973525742
1653,slab,18601.560973525742
1654,slab,18636.20198967712
1655,slab,18680.923349227116
1656,slab,18720.923349227116
1657,slab,18755.564365378494
1658,slab,18775.564365378494
1659,end,18795.564365378494
1660,slab,16616.936091305848
1661,slab,16726.164579432556
1662,branch,16786.30255004241
1663,branch,16836.80007473422
1664,slab,16888.761598961286
1665,slab,16952.007152164653
1666,slab,17070.328747826647
1667,branch,17164.137063023114
1668,branch,17189.43528430446
1669,branch,17227.38261622648
1670,slab,17340.51970121633
1671,slab,17389.509496071994
1672,branch,17424.150512223372
1673,slab,17468.87187177337
1674,slab,17525.44041426829
1675,slab,17570.161773818287
1676,slab,17614.883133368283
1677,slab,17643.167404615746
1678,slab,17663.167404615746
1679,end,17683.167404615746
1680,branch,15491.245980816926
1681,slab,15556.272622015375
1682,branch,15617.937036388657
1683,branch,15701.975717958516
1684,branch,15789.15369682933
1685,slab,15849.15369682933
1686,branch,15889.15369682933
1687,branch,15933.875056379326
1688,branch,16032.622798844652
1689,slab,16158.95021725411
1690,branch,16228.232249556866
1691,branch,16247.205915517876
1692,branch,16310.296484112405
1693,slab,16356.5408875098
1694,slab,16401.262247059796
1695,slab,16435.903263211174
1696,slab,16455.903263211174
1697,slab,16475.903263211174
1698,slab,16504.187534458637
1699,end,16532.4718057061
1700,slab,14665.058512047486
1701,slab,14745.058512047486
1702,branch,14801.62705454241
1703,slab,14891.069773642403
1704,branch,14982.721287541519
1705,slab,15092.265799042552
1706,slab,15152.265799042552
1707,branch,15192.265799042552
1708,slab,15292.265799042552
1709,branch,15352.265799042552
1710,slab,15472.265799042552
1711,slab,15506.90681519393
1712,slab,15535.191086441391
1713,slab,15555.191086441391
1714,slab,15575.191086441391
1715,slab,15603.475357688852
1716,slab,15638.11637384023
1717,slab,15666.400645087691
1718,slab,15686.400645087691
1719,end,15714.684916335153
1720,slab,13631.65616395924
1721,slab,13706.489311694719
1722,branch,13800.563750305853
1723,slab,13873.0206340368
1724,branch,13913.845901484747
1725,slab,13968.642251383224
1726,slab,14003.283267534602
1727,slab,14094.934781433718
1728,branch,14161.267277240826
1729,branch,14201.267277240826
1730,slab,14261.267277240826
1731,slab,14295.908293392204
1732,slab,14335.908293392204
1733,slab,14370.549309543581
1734,slab,14405.190325694959
1735,slab,14461.758868189883
1736,slab,14501.758868189883
1737,slab,14521.758868189883
1738,slab,14541.758868189883
1739,end,14576.399884341261
1740,branch,16744.196794211075
1741,slab,16804.196794211075
1742,branch,16895.84830811019
1743,branch,16961.040332162218
1744,slab,17024.679942469007
1745,slab,17059.320958620385
1746,slab,17079.320958620385
1747,slab,17135.889501115307
1748,branch,17213.759994572203
1749,branch,17270.041108200316
1750,slab,17304.682124351693
1751,slab,17332.966395599156
1752,slab,17352.966395599156
1753,slab,17409.53493809408
1754,slab,17437.819209341542
1755,slab,17472.46022549292
1756,slab,17500.744496740383
1757,slab,17549.734291596047
1758,end,17612.979844799414
1759,branch,16444.135768995955
1760,branch,16504.219044539153
1761,slab,16623.42474910064
1762,slab,16668.146108650635
1763,branch,16696.430379898098
1764,slab,16724.71465114556
1765,slab,16744.71465114556
1766,slab,16801.283193640484
1767,slab,16841.283193640484
1768,slab,16869.567464887947
1769,slab,16897.85173613541
1770,slab,16917.85173613541
1771,slab,16937.85173613541
1772,branch,16957.85173613541
1773,slab,16986.136007382873
1774,slab,17014.420278630336
1775,slab,17049.061294781714
1776,slab,17105.629837276636
1777,end,17125.629837276636
1778,branch,16121.46780929415
1779,branch,16152.86579017375
1780,branch,16172.458149579032
1781,branch,16212.609144381322
1782,branch,16342.431069904458
1783,branch,16486.91207860509
1784,slab,16581.58684694863
1785,slab,16699.908442610624
1786,branch,16780.65495956337
1787,branch,16813.321549442946
1788,slab,16864.45553246168
1789,branch,16959.849875410004
1790,branch,17006.197350843322
1791,slab,17066.197350843322
1792,slab,17094.481622090785
1793,slab,17114.481622090785
1794,slab,17149.122638242163
1795,slab,17183.76365439354
1796,end,17218.40467054492
1797,branch,16395.009795665137
1798,slab,16422.8938230957
1799,slab,16442.8938230957
1800,slab,16462.8938230957
1801,slab,16482.8938230957
1802,slab,16517.534839247077
1803,slab,16537.534839247077
1804,slab,16577.198351717565
1805,slab,16606.816871624822
1806,slab,16635.101142872285
1807,slab,16679.82250242228
1808,branch,16734.497688187083
1809,slab,16841.067432080064
1810,slab,16904.31298528343
1811,slab,16989.165799025817
1812,slab,17080.817312924934
1813,slab,17155.650460660414
1814,slab,17204.64025551608
1815,end,17232.92452676354
1816,slab,15644.550852203598
1817,slab,15689.272211753594
1818,slab,15709.272211753594
1819,slab,15743.913227904972
1820,slab,15783.913227904972
1821,slab,15823.913227904972
1822,branch,15858.913227904972
1823,slab,15883.913227904972
1824,slab,15943.913227904972
1825,slab,15988.634587454968
1826,slab,16033.355947004964
1827,slab,16105.466972514243
1828,slab,16165.466972514243
1829,slab,16222.035515009167
1830,slab,16250.319786256629
1831,slab,16284.960802408006
1832,slab,16319.601818559384
1833,end,16347.886089806845
1834,branch,16839.664800391918
1835,slab,16881.366153985542
1836,slab,16926.087513535538
1837,slab,16960.728529686916
1838,branch,17017.29707218184
1839,branch,17093.927250436624
1840,branch,17175.65135279947
1841,slab,17232.85438553811
1842,branch,17272.85438553811
1843,branch,17312.85438553811
1844,branch,17352.85438553811
1845,branch,17387.495401689488
1846,slab,17432.216761239484
1847,slab,17466.857777390862
1848,slab,17501.49879354224
1849,slab,17529.783064789703
1850,slab,17564.42408094108
1851,end,17584.42408094108
1852,branch,16192.59673507091
1853,branch,16297.200847769082
1854,branch,16398.195897152702
1855,slab,16452.968152903217
1856,slab,16472.968152903217
1857,slab,16492.968152903217
1858,slab,16512.968152903217
1859,slab,16532.968152903217
1860,slab,16561.25242415068
1861,slab,16581.25242415068
1862,slab,16601.25242415068
1863,slab,16635.893440302058
1864,branch,16650.035575925787
1865,slab,16664.177711549517
1866,slab,16684.177711549517
1867,slab,16718.818727700895
1868,slab,16738.818727700895
1869,end,16767.102998948358
1870,slab,16838.19601570654
1871,slab,16858.19601570654
1872,branch,16895.538350941002
1873,slab,16959.15030933534
1874,slab,17019.15030933534
1875,slab,17093.98345707082
1876,slab,17176.44556958317
1877,slab,17280.368618037304
1878,slab,17340.368618037304
1879,slab,17375.009634188682
1880,slab,17409.65065034006
1881,branch,17469.65065034006
1882,slab,17544.48379807554
1883,slab,17584.48379807554
1884,slab,17629.205157625536
1885,slab,17689.205157625536
1886,slab,17723.846173776914
1887,end,17743.846173776914
1888,slab,13493.84358910558
1889,slab,13528.484605256957
1890,slab,13577.47440011262
1891,slab,13622.195759662616
1892,slab,13722.195759662616
1893,slab,13762.195759662616
1894,slab,13790.480030910077
1895,slab,13835.201390460074
1896,branch,13895.201390460074
1897,slab,13939.92275001007
1898,branch,13999.92275001007
1899,branch,14063.168303213437
1900,slab,14083.168303213437
1901,slab,14117.809319364815
1902,slab,14152.450335516192
1903,slab,14172.450335516192
1904,slab,14207.09135166757
1905,end,14241.732367818948
1906,branch,17369.112256463988
1907,slab,17462.374742656022
1908,branch,17522.374742656022
1909,slab,17585.62029585939
1910,slab,17685.62029585939
1911,slab,17793.323592002078
1912,branch,17872.063670742195
1913,slab,17933.707810771884
1914,slab,17978.42917032188
1915,slab,17998.42917032188
1916,slab,18054.997712816803
1917,slab,18083.281984064266
1918,slab,18103.281984064266
1919,slab,18137.923000215644
1920,slab,18157.923000215644
1921,end,18206.91279507131
1922,slab,15738.004002502434
1923,slab,15810.115028011713
1924,slab,15850.115028011713
1925,slab,15878.399299259174
1926,slab,15898.399299259174
1927,slab,15918.399299259174
1928,slab,15938.399299259174
1929,slab,15958.399299259174
1930,branch,15978.399299259174
1931,slab,15998.399299259174
1932,slab,16018.399299259174
1933,slab,16053.040315410552
1934,slab,16081.324586658013
1935,slab,16197.943624554919
1936,slab,16254.512167049843
1937,end,16274.512167049843
1938,branch,17010.204956597274
1939,branch,17036.95581087974
1940,slab,17106.41712657563
1941,slab,17151.138486125627
1942,slab,17207.70702862055
1943,slab,17227.70702862055
1944,slab,17247.70702862055
1945,branch,17271.889528109958
1946,slab,17302.43196017676
1947,slab,17322.43196017676
1948,slab,17342.43196017676
1949,slab,17362.43196017676
1950,slab,17390.716231424223
1951,slab,17419.000502671686
1952,slab,17439.000502671686
1953,end,17459.000502671686
1954,slab,16227.455264198808
1955,slab,16290.700817402176
1956,branch,16376.034427901624
1957,branch,16409.36919313983
1958,branch,16445.63617303714
1959,slab,16525.134600694546
1960,branch,16595.134600694546
1961,slab,16717.200156851883
1962,branch,16777.28343239508
1963,slab,16920.286928855832
1964,slab,16983.5324820592
1965,slab,17011.816753306663
1966,slab,17071.816753306663
1967,slab,17106.45776945804
1968,slab,17134.742040705503
1969,end,17163.026311952966
1970,slab,15433.363337374993
1971,slab,15561.425822123649
1972,branch,15606.147181673645
1973,branch,15679.63187395714
1974,branch,15758.371952697258
1975,slab,15827.653985000014
1976,branch,15962.010800051581
1977,branch,16101.793222926632
1978,slab,16210.805699282417
1979,slab,16259.79549413808
1980,slab,16304.516853688076
1981,slab,16332.801124935537
1982,slab,16367.442141086914
1983,slab,16387.442141086914
1984,slab,16407.442141086914
1985,end,16435.726412334378
1986,slab,14318.464039580354
1987,slab,14420.44442985221
1988,branch,14537.063467749116
1989,slab,14639.043858020972
1990,branch,14773.207936670959
1991,slab,14813.207936670959
1992,branch,14873.207936670959
1993,branch,14923.174754970169
1994,branch,15011.379063254968
1995,slab,15033.940856034938
1996,slab,15053.940856034938
1997,slab,15082.2251272824
1998,slab,15102.2251272824
1999,slab,15162.2251272824
2000,slab,15196.866143433777
2001,end,15216.866143433777
2002,branch,18179.66113249427
2003,slab,18209.951995926513
2004,slab,18279.234028229268
2005,slab,18348.516060532023
2006,branch,18368.516060532023
2007,slab,18403.1570766834
2008,slab,18463.1570766834
2009,slab,18483.1570766834
2010,slab,18511.441347930864
2011,slab,18539.725619178327
2012,slab,18574.366635329705
2013,slab,18614.366635329705
2014,slab,18659.0879948797
2015,slab,18679.0879948797
2016,end,18713.72901103108
2017,branch,14712.029894549101
2018,branch,14759.538325576814
2019,branch,14840.009932119568
2020,branch,14887.424098818705
2021,branch,14958.181050506835
2022,branch,15011.68579001369
2023,branch,15031.68579001369
2024,slab,15071.68579001369
2025,branch,15144.855920870628
2026,branch,15165.21655813034
2027,slab,15246.874380780715
2028,slab,15291.595740330711
2029,slab,15336.317099880707
2030,slab,15385.30689473637
2031,end,15445.30689473637
2032,branch,13587.292609934315
2033,slab,13688.485495059704
2034,slab,13708.485495059704
2035,slab,13728.485495059704
2036,slab,13748.485495059704
2037,slab,13768.485495059704
2038,slab,13788.485495059704
2039,slab,13823.126511211081
2040,slab,13843.126511211081
2041,slab,13863.126511211081
2042,branch,13907.847870761078
2043,slab,13942.488886912455
2044,slab,13977.129903063833
2045,slab,14005.414174311294
2046,end,14040.055190462672
2047,branch,55703.85389838683
2048,slab,55781.83675570496
2049,slab,55923.25811194227
2050,slab,55957.899128093646
2051,slab,55992.540144245024
2052,slab,56027.1811603964
2053,slab,56120.98947559287
2054,slab,56228.69277173556
2055,slab,56315.87075060637
2056,slab,56403.04872947719
2057,slab,56531.11121422584
2058,slab,56618.28919309666
2059,slab,56785.621198403474
2060,end,56845.621198403474
2061,slab,55910.45201820389
2062,slab,55930.45201820389
2063,slab,55965.09303435527
2064,slab,56014.08282921093
2065,slab,56042.36710045839
2066,slab,56077.008116609766
2067,slab,56164.18609548058
2068,slab,56198.82711163196
2069,slab,56243.54847118195
2070,slab,56278.18948733333
2071,slab,56334.758029828256
2072,branch,56492.532165781064
2073,slab,56568.90439265808
2074,end,56617.89418751374
2075,branch,16686.977035529857
2076,slab,16756.259067832612
2077,slab,16776.259067832612
2078,slab,16810.90008398399
2079,slab,16883.01110949327
2080,slab,16927.732469043265
2081,slab,16962.373485194643
2082,slab,17022.373485194643
2083,slab,17057.01450134602
2084,slab,17117.01450134602
2085,slab,17173.583043840943
2086,slab,17218.30440339094
2087,slab,17252.945419542317
2088,end,17272.945419542317
2089,slab,15434.318321694618
2090,slab,15462.60259294208
2091,slab,15482.60259294208
2092,slab,15502.60259294208
2093,slab,15522.60259294208
2094,slab,15550.88686418954
2095,branch,15607.455406684465
2096,slab,15627.455406684465
2097,slab,15662.096422835843
2098,slab,15690.380694083304
2099,slab,15739.370488938966
2100,slab,15784.091848488963
2101,slab,15812.376119736424
2102,end,15840.660390983885
2103,branch,15455.671566566558
2104,branch,15490.720175705781
2105,branch,15554.169933147085
2106,branch,15618.12973927624
2107,branch,15628.109140248047
2108,branch,15647.978471231267
2109,branch,15687.989295972786
2110,slab,15751.901519737075
2111,slab,15796.622879287072
2112,branch,15836.622879287072
2113,slab,15896.622879287072
2114,slab,15931.26389543845
2115,slab,15951.26389543845
2116,end,15985.904911589827
2117,branch,54133.307002977206
2118,slab,54199.34627544453
2119,slab,54299.34627544453
2120,slab,54374.17942318001
2121,slab,54465.830937079125
2122,slab,54540.664084814605
2123,slab,54575.30510096598
2124,slab,54620.026460515975
2125,slab,54664.74782006597
2126,branch,54807.017415735434
2127,branch,54956.45050185412
2128,slab,55078.105752460084
2129,end,55098.105752460084
2130,slab,16864.7588825029
2131,branch,16914.726678003568
2132,branch,17012.428490387498
2133,branch,17058.485687818724
2134,branch,17130.607782111234
2135,slab,17189.13128166483
2136,slab,17271.356155790396
2137,slab,17338.653538633007
2138,slab,17383.374898183003
2139,slab,17428.096257733
2140,slab,17484.66480022792
2141,slab,17529.386159777918
2142,end,17574.107519327914
2143,slab,16913.611532212904
2144,slab,16958.3328917629
2145,slab,16986.617163010364
2146,branch,17040.978772002054
2147,slab,17075.02763625867
2148,slab,17115.02763625867
2149,slab,17175.02763625867
2150,slab,17195.02763625867
2151,slab,17215.02763625867
2152,slab,17249.668652410048
2153,slab,17277.95292365751
2154,slab,17312.59393980889
2155,end,17347.234955960266
2156,branch,17002.295398712413
2157,slab,17050.885546915946
2158,branch,17095.606906465942
2159,slab,17140.32826601594
2160,slab,17189.318060871603
2161,slab,17209.318060871603
2162,slab,17229.318060871603
2163,slab,17249.318060871603
2164,slab,17269.318060871603
2165,slab,17309.318060871603
2166,slab,17343.95907702298
2167,slab,17378.60009317436
2168,end,17406.88436442182
2169,branch,16236.946752521737
2170,slab,16285.407400224414
2171,slab,16305.407400224414
2172,slab,16340.048416375792
2173,slab,16360.048416375792
2174,slab,16380.048416375792
2175,slab,16400.048416375794
2176,slab,16420.048416375794
2177,branch,16440.048416375794
2178,slab,16460.048416375794
2179,slab,16494.68943252717
2180,slab,16522.973703774634
2181,end,16557.614719926012
2182,slab,16599.92100653494
2183,branch,16736.421697929603
2184,branch,16827.377222782252
2185,slab,16883.945765277174
2186,slab,16903.945765277174
2187,slab,16938.586781428552
2188,slab,17007.868813731307
2189,slab,17036.15308497877
2190,slab,17064.437356226234
2191,slab,17084.437356226234
2192,slab,17112.721627473697
2193,slab,17141.00589872116
2194,end,17169.290169968623
2195,branch,16692.19372849516
2196,slab,16757.44515628711
2197,slab,16832.27830402259
2198,slab,16881.268098878256
2199,branch,16947.553752615608
2200,branch,17054.224238594103
2201,branch,17137.92212211428
2202,slab,17227.56270088309
2203,slab,17293.8951966902
2204,slab,17338.616556240195
2205,slab,17358.616556240195
2206,slab,17386.900827487658
2207,end,17415.18509873512
2208,branch,14781.272269267669
2209,branch,14867.685988218682
2210,branch,14983.76433157793
2211,branch,15040.684176557335
2212,branch,15131.091813313762
2213,branch,15175.689441508002
2214,branch,15216.33927827617
2215,branch,15238.773848142324
2216,slab,15323.62666188471
2217,slab,15368.348021434706
2218,slab,15396.632292682167
2219,slab,15431.273308833544
2220,end,15459.557580081006
2221,slab,14950.448358074556
2222,slab,14985.089374225934
2223,slab,15005.089374225934
2224,branch,15016.693325317969
2225,slab,15039.730390418505
2226,slab,15068.014661665966
2227,slab,15096.298932913427
2228,slab,15116.298932913427
2229,branch,15150.939949064805
2230,slab,15185.580965216182
2231,slab,15205.580965216182
2232,slab,15240.22198136756
2233,end,15268.506252615021
2234,slab,15990.197519175006
2235,slab,16018.481790422467
2236,slab,16063.203149972464
2237,slab,16091.487421219925
2238,slab,16148.055963714849
2239,slab,16182.696979866227
2240,slab,16239.265522361151
2241,slab,16267.549793608612
2242,slab,16302.19080975999
2243,slab,16336.831825911368
2244,slab,16356.831825911368
2245,slab,16385.11609715883
2246,end,16413.40036840629
2247,slab,13870.205691691774
2248,slab,13972.18608196363
2249,slab,14057.038895706015
2250,branch,14129.149921215294
2251,slab,14173.87128076529
2252,slab,14193.87128076529
2253,slab,14213.87128076529
2254,slab,14233.87128076529
2255,slab,14268.512296916668
2256,slab,14296.796568164129
2257,slab,14325.08083941159
2258,slab,14345.08083941159
2259,end,14365.08083941159
2260,slab,17784.17202208186
2261,branch,17847.704965702313
2262,slab,17924.858104329847
2263,branch,17984.858104329847
2264,slab,18044.858104329847
2265,slab,18079.499120481225
2266,slab,18099.499120481225
2267,slab,18119.499120481225
2268,slab,18159.499120481225
2269,slab,18208.48891533689
2270,slab,18228.48891533689
2271,end,18263.129931488267
2272,slab,16545.919854195952
2273,slab,16590.64121374595
2274,slab,16610.64121374595
2275,slab,16638.92548499341
2276,slab,16702.17103819678
2277,slab,16736.812054348156
2278,slab,16765.09632559562
2279,slab,16793.380596843082
2280,slab,16833.380596843082
2281,slab,16878.10195639308
2282,slab,16934.670498888
2283,end,16962.954770135464
2284,slab,16341.478460276685
2285,branch,16370.402355598391
2286,slab,16394.16612467194
2287,slab,16414.16612467194
2288,slab,16448.80714082332
2289,slab,16493.528500373315
2290,slab,16553.528500373315
2291,branch,16608.87074098192
2292,slab,16648.90331953466
2293,slab,16668.90331953466
2294,slab,16713.624679084656
2295,end,16733.624679084656
2296,branch,17085.89941293264
2297,branch,17143.577494176265
2298,branch,17256.78851741439
2299,slab,17358.250566789597
2300,slab,17424.583062596706
2301,slab,17462.931833678012
2302,slab,17485.96889877855
2303,slab,17514.25317002601
2304,slab,17548.89418617739
2305,slab,17577.178457424852
2306,slab,17646.460489727608
2307,end,17674.74476097507
2308,slab,16715.48386910355
2309,slab,16735.48386910355
2310,slab,16770.12488525493
2311,slab,16814.846244804925
2312,slab,16843.130516052388
2313,slab,16912.412548355143
2314,slab,16932.412548355143
2315,slab,16967.05356450652
2316,slab,17001.6945806579
2317,slab,17021.6945806579
2318,slab,17041.6945806579
2319,end,17076.335596809276
2320,slab,15191.368144871625
2321,branch,15257.700640678733
2322,branch,15377.700640678733
2323,branch,15444.033136485841
2324,slab,15518.86628422132
2325,slab,15590.977309730599
2326,slab,15639.967104586261
2327,slab,15668.251375833723
2328,slab,15688.251375833723
2329,slab,15716.535647081184
2330,slab,15736.535647081184
2331,end,15756.535647081184
2332,branch,16337.0030096056
2333,slab,16427.438822054253
2334,branch,16522.438822054253
2335,branch,16571.39193259907
2336,slab,16687.920399483828
2337,slab,16722.561415635206
2338,branch,16734.16536672724
2339,slab,16757.202431827776
2340,slab,16791.843447979154
2341,slab,16826.48446413053
2342,slab,16854.768735377995
2343,end,16883.053006625458
2344,branch,17919.222401499585
2345,branch,17991.333427008864
2346,branch,18036.05478655886
2347,slab,18070.695802710237
2348,slab,18115.417162260233
2349,slab,18135.417162260233
2350,slab,18163.701433507696
2351,slab,18198.342449659074
2352,slab,18218.342449659074
2353,slab,18252.983465810452
2354,end,18272.983465810452
2355,branch,16470.6727433303
2356,branch,16507.08170518108
2357,slab,16583.240450268415
2358,slab,16639.808992763337
2359,slab,16722.27110527569
2360,slab,16750.555376523153
2361,slab,16770.555376523153
2362,slab,16798.839647770616
2363,slab,16827.12391901808
2364,slab,16847.12391901808
2365,end,16867.12391901808
2366,branch,16460.10448400639
2367,slab,16522.495774474057
2368,slab,16550.78004572152
2369,slab,16585.421061872898
2370,slab,16620.062078024275
2371,slab,16648.34634927174
2372,slab,16668.34634927174
2373,slab,16688.34634927174
2374,slab,16737.336144127403
2375,slab,16786.325938983067
2376,end,16814.61021023053
2377,slab,16768.88477441584
2378,slab,16825.453316910764
2379,branch,16900.286464646244
2380,slab,17002.2668549181
2381,slab,17046.988214468096
2382,slab,17081.629230619474
2383,slab,17109.913501866937
2384,slab,17179.195534169692
2385,slab,17213.83655032107
2386,slab,17233.83655032107
2387,end,17262.120821568533
2388,slab,16102.011858048738
2389,branch,16188.724117057858
2390,slab,16245.423986876624
2391,branch,16285.67321047162
2392,branch,16323.883156820704
2393,slab,16368.6045163707
2394,slab,16403.245532522076
2395,slab,16447.966892072072
2396,slab,16492.68825162207
2397,slab,16537.409611172065
2398,end,16565.693882419528
2399,branch,15805.32725705919
2400,branch,15884.917699925034
2401,slab,15925.742567904992
2402,slab,15965.742567904992
2403,slab,15985.742567904992
2404,slab,16005.742567904992
2405,slab,16034.026839152453
2406,slab,16068.667855303831
2407,slab,16103.308871455209
2408,slab,16123.308871455209
2409,end,16151.59314270267
2410,branch,14607.62187873001
2411,slab,14664.190421224934
2412,branch,14758.964009986947
2413,slab,14801.174442664556
2414,slab,14835.815458815934
2415,slab,14875.815458815934
2416,slab,14910.456474967312
2417,slab,14930.456474967312
2418,slab,14958.740746214773
2419,slab,14987.025017462234
2420,end,15036.014812317897
2421,slab,14587.037485294983
2422,slab,14607.037485294983
2423,slab,14627.037485294983
2424,slab,14661.67850144636
2425,slab,14696.319517597738
2426,branch,14728.708078363019
2427,slab,14772.900874647554
2428,slab,14801.185145895015
2429,slab,14835.826162046393
2430,slab,14880.547521596389
2431,end,14900.547521596389
2432,slab,17055.470172065376
2433,slab,17095.470172065376
2434,slab,17115.470172065376
2435,slab,17135.470172065376
2436,slab,17163.75444331284
2437,slab,17198.395459464216
2438,slab,17243.116819014213
2439,slab,17277.75783516559
2440,slab,17306.042106413053
2441,end,17326.042106413053
2442,slab,17006.378191902684
2443,slab,17069.62374510605
2444,slab,17118.613539961716
2445,slab,17146.89781120918
2446,slab,17181.538827360557
2447,slab,17209.82309860802
2448,slab,17229.82309860802
2449,branch,17262.2116593733
2450,slab,17324.670671881075
2451,end,17359.311688032452
2452,branch,16726.96577169565
2453,branch,16750.8865785765
2454,branch,16848.861617662977
2455,branch,16860.890346409047
2456,branch,16915.194205067954
2457,branch,16982.035108783075
2458,slab,17129.588235349252
2459,slab,17164.22925150063
2460,slab,17208.950611050626
2461,end,17237.23488229809
2462,branch,16308.120255987465
2463,slab,16459.768970520978
2464,slab,16494.409986672355
2465,slab,16529.051002823733
2466,branch,16557.335274071196
2467,slab,16613.90381656612
2468,slab,16648.544832717496
2469,slab,16705.11337521242
2470,slab,16749.834734762415
2471,end,16769.834734762415
2472,slab,15830.309076905784
2473,slab,15886.877619400708
2474,slab,15921.518635552085
2475,slab,15941.518635552085
2476,slab,15969.802906799547
2477,slab,15989.802906799547
2478,slab,16018.087178047008
2479,slab,16038.087178047008
2480,slab,16058.087178047008
2481,end,16092.728194198386
2482,slab,16592.29541678542
2483,slab,16612.29541678542
2484,branch,16647.29541678542
2485,slab,16696.5397057944
2486,slab,16716.5397057944
2487,slab,16744.823977041862
2488,slab,16764.823977041862
2489,slab,16799.46499319324
2490,slab,16819.46499319324
2491,end,16854.106009344618
2492,branch,14843.810965080002
2493,branch,14902.659664197461
2494,slab,14955.080469079248
2495,slab,14995.080469079248
2496,slab,15039.801828629244
2497,slab,15074.442844780622
2498,slab,15123.432639636285
2499,branch,15172.422434491948
2500,slab,15217.143794041944
2501,end,15245.428065289405
2502,branch,14879.651031981968
2503,slab,14975.983012292189
2504,slab,15035.983012292189
2505,slab,15092.551554787113
2506,slab,15120.835826034574
2507,slab,15155.476842185952
2508,slab,15175.476842185952
2509,slab,15195.476842185952
2510,slab,15215.476842185952
2511,end,15243.761113433413
2512,slab,14816.409858825655
2513,branch,14865.399653681317
2514,branch,14955.18476434281
2515,branch,15028.299339473195
2516,slab,15056.583610720656
2517,slab,15076.583610720656
2518,slab,15096.583610720656
2519,slab,15124.867881968117
2520,slab,15153.152153215578
2521,end,15173.152153215578
2522,branch,17622.374742656022
2523,branch,17659.252920485193
2524,branch,17721.862823855186
2525,slab,17808.5807574099
2526,slab,17848.5807574099
2527,slab,17888.5807574099
2528,slab,17933.302116959898
2529,slab,17989.87065945482
2530,end,18024.511675606198
2531,slab,15587.640252389494
2532,slab,15622.281268540872
2533,branch,15675.666659801029
2534,slab,15739.306270107818
2535,branch,15794.339492684698
2536,slab,15827.334865840587
2537,slab,15847.334865840587
2538,slab,15881.975881991964
2539,end,15910.260153239426
2540,slab,16735.96683038552
2541,slab,16764.251101632985
2542,slab,16798.892117784362
2543,slab,16818.892117784362
2544,slab,16847.176389031825
2545,slab,16867.176389031825
2546,slab,16887.176389031825
2547,slab,16921.817405183203
2548,end,16956.45842133458
2549,branch,16710.64094260232
2550,branch,16828.539203827837
2551,slab,16880.500728054903
2552,slab,16940.500728054903
2553,slab,16960.500728054903
2554,slab,16988.784999302366
2555,slab,17023.426015453744
2556,slab,17051.710286701207
2557,end,17086.351302852585
2558,slab,17124.821453677374
2559,slab,17224.821453677374
2560,slab,17307.283566189726
2561,slab,17356.27336104539
2562,slab,17396.27336104539
2563,slab,17416.27336104539
2564,branch,17453.965878866522
2565,slab,17508.9991014434
2566,end,17572.24465464677
2567,branch,16452.380632164462
2568,slab,16472.380632164462
2569,slab,16500.664903411925
2570,slab,16528.94917465939
2571,slab,16588.94917465939
2572,slab,16633.670534209385
2573,slab,16661.954805456848
2574,slab,16690.23907670431
2575,end,16718.523347951774
2576,slab,16802.684855035222
2577,slab,16837.3258711866
2578,slab,16857.3258711866
2579,slab,16877.3258711866
2580,slab,16897.3258711866
2581,slab,16925.610142434063
2582,slab,16945.610142434063
2583,slab,16973.894413681526
2584,end,17002.17868492899
2585,slab,16512.17831581808
2586,slab,16546.81933196946
2587,slab,16581.460348120836
2588,slab,16609.7446193683
2589,slab,16658.734414223964
2590,slab,16693.37543037534
2591,slab,16721.659701622804
2592,slab,16756.300717774182
2593,end,16776.300717774182
2594,branch,15485.636525273441
2595,branch,15515.599600248634
2596,slab,15693.879132782744
2597,slab,15738.60049233274
2598,slab,15758.60049233274
2599,slab,15778.60049233274
2600,slab,15813.241508484118
2601,slab,15833.241508484118
2602,end,15867.882524635495
2603,branch,16082.998692543528
2604,slab,16132.496167226585
2605,branch,16210.521987530325
2606,branch,16277.87354103187
2607,slab,16377.87354103187
2608,slab,16406.157812279333
2609,slab,16426.157812279333
2610,slab,16460.79882843071
2611,end,16480.79882843071
2612,slab,14224.512830444193
2613,slab,14244.512830444193
2614,slab,14264.512830444193
2615,slab,14309.23418999419
2616,slab,14369.23418999419
2617,slab,14397.51846124165
2618,slab,14432.159477393028
2619,slab,14452.159477393028
2620,end,14486.800493544406
2621,branch,14376.732469844554
2622,slab,14396.732469844554
2623,slab,14436.732469844554
2624,slab,14476.732469844554
2625,slab,14511.373485995931
2626,slab,14567.942028490856
2627,slab,14587.942028490856
2628,slab,14622.583044642233
2629,end,14650.867315889695
2630,slab,14845.318962180238
2631,slab,14890.040321730234
2632,slab,14910.040321730234
2633,slab,14930.040321730234
2634,slab,14958.324592977695
2635,slab,14986.608864225156
2636,slab,15014.893135472617
2637,slab,15049.534151623995
2638,end,15084.175167775373
2639,slab,2438.1125722698293
2640,slab,2482.833931819825
2641,slab,2522.833931819825
2642,slab,2551.118203067287
2643,slab,2620.400235370042
2644,slab,2689.682267672797
2645,slab,2717.966538920259
2646,slab,2787.248571223014
2647,end,2807.248571223014
2648,slab,18361.365112308813
2649,slab,18381.365112308813
2650,slab,18401.365112308813
2651,slab,18436.00612846019
2652,slab,18456.00612846019
2653,slab,18490.64714461157
2654,slab,18525.288160762946
2655,end,18553.57243201041
2656,slab,18276.643752758817
2657,slab,18304.92802400628
2658,slab,18333.212295253743
2659,slab,18353.212295253743
2660,slab,18373.212295253743
2661,slab,18393.212295253743
2662,slab,18421.496566501206
2663,end,18456.137582652584
2664,branch,17166.074115520514
2665,slab,17210.34600276287
2666,slab,17292.808115275224
2667,slab,17332.808115275224
2668,slab,17352.808115275224
2669,slab,17372.808115275224
2670,slab,17392.808115275224
2671,end,17412.808115275224
2672,branch,16158.494416023093
2673,slab,16244.959237272667
2674,slab,16293.94903212833
2675,branch,16368.782179863809
2676,slab,16403.423196015185
2677,slab,16452.41299087085
2678,slab,16501.402785726514
2679,end,16521.402785726514
2680,slab,17027.1075248587
2681,branch,17050.144589959236
2682,branch,17073.352492143305
2683,slab,17096.38955724384
2684,branch,17124.673828491304
2685,slab,17152.958099738767
2686,slab,17187.599115890145
2687,end,17215.88338713761
2688,slab,16993.40041273743
2689,slab,17028.041428888806
2690,slab,17048.041428888806
2691,slab,17082.682445040184
2692,branch,17118.737957794823
2693,slab,17176.183584260205
2694,slab,17216.183584260205
2695,end,17236.183584260205
2696,slab,17262.098892802802
2697,slab,17282.098892802802
2698,slab,17302.098892802802
2699,slab,17336.73990895418
2700,slab,17371.380925105557
2701,slab,17391.380925105557
2702,slab,17426.021941256935
2703,end,17460.662957408313
2704,slab,16595.87180792385
2705,branch,16693.94539478644
2706,slab,16761.368895437874
2707,slab,16806.09025498787
2708,slab,16826.09025498787
2709,branch,16870.58935436731
2710,slab,16928.65866507082
2711,end,16963.299681222197
2712,branch,17179.707728129106
2713,branch,17254.540875864586
2714,branch,17356.521266136442
2715,slab,17478.176516742406
2716,slab,17518.176516742406
2717,slab,17562.8978762924
2718,slab,17607.619235842398
2719,end,17642.260251993775
2720,slab,17051.049270378582
2721,slab,17079.333541626045
2722,slab,17099.333541626045
2723,slab,17133.974557777423
2724,slab,17162.258829024886
2725,slab,17196.899845176264
2726,slab,17266.18187747902
2727,end,17300.822893630397
2728,slab,16139.844044871408
2729,slab,16184.565404421404
2730,slab,16233.555199277067
2731,slab,16268.196215428445
2732,slab,16288.196215428445
2733,slab,16308.196215428445
2734,slab,16342.837231579822
2735,end,16371.121502827284
2736,branch,16356.254566832155
2737,slab,16430.70019821438
2738,slab,16475.421557764377
2739,slab,16520.142917314373
2740,slab,16548.427188561836
2741,slab,16568.427188561836
2742,slab,16603.068204713214
2743,end,16631.352475960677
2744,slab,15949.15369682933
2745,slab,15977.43796807679
2746,slab,16034.006510571715
2747,slab,16094.006510571715
2748,slab,16143.20000607671
2749,slab,16219.226317311703
2750,slab,16279.226317311703
2751,end,16313.86733346308
2752,slab,15062.385923651984
2753,slab,15122.385923651984
2754,slab,15157.026939803362
2755,slab,15177.026939803362
2756,slab,15233.595482298286
2757,slab,15282.585277153948
2758,slab,15302.585277153948
2759,end,15322.585277153948
2760,branch,14918.208222678495
2761,slab,14969.336687210933
2762,slab,14997.620958458394
2763,slab,15017.620958458394
2764,slab,15045.905229705855
2765,slab,15102.47377220078
2766,slab,15159.042314695704
2767,end,15193.683330847081
2768,slab,15582.645920974628
2769,slab,15617.286937126006
2770,slab,15637.286937126006
2771,slab,15657.286937126006
2772,slab,15677.286937126006
2773,slab,15697.286937126006
2774,slab,15717.286937126006
2775,end,15751.927953277383
2776,branch,14748.99768443495
2777,branch,14798.976504182927
2778,slab,14851.309407166424
2779,slab,14900.299202022086
2780,slab,14920.299202022086
2781,slab,14940.299202022086
2782,slab,14960.299202022086
2783,end,14988.583473269548
2784,slab,15512.659865847907
2785,branch,15547.300881999285
2786,slab,15596.290676854947
2787,slab,15616.290676854947
2788,slab,15650.931693006325
2789,slab,15670.931693006325
2790,slab,15699.215964253786
2791,end,15719.215964253786
2792,branch,14210.211549150825
2793,slab,14245.988636790822
2794,slab,14280.6296529422
2795,slab,14308.913924189661
2796,slab,14328.913924189661
2797,slab,14363.554940341039
2798,slab,14383.554940341039
2799,end,14418.195956492416
2800,slab,13987.294327010393
2801,branch,14032.01568656039
2802,slab,14106.848834295868
2803,slab,14151.570193845864
2804,slab,14220.85222614862
2805,slab,14255.493242299997
2806,slab,14290.134258451375
2807,end,14310.134258451375
2808,slab,14048.16856125776
2809,slab,14068.16856125776
2810,slab,14096.452832505222
2811,branch,14150.974396126383
2812,slab,14191.331969296685
2813,slab,14225.972985448063
2814,slab,14254.257256695524
2815,end,14282.541527942985
2816,slab,2770.892946766052
2817,slab,2840.174979068807
2818,slab,2868.4592503162685
2819,slab,2903.100266467646
2820,slab,2952.09006132331
2821,slab,2986.7310774746875
2822,slab,3015.0153487221496
2823,end,3035.0153487221496
2824,slab,2116.5371431671147
2825,slab,2196.5371431671147
2826,slab,2313.1561810640205
2827,branch,2471.3254110484686
2828,slab,2616.7791912979806
2829,slab,2716.7791912979806
2830,slab,2761.5005508479762
2831,end,2796.141566999354
2832,branch,55568.885827408274
2833,slab,55651.135621079564
2834,branch,55756.97751263667
2835,slab,55935.81240875845
2836,branch,56080.55355701975
2837,slab,56221.0882502453
2838,end,56241.0882502453
2839,slab,55150.34676093738
2840,slab,55270.34676093738
2841,slab,55405.99336059988
2842,branch,55559.679860740274
2843,slab,55618.75037353349
2844,branch,55738.32883474079
2845,end,55839.21758354215
2846,branch,53248.77403366944
2847,branch,53305.90589754187
2848,slab,53389.58252522334
2849,slab,53417.8667964708
2850,slab,53452.50781262218
2851,slab,53480.79208386964
2852,end,53500.79208386964
2853,slab,18048.40724086862
2854,slab,18097.397035724283
2855,slab,18125.681306971746
2856,branch,18160.322323123124
2857,slab,18220.322323123124
2858,slab,18276.890865618047
2859,end,18340.136418821414
2860,slab,18069.710918072233
2861,slab,18089.710918072233
2862,slab,18124.35193422361
2863,branch,18151.719126340886
2864,slab,18186.199339208324
2865,slab,18214.483610455787
2866,end,18234.483610455787
2867,slab,17905.050337529872
2868,slab,17933.334608777335
2869,branch,17956.37167387787
2870,slab,18002.61664110076
2871,slab,18030.900912348225
2872,slab,18059.185183595688
2873,end,18093.826199747065
2874,branch,17818.55774525883
2875,slab,17842.350312401926
2876,branch,17870.63458364939
2877,slab,17905.275599800767
2878,slab,17939.916615952145
2879,slab,17968.200887199608
2880,end,18002.841903350985
2881,slab,16268.239474288697
2882,slab,16296.523745536158
2883,slab,16341.245105086155
2884,slab,16443.22549535801
2885,slab,16487.946854908005
2886,slab,16522.587871059382
2887,end,16542.587871059382
2888,slab,17355.316498050463
2889,slab,17400.03785760046
2890,slab,17428.32212884792
2891,slab,17456.606400095385
2892,slab,17476.606400095385
2893,slab,17496.606400095385
2894,end,17531.247416246762
2895,branch,17482.370167979094
2896,slab,17560.34521357468
2897,slab,17580.34521357468
2898,slab,17640.34521357468
2899,branch,17700.34521357468
2900,slab,17720.34521357468
2901,end,17765.066573124677
2902,slab,17475.073431712404
2903,slab,17509.714447863782
2904,slab,17529.714447863782
2905,slab,17557.998719111245
2906,slab,17592.639735262623
2907,slab,17612.639735262623
2908,end,17640.924006510086
2909,slab,17117.769959234534
2910,slab,17152.410975385912
2911,slab,17197.132334935908
2912,slab,17231.773351087286
2913,slab,17251.773351087286
2914,slab,17286.414367238664
2915,end,17314.698638486127
2916,slab,17270.604874743094
2917,slab,17298.889145990557
2918,slab,17318.889145990557
2919,branch,17353.530162141935
2920,branch,17413.530162141935
2921,slab,17473.530162141935
2922,end,17513.530162141935
2923,slab,16889.22217978506
2924,slab,16938.211974640726
2925,slab,16998.211974640726
2926,slab,17042.933334190722
2927,slab,17062.933334190722
2928,slab,17082.933334190722
2929,end,17111.217605438185
2930,slab,16780.989626723225
2931,branch,16792.59357781526
2932,slab,16815.630642915796
2933,slab,16835.630642915796
2934,slab,16863.91491416326
2935,slab,16892.199185410722
2936,end,16920.483456658185
2937,slab,16883.311480642802
2938,slab,16911.595751890265
2939,branch,16956.31711144026
2940,slab,17005.306906295926
2941,slab,17033.59117754339
2942,slab,17068.232193694766
2943,end,17088.232193694766
2944,slab,17116.669561090217
2945,slab,17161.390920640213
2946,branch,17210.888395323273
2947,slab,17251.508587346452
2948,slab,17279.792858593915
2949,slab,17308.07712984138
2950,end,17342.718145992756
2951,slab,17081.565640656405
2952,slab,17116.206656807783
2953,slab,17136.206656807783
2954,slab,17156.206656807783
2955,slab,17184.490928055246
2956,slab,17219.131944206623
2957,end,17247.416215454086
2958,slab,16937.85132177458
2959,slab,16957.85132177458
2960,slab,16977.85132177458
2961,slab,16997.85132177458
2962,slab,17017.85132177458
2963,slab,17052.492337925956
2964,end,17080.77660917342
2965,branch,15973.907634932062
2966,slab,15993.875135916938
2967,slab,16022.1594071644
2968,slab,16042.1594071644
2969,slab,16062.1594071644
2970,slab,16096.800423315777
2971,end,16116.800423315777
2972,slab,15611.32969290404
2973,slab,15660.827167587098
2974,slab,15695.468183738476
2975,slab,15715.468183738476
2976,branch,15735.468183738476
2977,slab,15775.468183738476
2978,end,15810.109199889854
2979,branch,16334.843957075567
2980,slab,16369.593880671762
2981,slab,16397.878151919223
2982,slab,16417.878151919223
2983,slab,16452.5191680706
2984,slab,16480.803439318064
2985,end,16509.087710565527
2986,slab,15317.700640678733
2987,slab,15337.700640678733
2988,slab,15365.984911926194
2989,slab,15410.70627147619
2990,slab,15459.696066331853
2991,slab,15487.980337579314
2992,end,15516.264608826776
2993,slab,16837.220763201123
2994,slab,16871.8617793525
2995,slab,16900.146050599964
2996,slab,16928.430321847427
2997,slab,16948.430321847427
2998,slab,16968.430321847427
2999,end,17003.071337998805
3000,slab,16797.127543582854
3001,slab,16995.244082639518
3002,slab,17058.489635842885
3003,branch,17098.738859437883
3004,slab,17151.84253162729
3005,slab,17171.84253162729
3006,end,17191.84253162729
3007,branch,16057.19460135269
3008,branch,16091.835617504068
3009,slab,16161.117649806823
3010,slab,16181.117649806823
3011,slab,16209.401921054285
3012,slab,16229.401921054285
3013,end,16249.401921054285
3014,slab,16589.442815932853
3015,slab,16658.724848235608
3016,slab,16687.00911948307
3017,slab,16707.00911948307
3018,slab,16735.293390730534
3019,slab,16784.2831855862
3020,end,16829.004545136195
3021,slab,14988.353553142593
3022,slab,15008.353553142593
3023,slab,15028.353553142593
3024,slab,15056.637824390054
3025,slab,15084.922095637516
3026,slab,15119.563111788893
3027,end,15154.204127940271
3028,branch,16422.040700264213
3029,branch,16443.429195659883
3030,branch,16518.262343395363
3031,slab,16620.24273366722
3032,slab,16680.24273366722
3033,slab,16720.24273366722
3034,end,16802.70484617957
3035,slab,15677.957866106348
3036,slab,15697.957866106348
3037,slab,15726.242137353809
3038,slab,15760.883153505187
3039,slab,15789.167424752648
3040,slab,15823.808440904026
3041,end,15858.449457055403
3042,branch,15409.647119165795
3043,branch,15487.688840532852
3044,branch,15554.94683379139
3045,slab,15656.927224063245
3046,slab,15685.211495310707
3047,slab,15719.852511462084
3048,end,15748.136782709546
3049,slab,16186.406544641295
3050,slab,16242.97508713622
3051,slab,16262.97508713622
3052,slab,16291.25935838368
3053,slab,16311.25935838368
3054,slab,16331.25935838368
3055,end,16359.543629631142
3056,branch,15306.683248177162
3057,slab,15407.47634032677
3058,slab,15489.938452839124
3059,slab,15518.222724086585
3060,slab,15552.863740237963
3061,slab,15581.148011485424
3062,end,15601.148011485424
3063,slab,15007.05946077788
3064,slab,15035.343732025342
3065,slab,15055.343732025342
3066,branch,15089.98474817672
3067,slab,15118.26901942418
3068,slab,15152.910035575558
3069,end,15181.19430682302
3070,branch,14927.0640680546
3071,slab,14948.569881222207
3072,slab,14968.569881222207
3073,slab,14988.569881222207
3074,slab,15016.854152469668
3075,slab,15036.854152469668
3076,end,15065.13842371713
3077,branch,13975.201390460074
3078,slab,13995.201390460074
3079,slab,14023.485661707535
3080,slab,14051.769932954996
3081,slab,14086.410949106374
3082,slab,14121.051965257751
3083,end,14149.336236505213
3084,slab,14034.76746112669
3085,slab,14151.386499023596
3086,slab,14171.386499023596
3087,slab,14206.027515174974
3088,slab,14240.668531326352
3089,slab,14268.952802573813
3090,end,14288.952802573813
3091,branch,13749.039752333081
3092,slab,13809.039752333081
3093,slab,13837.324023580542
3094,slab,13871.96503973192
3095,slab,13891.96503973192
3096,slab,13926.606055883298
3097,end,13946.606055883298
3098,slab,18773.64553417466
3099,slab,18801.92980542212
3100,slab,18830.214076669585
3101,slab,18850.214076669585
3102,slab,18870.214076669585
3103,end,18898.498347917048
3104,slab,18255.72310472864
3105,slab,18322.05560053575
3106,slab,18394.16662604503
3107,slab,18450.73516853995
3108,slab,18495.456528089948
3109,end,18515.456528089948
3110,slab,17841.131764414586
3111,slab,17929.952353867415
3112,slab,17989.952353867415
3113,slab,18009.952353867415
3114,slab,18029.952353867415
3115,end,18049.952353867415
3116,slab,16357.631449461845
3117,slab,16417.631449461845
3118,slab,16437.631449461845
3119,slab,16457.631449461845
3120,slab,16477.631449461845
3121,end,16505.91572070931
3122,slab,17931.885618995868
3123,slab,17966.526635147246
3124,slab,17986.526635147246
3125,slab,18014.81090639471
3126,slab,18049.451922546086
3127,end,18069.451922546086
3128,slab,17829.741600548376
3129,slab,17858.02587179584
3130,slab,17886.3101430433
3131,slab,17906.3101430433
3132,slab,17926.3101430433
3133,end,17954.594414290765
3134,branch,17833.687139685037
3135,slab,17959.948348037116
3136,slab,18008.93814289278
3137,slab,18053.659502442777
3138,slab,18073.659502442777
3139,end,18108.300518594155
3140,slab,17853.263256147548
3141,slab,17887.904272298925
3142,slab,17916.18854354639
3143,slab,17936.18854354639
3144,slab,17970.829559697766
3145,end,17990.829559697766
3146,slab,17862.808808113397
3147,slab,17897.449824264775
3148,slab,17932.090840416153
3149,slab,17952.090840416153
3150,slab,17986.73185656753
3151,end,18015.016127814994
3152,slab,17808.54189659755
3153,slab,17836.826167845014
3154,branch,17861.01004844179
3155,slab,17884.091441504577
3156,slab,17912.37571275204
3157,end,17940.659983999503
3158,branch,16956.564913805665
3159,slab,17031.398061541146
3160,slab,17066.039077692523
3161,slab,17148.501190204875
3162,slab,17183.142206356253
3163,end,17203.142206356253
3164,slab,16164.739490252248
3165,branch,16199.380506403626
3166,slab,16234.021522555004
3167,slab,16278.742882105
3168,slab,16307.027153352461
3169,end,16341.668169503839
3170,slab,17125.235448364852
3171,slab,17185.235448364852
3172,slab,17225.235448364852
3173,slab,17265.235448364852
3174,slab,17285.235448364852
3175,end,17305.235448364852
3176,slab,17343.16455328345
3177,slab,17415.275578792727
3178,slab,17471.84412128765
3179,slab,17531.84412128765
3180,slab,17606.67726902313
3181,end,17655.667063878795
3182,slab,17435.1845470306
3183,slab,17469.825563181977
3184,slab,17489.825563181977
3185,slab,17524.466579333355
3186,slab,17552.75085058082
3187,end,17587.391866732196
3188,branch,17000.62637520623
3189,slab,17084.912565972725
3190,slab,17129.63392552272
3191,slab,17164.2749416741
3192,slab,17184.2749416741
3193,end,17240.84348416902
3194,branch,16933.637004055978
3195,slab,16969.882419723323
3196,slab,16998.166690970786
3197,slab,17018.166690970786
3198,slab,17038.166690970786
3199,end,17058.166690970786
3200,branch,16328.446299564235
3201,slab,16348.446299564235
3202,slab,16368.446299564235
3203,slab,16408.446299564235
3204,slab,16468.446299564235
3205,end,16488.446299564235
3206,slab,16525.624170942614
3207,slab,16545.624170942614
3208,slab,16565.624170942614
3209,slab,16585.624170942614
3210,slab,16605.624170942614
3211,end,16640.26518709399
3212,slab,16413.99884881265
3213,slab,16442.283120060114
3214,slab,16462.283120060114
3215,slab,16482.283120060114
3216,slab,16502.283120060114
3217,end,16536.92413621149
3218,slab,16948.698159817235
3219,slab,17012.7092892421
3220,slab,17032.7092892421
3221,slab,17060.99356048956
3222,slab,17089.277831737025
3223,end,17109.277831737025
3224,slab,16611.034127149425
3225,slab,16631.034127149425
3226,branch,16651.038773125645
3227,slab,16700.720084859877
3228,slab,16729.00435610734
3229,end,16763.645372258718
3230,slab,16399.128497406047
3231,slab,16459.128497406047
3232,branch,16543.012892382594
3233,slab,16592.980361505826
3234,slab,16612.980361505826
3235,end,16632.980361505826
3236,slab,16904.951090641174
3237,slab,16949.67245019117
3238,slab,16969.67245019117
3239,slab,16989.67245019117
3240,slab,17009.67245019117
3241,end,17044.313466342548
3242,branch,17190.44722912742
3243,branch,17256.820158756196
3244,branch,17281.722221733322
3245,slab,17386.232312840628
3246,slab,17420.873328992006
3247,end,17449.15760023947
3248,slab,16238.706761409263
3249,slab,16258.706761409263
3250,slab,16293.34777756064
3251,slab,16313.34777756064
3252,slab,16347.988793712018
3253,end,16382.629809863396
3254,slab,15990.20572398709
3255,slab,16034.927083537086
3256,slab,16091.49562603201
3257,slab,16126.136642183388
3258,slab,16146.136642183388
3259,end,16166.136642183388
3260,branch,17087.294628248837
3261,branch,17126.837933254512
3262,slab,17195.48123796929
3263,slab,17215.48123796929
3264,slab,17235.48123796929
3265,end,17263.76550921675
3266,slab,16929.357613054108
3267,slab,17027.337202765433
3268,slab,17087.337202765433
3269,slab,17195.04049890812
3270,slab,17215.04049890812
3271,end,17243.324770155585
3272,slab,16861.469031934274
3273,slab,16906.19039148427
3274,slab,16950.911751034266
3275,slab,16999.90154588993
3276,slab,17028.185817137393
3277,end,17056.470088384856
3278,slab,16705.818916339016
3279,branch,16740.459932490394
3280,slab,16760.459932490394
3281,slab,16788.744203737857
3282,slab,16823.385219889235
3283,end,16863.385219889235
3284,slab,14967.424098818705
3285,slab,14987.424098818705
3286,slab,15007.424098818705
3287,slab,15027.424098818705
3288,slab,15047.424098818705
3289,end,15082.065114970083
3290,branch,16641.87499747862
3291,slab,16661.87499747862
3292,slab,16690.15926872608
3293,slab,16759.441301028837
3294,slab,16804.162660578833
3295,end,16824.162660578833
3296,slab,15786.400139996687
3297,slab,15855.682172299443
3298,slab,15883.966443546904
3299,slab,15903.966443546904
3300,slab,15923.966443546904
3301,end,15943.966443546904
3302,slab,15865.32725705919
3303,slab,15899.968273210568
3304,slab,15934.609289361946
3305,slab,15954.609289361946
3306,slab,15982.893560609407
3307,end,16017.534576760785
3308,slab,14716.183037880786
3309,slab,14750.824054032164
3310,slab,14770.824054032164
3311,slab,14790.824054032164
3312,slab,14810.824054032164
3313,end,14845.465070183542
3314,slab,15596.24735576967
3315,slab,15678.709468282024
3316,slab,15713.350484433402
3317,slab,15741.634755680863
3318,slab,15786.35611523086
3319,end,15855.638147533615
3320,branch,15532.723434628644
3321,slab,15572.168223980509
3322,slab,15592.168223980509
3323,slab,15626.809240131886
3324,slab,15686.809240131886
3325,end,15706.809240131886
3326,slab,14543.185513352202
3327,slab,14577.82652950358
3328,slab,14597.82652950358
3329,branch,14611.968665127311
3330,slab,14654.395071998504
3331,end,14682.679343245965
3332,slab,14492.382377630447
3333,slab,14552.382377630447
3334,slab,14572.382377630447
3335,slab,14592.382377630447
3336,slab,14612.382377630447
3337,end,14640.666648877908
3338,slab,15666.147181673645
3339,slab,15722.715724168569
3340,branch,15788.781406466123
3341,slab,15893.799199613006
3342,slab,15913.799199613006
3343,end,15933.799199613006
3344,slab,15299.969095185243
3345,slab,15334.61011133662
3346,slab,15354.61011133662
3347,slab,15382.894382584082
3348,slab,15417.53539873546
3349,end,15437.53539873546
3350,branch,14373.360168647028
3351,slab,14475.52640764769
3352,slab,14538.771960851058
3353,slab,14573.412977002436
3354,slab,14608.053993153813
3355,end,14636.338264401275
3356,slab,14408.432040918393
3357,slab,14428.432040918393
3358,slab,14456.716312165854
3359,slab,14485.000583413315
3360,slab,14505.000583413315
3361,end,14539.641599564693
3362,slab,14425.722264700216
3363,slab,14454.006535947678
3364,slab,14482.290807195139
3365,slab,14538.859349690063
3366,slab,14573.50036584144
3367,end,14601.784637088902
3368,branch,15045.973298959809
3369,branch,15077.57417417686
3370,branch,15153.475483460135
3371,slab,15216.446574319327
3372,slab,15265.43636917499
3373,end,15285.43636917499
3374,branch,15065.473086739426
3375,branch,15148.30234921231
3376,slab,15197.292144067973
3377,slab,15231.93316021935
3378,slab,15266.574176370728
3379,end,15286.574176370728
3380,slab,15116.885366191505
3381,slab,15151.526382342883
3382,slab,15179.810653590344
3383,slab,15208.094924837806
3384,slab,15236.379196085267
3385,end,15264.663467332728
3386,slab,14369.803856305884
3387,slab,14389.803856305884
3388,slab,14409.803856305884
3389,slab,14429.803856305884
3390,slab,14449.803856305884
3391,end,14484.444872457261
3392,branch,14185.718463710218
3393,slab,14242.287006205142
3394,slab,14282.287006205142
3395,slab,14316.92802235652
3396,slab,14336.92802235652
3397,end,14356.92802235652
3398,slab,14726.220892751557
3399,slab,14770.942252301553
3400,slab,14805.58326845293
3401,slab,14840.224284604308
3402,slab,14874.865300755686
3403,end,14894.865300755686
3404,slab,14006.3256495359
3405,branch,14048.832424762117
3406,slab,14115.91446408711
3407,slab,14144.198735334572
3408,slab,14164.198735334572
3409,end,14184.198735334572
3410,slab,13793.380659131668
3411,slab,13813.380659131668
3412,slab,13833.380659131668
3413,slab,13853.380659131668
3414,slab,13888.021675283046
3415,end,13916.305946530507
3416,slab,2388.669853169838
3417,slab,2416.9541244172997
3418,slab,2486.2361567200546
3419,slab,2555.5181890228096
3420,slab,2583.8024602702717
3421,end,2612.086731517734
3422,slab,54911.72090663817
3423,slab,54971.72090663817
3424,slab,55133.012416358855
3425,slab,55236.564891802365
3426,end,55319.02700431472
3427,slab,54533.15708314658
3428,slab,54648.04833607734
3429,branch,54750.04864277784
3430,slab,54884.46971071176
3431,end,54904.46971071176
3432,slab,18763.32995500311
3433,branch,18814.808105708045
3434,slab,18836.02130914364
3435,slab,18880.742668693638
3436,end,18940.742668693638
3437,slab,18046.78150665628
3438,slab,18091.502866206276
3439,slab,18126.143882357654
3440,slab,18175.133677213318
3441,end,18195.133677213318
3442,slab,17490.3966474349
3443,slab,17535.118006984896
3444,slab,17569.759023136274
3445,slab,17598.043294383737
3446,end,17626.3275656312
3447,slab,17879.856974839488
3448,slab,17899.856974839488
3449,slab,17919.856974839488
3450,slab,17948.14124608695
3451,end,17982.78226223833
3452,slab,17107.259267558842
3453,slab,17127.259267558842
3454,slab,17147.259267558842
3455,slab,17175.543538806305
3456,end,17203.82781005377
3457,slab,17912.70097942684
3458,slab,17932.70097942684
3459,slab,17952.70097942684
3460,slab,17980.985250674305
3461,end,18015.626266825682
3462,slab,16226.621244317508
3463,slab,16246.621244317508
3464,slab,16281.262260468886
3465,slab,16301.262260468886
3466,end,16321.262260468886
3467,slab,17923.053865878122
3468,slab,17957.6948820295
3469,slab,17977.6948820295
3470,slab,18012.335898180878
3471,end,18046.976914332256
3472,branch,17630.04995584365
3473,slab,17674.87001884034
3474,slab,17731.438561335264
3475,slab,17759.722832582727
3476,end,17779.722832582727
3477,slab,15718.678286136243
3478,slab,15746.962557383704
3479,slab,15766.962557383704
3480,slab,15795.246828631165
3481,end,15823.531099878626
3482,slab,17560.992848757574
3483,slab,17684.281128816954
3484,slab,17718.922144968332
3485,slab,17738.922144968332
3486,end,17767.206416215795
3487,slab,17526.219192834982
3488,slab,17546.219192834982
3489,slab,17574.503464082445
3490,slab,17602.787735329908
3491,end,17622.787735329908
3492,slab,16922.799179956193
3493,slab,16951.083451203656
3494,slab,16971.083451203656
3495,slab,17005.724467355034
3496,end,17025.724467355034
3497,slab,17315.487795352536
3498,slab,17335.487795352536
3499,slab,17355.487795352536
3500,slab,17390.128811503913
3501,end,17410.128811503913
3502,branch,17039.386856110927
3503,slab,17079.507047640524
3504,slab,17114.1480637919
3505,slab,17134.1480637919
3506,end,17168.78907994328
3507,slab,16810.576599162345
3508,slab,16830.576599162345
3509,slab,16850.576599162345
3510,slab,16870.576599162345
3511,end,16898.860870409808
3512,slab,17151.819201162187
3513,slab,17208.38774365711
3514,slab,17248.38774365711
3515,slab,17325.929802325805
3516,end,17389.37174616093
3517,slab,16962.1808039173
3518,branch,17047.033617659687
3519,slab,17103.60216015461
3520,slab,17148.323519704605
3521,end,17193.0448792546
3522,slab,15629.063014310908
3523,slab,15689.063014310908
3524,slab,15752.308567514276
3525,slab,15808.8771100092
3526,end,15828.8771100092
3527,branch,15531.332093793624
3528,slab,15596.652243773904
3529,slab,15631.293259925282
3530,slab,15659.577531172743
3531,end,15687.861802420204
3532,branch,17386.453154081617
3533,branch,17410.135846551813
3534,slab,17438.420117799276
3535,slab,17487.40991265494
3536,end,17532.131272204937
3537,branch,17381.81948741779
3538,slab,17483.012372543177
3539,slab,17532.00216739884
3540,slab,17560.286438646304
3541,end,17588.570709893767
3542,branch,17095.895715932664
3543,slab,17138.622280262938
3544,slab,17187.612075118603
3545,slab,17215.896346366066
3546,end,17235.896346366066
3547,slab,16694.542955693807
3548,slab,16722.82722694127
3549,slab,16742.82722694127
3550,slab,16777.468243092648
3551,end,16797.468243092648
3552,branch,17278.896024843154
3553,branch,17510.36844077373
3554,slab,17649.112810028848
3555,slab,17693.834169578844
3556,end,17713.834169578844
3557,slab,17229.265902047144
3558,branch,17289.265902047144
3559,slab,17349.265902047144
3560,slab,17383.90691819852
3561,end,17412.191189445984
3562,slab,17135.606906465942
3563,slab,17170.24792261732
3564,slab,17226.816465112242
3565,slab,17261.45748126362
3566,end,17281.45748126362
3567,slab,16419.196859968764
3568,slab,16439.196859968764
3569,slab,16459.196859968764
3570,slab,16487.481131216227
3571,end,16515.76540246369
3572,branch,17192.731144160116
3573,branch,17274.203621784713
3574,branch,17349.020399611156
3575,slab,17428.492509023876
3576,end,17456.77678027134
3577,branch,17106.640826616283
3578,slab,17165.61117968918
3579,slab,17185.61117968918
3580,slab,17213.89545093664
3581,end,17242.179722184104
3582,branch,16384.49020674222
3583,slab,16419.240130338414
3584,slab,16447.524401585877
3585,slab,16482.165417737255
3586,end,16510.449688984718
3587,slab,15507.734427309746
3588,slab,15527.734427309746
3589,slab,15547.734427309746
3590,slab,15576.018698557207
3591,end,15610.659714708585
3592,slab,15059.898903585668
3593,slab,15094.539919737046
3594,slab,15114.539919737046
3595,slab,15149.180935888424
3596,end,15183.821952039802
3597,slab,16123.527097159798
3598,slab,16158.168113311176
3599,slab,16178.168113311176
3600,slab,16206.452384558637
3601,end,16234.736655806098
3602,slab,15797.8918330031
3603,slab,15817.8918330031
3604,slab,15837.8918330031
3605,slab,15857.8918330031
3606,end,15877.8918330031
3607,slab,16962.610041598673
3608,slab,17019.178584093595
3609,slab,17063.89994364359
3610,slab,17083.89994364359
3611,end,17103.89994364359
3612,slab,16686.596357028615
3613,slab,16714.880628276078
3614,slab,16743.16489952354
3615,slab,16771.449170771004
3616,end,16799.733442018467
3617,slab,16320.273579901484
3618,slab,16380.273579901484
3619,slab,16408.557851148948
3620,slab,16428.557851148948
3621,end,16463.198867300325
3622,slab,15069.500634362033
3623,slab,15114.22199391203
3624,slab,15142.50626515949
3625,slab,15177.147281310868
3626,end,15205.43155255833
3627,slab,15002.315351749465
3628,branch,15067.067865600893
3629,slab,15132.067244829308
3630,slab,15166.708260980686
3631,end,15186.708260980686
3632,branch,16493.487708718625
3633,slab,16525.891340531314
3634,slab,16595.17337283407
3635,slab,16623.457644081533
3636,end,16643.457644081533
3637,slab,16186.937618127879
3638,slab,16274.115596998692
3639,slab,16334.115596998692
3640,slab,16362.399868246153
3641,end,16390.684139493616
3642,slab,15795.784033154985
3643,slab,15824.068304402446
3644,slab,15844.068304402446
3645,slab,15878.709320553824
3646,end,15913.350336705202
3647,slab,15670.581866889595
3648,slab,15745.415014625074
3649,slab,15790.13637417507
3650,slab,15839.126169030733
3651,end,15873.76718518211
3652,slab,15939.642418705316
3653,slab,15974.283434856694
3654,slab,16008.924451008072
3655,slab,16028.924451008072
3656,end,16048.924451008072
3657,slab,15751.9015196854
3658,slab,15780.185790932861
3659,slab,15814.826807084239
3660,slab,15834.826807084239
3661,end,15863.1110783317
3662,slab,14834.902072747533
3663,slab,14854.902072747533
3664,slab,14899.623432297529
3665,slab,14968.905464600284
3666,end,15003.546480751662
3667,branch,15610.625876694729
3668,slab,15733.169196211058
3669,slab,15793.169196211058
3670,slab,15827.810212362436
3671,end,15847.810212362436
3672,branch,15477.076321048797
3673,slab,15569.169356124896
3674,slab,15618.159150980558
3675,slab,15652.800167131936
3676,end,15681.084438379397
3677,slab,14573.98862481609
3678,slab,14602.27289606355
3679,slab,14630.557167311012
3680,slab,14650.557167311012
3681,end,14670.557167311012
3682,slab,15866.490506366148
3683,branch,15907.315773814094
3684,slab,15980.764199339741
3685,slab,16015.405215491119
3686,end,16043.68948673858
3687,branch,15036.31076844853
3688,slab,15074.410724364721
3689,slab,15094.410724364721
3690,slab,15114.410724364721
3691,end,15149.051740516099
3692,branch,14385.076978961373
3693,branch,14418.827066953609
3694,slab,14468.794536076839
3695,slab,14532.040089280206
3696,end,14552.040089280206
3697,slab,14285.326874121667
3698,slab,14319.967890273045
3699,slab,14348.252161520506
3700,slab,14368.252161520506
3701,end,14402.893177671884
3702,slab,14058.149707767665
3703,slab,14140.611820280019
3704,slab,14189.601615135682
3705,slab,14249.601615135682
3706,end,14269.601615135682
3707,slab,13750.556584798414
3708,branch,13826.054929151122
3709,slab,13876.054929151122
3710,slab,13920.776288701118
3711,end,13955.417304852495
3712,slab,1800.749880257815
3713,slab,1860.749880257815
3714,slab,1943.2119927701683
3715,slab,1987.9333523201642
3716,end,2007.9333523201642
3717,slab,1683.1759460905596
3718,slab,1785.1563363624152
3719,slab,1805.1563363624152
3720,slab,1839.7973525137927
3721,end,1859.7973525137927
3722,branch,1557.1211289903888
3723,slab,1663.9788702990745
3724,slab,1820.1838638172076
3725,slab,1981.4290187831784
3726,end,2098.0480566800843
3727,slab,1167.652886923336
3728,slab,1410.1399999829787
3729,slab,1499.5827190829702
3730,slab,1548.5725139386338
3731,end,1568.5725139386338
3732,slab,1096.5833701464521
3733,slab,1126.5833701464521
3734,slab,1161.2243862978296
3735,slab,1181.2243862978296
3736,end,1209.5086575452915
3737,slab,57302.827976896224
3738,slab,57331.11224814368
3739,slab,57359.39651939114
3740,end,57394.03753554252
3741,branch,55921.22676989036
3742,branch,56001.65976707144
3743,slab,56095.2297726383
3744,end,56123.514043885756
3745,slab,55185.81637850197
3746,slab,55220.45739465335
3747,slab,55277.025937148275
3748,end,55305.310208395735
3749,branch,44113.54442223652
3750,branch,44215.04205691344
3751,branch,44291.7733723394
3752,end,44350.942095604354
3753,slab,18859.415088311176
3754,slab,18879.415088311176
3755,slab,18907.69935955864
3756,end,18942.340375710017
3757,slab,17727.12019841382
3758,slab,17747.12019841382
3759,slab,17767.12019841382
3760,end,17795.404469661284
3761,slab,18609.5074395956
3762,slab,18629.5074395956
3763,slab,18657.791710843063
3764,end,18686.075982090526
3765,slab,18143.00854815963
3766,slab,18163.00854815963
3767,slab,18183.00854815963
3768,end,18223.00854815963
3769,slab,17546.642361607213
3770,slab,17606.642361607213
3771,slab,17651.36372115721
3772,end,17671.36372115721
3773,slab,18223.313224740472
3774,slab,18243.313224740472
3775,slab,18263.313224740472
3776,end,18297.95424089185
3777,slab,16386.9134817646
3778,slab,16406.9134817646
3779,slab,16426.9134817646
3780,end,16471.634841314597
3781,slab,17999.57680008931
3782,slab,18019.57680008931
3783,slab,18039.57680008931
3784,end,18067.861071336774
3785,slab,18110.88793429434
3786,slab,18145.528950445718
3787,slab,18173.81322169318
3788,end,18202.097492940644
3789,slab,17242.776417248882
3790,slab,17277.41743340026
3791,slab,17340.662986603627
3792,end,17360.662986603627
3793,branch,18009.006191494533
3794,slab,18057.251902961616
3795,slab,18085.53617420908
3796,end,18105.53617420908
3797,slab,17979.222401499585
3798,slab,18013.863417650962
3799,slab,18033.863417650962
3800,end,18053.863417650962
3801,slab,17211.79430266753
3802,slab,17246.43531881891
3803,slab,17274.719590066372
3804,end,17294.719590066372
3805,branch,17840.535569333675
3806,slab,17889.5051146636
3807,slab,17924.146130814977
3808,end,17958.787146966355
3809,slab,17824.624684484508
3810,slab,17881.19322697943
3811,slab,17901.19322697943
3812,end,17935.83424313081
3813,branch,17535.99670321637
3814,slab,17583.2057558408
3815,slab,17617.84677199218
3816,end,17652.487788143557
3817,slab,17412.85438553811
3818,slab,17457.575745088106
3819,slab,17497.575745088106
3820,end,17525.86001633557
3821,slab,17758.852117269103
3822,slab,17793.49313342048
3823,slab,17828.13414957186
3824,end,17848.13414957186
3825,branch,17505.00261320219
3826,slab,17634.48190133719
3827,slab,17654.48190133719
3828,end,17682.766172584652
3829,slab,17100.48913838254
3830,slab,17120.48913838254
3831,slab,17140.48913838254
3832,end,17175.13015453392
3833,slab,15941.526786114264
3834,slab,15961.526786114264
3835,slab,15989.811057361725
3836,end,16018.095328609186
3837,slab,17236.55588261332
3838,slab,17319.017995125672
3839,slab,17363.73935467567
3840,end,17383.73935467567
3841,slab,17150.406885816727
3842,slab,17185.047901968104
3843,slab,17213.332173215567
3844,end,17241.61644446303
3845,slab,17022.64960724737
3846,slab,17042.64960724737
3847,slab,17070.933878494834
3848,end,17090.933878494834
3849,slab,16931.05242049302
3850,slab,16959.336691740482
3851,slab,16987.620962987945
3852,end,17015.905234235408
3853,slab,17011.820174833636
3854,slab,17040.1044460811
3855,slab,17074.745462232477
3856,end,17094.745462232477
3857,slab,16825.25309202546
3858,slab,16853.537363272924
3859,slab,16888.178379424302
3860,end,16922.81939557568
3861,slab,17497.329705608376
3862,slab,17566.61173791113
3863,slab,17586.61173791113
3864,end,17606.61173791113
3865,slab,17302.21576396196
3866,slab,17336.85678011334
3867,slab,17356.85678011334
3868,end,17376.85678011334
3869,slab,16981.446641231953
3870,slab,17016.08765738333
3871,slab,17050.728673534708
3872,end,17070.728673534708
3873,slab,16780.352355241565
3874,slab,16800.352355241565
3875,slab,16828.636626489028
3876,end,16848.636626489028
3877,slab,16927.643443624995
3878,slab,16955.927714872458
3879,slab,16975.927714872458
3880,end,16995.927714872458
3881,slab,16752.99892239302
3882,slab,16772.99892239302
3883,slab,16801.283193640484
3884,end,16829.567464887947
3885,slab,16597.813098332943
3886,slab,16667.0951306357
3887,slab,16749.55724314805
3888,end,16769.55724314805
3889,slab,17236.248088532393
3890,slab,17280.96944808239
3891,slab,17315.610464233767
3892,end,17335.610464233767
3893,slab,16388.446299564235
3894,slab,16408.446299564235
3895,slab,16428.446299564235
3896,end,16456.7305708117
3897,slab,16651.027156568918
3898,slab,16671.027156568918
3899,slab,16705.668172720296
3900,end,16740.309188871674
3901,slab,15326.155360777604
3902,slab,15346.155360777604
3903,slab,15374.439632025065
3904,end,15394.439632025065
3905,slab,16727.970118502406
3906,slab,16747.970118502406
3907,slab,16767.970118502406
3908,end,16802.611134653784
3909,branch,16627.32376503491
3910,slab,16665.72275743547
3911,slab,16694.007028682932
3912,end,16728.64804483431
3913,slab,15351.91093313217
3914,slab,15396.632292682167
3915,slab,15424.916563929628
3916,end,15453.20083517709
3917,slab,17266.885706999918
3918,slab,17330.131260203285
3919,slab,17358.415531450748
3920,end,17386.69980269821
3921,slab,16697.53024439577
3922,slab,16742.251603945766
3923,slab,16762.251603945766
3924,end,16790.53587519323
3925,slab,15730.022722974969
3926,slab,15750.022722974969
3927,slab,15770.022722974969
3928,end,15790.022722974969
3929,slab,15317.785217943952
3930,slab,15366.775012799615
3931,slab,15415.764807655278
3932,end,15450.405823806655
3933,slab,17157.39775978447
3934,slab,17202.119119334468
3935,slab,17236.760135485845
3936,end,17265.04440673331
3937,slab,17232.41051033754
3938,slab,17295.656063540908
3939,slab,17330.297079692285
3940,end,17350.297079692285
3941,slab,16905.656772566876
3942,slab,16950.37813211687
3943,slab,16985.01914826825
3944,end,17013.303419515712
3945,slab,16862.898851567097
3946,slab,16947.751665309483
3947,slab,16982.39268146086
3948,end,17010.676952708323
3949,slab,15918.596059336029
3950,slab,15946.88033058349
3951,slab,15981.521346734868
3952,end,16016.162362886245
3953,slab,15518.86628422132
3954,slab,15538.86628422132
3955,slab,15558.86628422132
3956,end,15587.150555468781
3957,slab,16372.872951676367
3958,slab,16401.15722292383
3959,slab,16435.798239075208
3960,end,16470.439255226585
3961,slab,16379.201111965634
3962,slab,16413.842128117012
3963,slab,16442.126399364475
3964,end,16462.126399364475
3965,slab,15449.811666188012
3966,slab,15478.095937435473
3967,slab,15506.380208682935
3968,end,15534.664479930396
3969,slab,15122.685543748557
3970,slab,15157.326559899935
3971,slab,15177.326559899935
3972,end,15240.572113103302
3973,slab,16332.320059650247
3974,slab,16381.30985450591
3975,slab,16430.299649361572
3976,end,16450.299649361572
3977,slab,16281.993727582789
3978,slab,16321.993727582789
3979,slab,16370.983522438451
3980,end,16390.98352243845
3981,slab,16728.720111272753
3982,slab,16763.36112742413
3983,slab,16798.002143575508
3984,end,16818.002143575508
3985,slab,16241.207981454232
3986,slab,16285.929341004228
3987,slab,16334.919135859891
3988,end,16369.560152011269
3989,slab,14975.842676464341
3990,slab,14995.842676464341
3991,slab,15015.842676464341
3992,end,15050.483692615719
3993,slab,15585.72744482211
3994,slab,15614.011716069572
3995,slab,15648.65273222095
3996,end,15676.93700346841
3997,slab,15022.856671121961
3998,slab,15042.856671121961
3999,slab,15062.856671121961
4000,end,15091.140942369422
4001,slab,14779.827150082352
4002,slab,14814.46816623373
4003,slab,14834.46816623373
4004,end,14862.752437481191
4005,slab,16434.90422666017
4006,slab,16454.90422666017
4007,slab,16474.90422666017
4008,end,16494.90422666017
4009,slab,15630.639352827337
4010,slab,15658.923624074798
4011,slab,15693.564640226175
4012,end,15721.848911473637
4013,slab,15871.659752866299
4014,slab,15899.94402411376
4015,slab,15956.512566608684
4016,end,16031.345714344163
4017,slab,14855.404755435648
4018,slab,14900.126114985644
4019,slab,14949.115909841306
4020,end,14969.115909841306
4021,branch,15689.92532478242
4022,slab,15763.303398623188
4023,slab,15832.585430925943
4024,end,15867.22644707732
4025,slab,14785.355068101277
4026,slab,14813.639339348738
4027,slab,14833.639339348738
4028,end,14861.923610596199
4029,slab,16296.91804435048
4030,slab,16360.163597553847
4031,slab,16423.409150757216
4032,end,16451.69342200468
4033,branch,15600.25070632205
4034,branch,15744.034344234722
4035,slab,15832.578118719437
4036,end,15867.219134870815
4037,branch,15585.809003407634
4038,slab,15640.13862960247
4039,slab,15660.13862960247
4040,end,15694.779645753848
4041,slab,14650.372000568033
4042,slab,14678.656271815495
4043,slab,14706.940543062956
4044,end,14741.581559214334
4045,slab,15730.622069093068
4046,slab,15765.263085244445
4047,slab,15821.83162773937
4048,end,15850.11589898683
4049,slab,14491.381022205918
4050,slab,14536.102381755914
4051,slab,14570.743397907292
4052,end,14590.743397907292
4053,slab,14112.1580980691
4054,slab,14146.799114220477
4055,slab,14166.799114220477
4056,end,14201.440130371855
4057,slab,14836.732997553327
4058,slab,14856.732997553327
4059,slab,14876.732997553327
4060,end,14933.30154004825
4061,slab,14142.496795011833
4062,slab,14202.496795011833
4063,slab,14251.486589867496
4064,end,14271.486589867496
4065,slab,14603.395963556224
4066,slab,14631.680234803685
4067,slab,14666.321250955063
4068,end,14738.432276464342
4069,slab,13851.704990713342
4070,slab,13871.704990713342
4071,slab,13906.34600686472
4072,end,13940.987023016098
4073,branch,55640.13217851675
4074,slab,55688.22190991603
4075,end,55748.22190991603
4076,slab,54827.3864423189
4077,slab,54989.86721041162
4078,end,55097.57050655431
4079,slab,18264.177129044634
4080,slab,18308.89848859463
4081,end,18353.619848144626
4082,slab,18223.56787632649
4083,slab,18258.20889247787
4084,end,18286.493163725332
4085,slab,18408.516060532023
4086,slab,18436.800331779486
4087,end,18456.800331779486
4088,slab,18231.04012928426
4089,slab,18294.28568248763
4090,end,18314.28568248763
4091,slab,18111.72648562669
4092,slab,18183.837511135967
4093,end,18203.837511135967
4094,slab,18051.558675138906
4095,slab,18071.558675138906
4096,end,18091.558675138906
4097,slab,17487.034907314235
4098,slab,17531.75626686423
4099,end,17566.39728301561
4100,slab,17385.823350709787
4101,slab,17414.10762195725
4102,end,17442.391893204713
4103,branch,17310.107032417647
4104,slab,17455.709230203258
4105,end,17512.27777269818
4106,slab,18016.203078239123
4107,slab,18036.203078239123
4108,end,18064.487349486586
4109,slab,17905.275599800767
4110,slab,17933.55987104823
4111,end,17961.844142295693
4112,slab,16440.89320537309
4113,slab,16469.177476620553
4114,end,16503.81849277193
4115,slab,15842.926392536368
4116,slab,15862.926392536368
4117,end,15882.926392536368
4118,slab,17684.610076784018
4119,slab,17704.610076784018
4120,end,17724.610076784018
4121,slab,17313.277116220794
4122,slab,17362.26691107646
4123,end,17390.55118232392
4124,slab,17770.873796490512
4125,branch,17808.290370358252
4126,end,17850.716777229445
4127,slab,17413.530162141935
4128,slab,17441.814433389398
4129,end,17470.09870463686
4130,branch,17061.36339490888
4131,slab,17122.017277855815
4132,end,17150.30154910328
4133,slab,16259.380506403626
4134,slab,16294.021522555004
4135,end,16328.662538706381
4136,slab,16023.12065880917
4137,slab,16057.761674960548
4138,end,16077.761674960548
4139,slab,17758.721490900534
4140,slab,17798.721490900534
4141,end,17827.005762147997
4142,slab,17369.422928033033
4143,slab,17414.14428758303
4144,end,17434.14428758303
4145,slab,17704.836855168374
4146,slab,17724.836855168374
4147,end,17773.82665002404
4148,slab,17598.351648460193
4149,slab,17626.635919707656
4150,end,17646.635919707656
4151,slab,17513.593231323364
4152,slab,17548.234247474742
4153,end,17582.87526362612
4154,slab,16664.28352015407
4155,slab,16684.28352015407
4156,end,16718.924536305447
4157,slab,17576.43375975686
4158,slab,17661.286573499245
4159,end,17695.927589650622
4160,slab,17069.44290404669
4161,slab,17097.727175294152
4162,end,17132.36819144553
4163,slab,17083.269032371587
4164,slab,17111.55330361905
4165,end,17146.194319770428
4166,slab,16814.06389973684
4167,slab,16834.06389973684
4168,end,16862.348170984304
4169,slab,17253.900021658486
4170,slab,17288.541037809864
4171,end,17323.18205396124
4172,slab,15730.177452917442
4173,slab,15750.177452917442
4174,end,15784.81846906882
4175,slab,17382.033888077305
4176,slab,17410.31815932477
4177,end,17430.31815932477
4178,branch,17080.668336892155
4179,slab,17144.40392719692
4180,end,17244.40392719692
4181,slab,16480.048416375794
4182,slab,16514.68943252717
4183,end,16534.68943252717
4184,slab,17448.685791601154
4185,slab,17493.40715115115
4186,end,17528.048167302528
4187,slab,17180.484654622287
4188,slab,17243.730207825654
4189,end,17313.01224012841
4190,slab,17659.532779675494
4191,slab,17719.532779675494
4192,end,17747.817050922957
4193,slab,16599.303415302362
4194,slab,16627.587686549825
4195,end,16655.871957797288
4196,slab,17405.555789859714
4197,slab,17488.017902372067
4198,end,17516.30217361953
4199,slab,17349.265902047144
4200,slab,17369.265902047144
4201,end,17389.265902047144
4202,slab,16899.30506491508
4203,slab,16933.946081066457
4204,end,16953.946081066457
4205,slab,16831.374773081887
4206,slab,16866.015789233265
4207,end,16894.300060480728
4208,slab,16668.341460818294
4209,slab,16688.341460818294
4210,end,16716.625732065757
4211,slab,16399.753777529884
4212,slab,16419.753777529884
4213,end,16439.753777529884
4214,slab,15199.929743920467
4215,slab,15228.214015167929
4216,end,15256.49828641539
4217,slab,17196.02958177783
4218,slab,17224.313853025295
4219,end,17252.598124272758
4220,slab,16541.5501737004
4221,slab,16576.19118985178
4222,end,16625.180984707444
4223,slab,16300.552971811556
4224,slab,16320.552971811556
4225,end,16348.837243059017
4226,slab,17363.220084967594
4227,slab,17391.504356215057
4228,end,17411.504356215057
4229,slab,16294.564745363974
4230,slab,16322.849016611435
4231,end,16379.41755910636
4232,slab,16080.916694684975
4233,slab,16115.557710836352
4234,end,16143.841982083813
4235,branch,15270.0184748739
4236,slab,15339.300507176655
4237,end,15419.300507176655
4238,slab,17151.43404026509
4239,slab,17259.137336407777
4240,end,17287.42160765524
4241,branch,17283.69656852281
4242,slab,17376.50651083195
4243,end,17411.147526983328
4244,slab,16785.18129204039
4245,slab,16805.18129204039
4246,end,16825.18129204039
4247,slab,17085.18223946113
4248,slab,17160.01538719661
4249,end,17194.656403347988
4250,slab,17147.112405927674
4251,slab,17167.112405927674
4252,end,17201.75342207905
4253,slab,16766.82488093744
4254,slab,16795.109152184905
4255,end,16823.393423432368
4256,slab,16501.370427020127
4257,slab,16521.370427020127
4258,end,16549.65469826759
4259,slab,16501.27557069935
4260,slab,16561.27557069935
4261,end,16589.55984194681
4262,slab,16017.112609710217
4263,slab,16045.396880957678
4264,end,16080.037897109056
4265,slab,16248.895922617194
4266,slab,16277.180193864655
4267,end,16311.821210016033
4268,slab,15674.784723186718
4269,slab,15703.06899443418
4270,end,15731.35326568164
4271,slab,15240.713759181961
4272,slab,15300.713759181961
4273,end,15320.713759181961
4274,slab,16318.848359657883
4275,slab,16353.48937580926
4276,end,16381.773647056722
4277,slab,15463.265402889356
4278,slab,15497.906419040733
4279,end,15532.547435192111
4280,slab,15123.714361962799
4281,slab,15158.355378114176
4282,end,15186.639649361638
4283,slab,16933.625025130885
4284,slab,16993.625025130885
4285,end,17056.870578334252
4286,branch,16864.717865790873
4287,slab,16910.523127848475
4288,end,16930.523127848475
4289,slab,16659.165843068873
4290,slab,16679.165843068873
4291,end,16707.450114316336
4292,slab,16699.04556538803
4293,slab,16727.329836635494
4294,end,16755.614107882957
4295,slab,16348.44262977752
4296,slab,16383.083645928898
4297,end,16411.36791717636
4298,slab,15652.176766234461
4299,slab,15686.817782385839
4300,end,15715.1020536333
4301,slab,16578.262343395363
4302,slab,16618.262343395363
4303,end,16638.262343395363
4304,slab,16549.004415480216
4305,slab,16577.28868672768
4306,end,16605.572957975142
4307,slab,16712.087389951157
4308,slab,16772.087389951157
4309,end,16812.087389951157
4310,slab,15993.41212375243
4311,slab,16082.854842852423
4312,end,16122.854842852423
4313,slab,16496.232615599834
4314,slab,16524.516886847297
4315,end,16559.157902998675
4316,branch,16281.405747043218
4317,slab,16337.774487352643
4318,end,16366.058758600104
4319,slab,15861.264722338608
4320,slab,15881.264722338608
4321,end,15909.54899358607
4322,slab,14787.702823378548
4323,slab,14815.987094626009
4324,end,14844.27136587347
4325,slab,16473.17675767451
4326,slab,16501.461028921975
4327,end,16529.745300169438
4328,slab,16474.08958281551
4329,slab,16514.08958281551
4330,end,16548.73059896689
4331,slab,14829.829212144501
4332,slab,14849.829212144501
4333,end,14869.829212144501
4334,slab,14935.701117759461
4335,slab,14955.701117759461
4336,end,14983.985389006923
4337,slab,15736.794791047882
4338,slab,15776.794791047882
4339,end,15846.076823350637
4340,slab,15802.923497470536
4341,slab,15837.564513621914
4342,end,15857.564513621914
4343,branch,15814.216775368826
4344,slab,15867.291562681148
4345,end,15895.57583392861
4346,slab,15704.811149401601
4347,slab,15739.452165552979
4348,end,15759.452165552979
4349,slab,15665.658448032811
4350,branch,15766.624511335653
4351,end,15903.466707181355
4352,slab,15717.561758828799
4353,slab,15745.84603007626
4354,end,15765.84603007626
4355,slab,15725.099991087332
4356,slab,15745.099991087332
4357,end,15779.74100723871
4358,slab,14875.568488501161
4359,slab,14938.814041704529
4360,end,14967.09831295199
4361,slab,15591.40851179493
4362,slab,15611.40851179493
4363,end,15639.692783042392
4364,slab,15629.762994511639
4365,slab,15678.752789367301
4366,end,15707.037060614763
4367,branch,15833.931834804078
4368,branch,15933.954482447973
4369,end,15974.704814126359
4370,slab,15960.802574955516
4371,slab,16005.523934505512
4372,end,16033.808205752974
4373,slab,15517.658526908737
4374,slab,15577.658526908737
4375,end,15605.942798156198
4376,slab,16170.163656470178
4377,slab,16190.163656470178
4378,end,16210.163656470178
4379,slab,16168.145624373159
4380,slab,16202.786640524537
4381,end,16262.786640524537
4382,slab,15084.348078982277
4383,slab,15104.348078982277
4384,end,15124.348078982277
4385,branch,15437.1213938033
4386,slab,15532.5977120425
4387,end,15560.88198328996
4388,slab,14518.197533531027
4389,slab,14567.18732838669
4390,end,14587.18732838669
4391,slab,14482.832910207026
4392,slab,14502.832910207026
4393,end,14531.117181454487
4394,slab,14514.755610890079
4395,slab,14549.396627041457
4396,end,14569.396627041457
4397,slab,15163.767505204965
4398,slab,15223.767505204965
4399,end,15295.878530714244
4400,slab,15143.39972994829
4401,slab,15188.121089498287
4402,end,15216.405360745748
4403,slab,15073.02069902319
4404,slab,15093.02069902319
4405,end,15137.742058573187
4406,slab,14300.274798704437
4407,slab,14320.274798704437
4408,end,14354.915814855814
4409,slab,15026.47175366412
4410,slab,15054.756024911581
4411,end,15083.040296159043
4412,slab,15009.904275683504
4413,slab,15038.188546930965
4414,end,15058.188546930965
4415,slab,15070.154391842072
4416,slab,15186.773429738978
4417,end,15235.76322459464
4418,slab,14168.278483450562
4419,slab,14188.278483450562
4420,end,14208.278483450562
4421,slab,14297.671705257002
4422,slab,14325.955976504463
4423,end,14354.240247751924
4424,slab,14025.000988852029
4425,slab,14045.000988852029
4426,end,14065.000988852029
4427,slab,14779.31258989778
4428,slab,14799.31258989778
4429,end,14833.953606049157
4430,slab,14055.888398845447
4431,slab,14084.172670092908
4432,end,14112.45694134037
4433,slab,14106.278051227497
4434,slab,14134.562322474958
4435,end,14162.84659372242
4436,slab,13997.952935944933
4437,slab,14064.285431752041
4438,end,14092.569702999503
4439,slab,13978.572225152648
4440,slab,14018.572225152648
4441,end,14053.213241304025
4442,slab,14452.97905213957
4443,slab,14487.620068290948
4444,end,14507.620068290948
4445,slab,13616.023391248624
4446,slab,13672.591933743548
4447,end,13700.87620499101
4448,slab,13798.029547188744
4449,slab,13826.313818436205
4450,end,13860.954834587583
4451,slab,13645.906426849795
4452,slab,13674.190698097256
4453,end,13694.190698097256
4454,slab,1679.083208148601
4455,slab,1748.3652404513562
4456,end,1817.6472727541113
4457,slab,57428.737430927315
4458,end,57457.021702174774
4459,slab,55886.180635617515
4460,end,55930.90199516751
4461,slab,55653.04589367867
4462,end,55687.686909830045
4463,slab,55175.09156147752
4464,end,55231.66010397245
4465,slab,54883.70559079961
4466,end,54903.70559079961
4467,slab,54273.49406932019
4468,end,54360.67204819101
4469,slab,51010.43390854172
4470,end,51038.71817978918
4471,branch,44381.84254518298
4472,end,44488.79098979422
4473,slab,44345.25865261972
4474,end,44373.54292386718
4475,slab,44342.215964163646
4476,end,44424.678076676
4477,slab,44250.77039335271
4478,end,44310.77039335271
4479,slab,40095.15048294096
4480,end,40139.87184249095
4481,slab,38479.09269953483
4482,end,38499.09269953483
4483,slab,37156.96097114271
4484,end,37176.96097114271
4485,slab,36159.872092396094
4486,end,36188.15636364355
4487,slab,33272.09988029086
4488,end,33300.38415153832
4489,slab,32979.76326433494
4490,end,33008.0475355824
4491,slab,32925.30063478426
4492,end,32953.58490603172
4493,slab,17950.0597982619
4494,end,17984.700814413278
4495,slab,18862.24227061057
4496,end,18896.88328676195
4497,slab,18398.71253360532
4498,end,18458.71253360532
4499,slab,21244.235088015525
4500,end,21272.519359262988
4501,slab,18197.729255164697
4502,end,18226.01352641216
4503,slab,20271.428735557598
4504,end,20299.71300680506
4505,slab,17993.961732065167
4506,end,18022.24600331263
4507,slab,17358.214517136887
4508,end,17392.855533288264
4509,slab,17981.002491709067
4510,end,18001.002491709067
4511,slab,18050.953799292416
4512,end,18070.953799292416
4513,slab,17735.845066464954
4514,end,17764.129337712417
4515,slab,18033.511999737726
4516,end,18097.329065583934
4517,slab,16997.85173613541
4518,end,17032.492752286787
4519,slab,17266.878397093307
4520,end,17336.160429396063
4521,slab,17920.278098840292
4522,end,17983.52365204366
4523,slab,17929.18102251555
4524,end,18001.29204802483
4525,slab,17901.21966427829
4526,end,17935.86068042967
4527,slab,17152.958099738767
4528,end,17197.679459288764
4529,slab,17352.503220712668
4530,end,17372.503220712668
4531,slab,17041.675389021653
4532,end,17076.31640517303
4533,slab,17760.34521357468
4534,end,17794.98622972606
4535,slab,17729.585385057777
4536,end,17764.226401209155
4537,slab,17834.351657102216
4538,end,17854.351657102216
4539,slab,17585.964498717036
4540,end,17660.797646452516
4541,slab,17319.661004345107
4542,end,17354.302020496485
4543,slab,16692.46198279698
4544,end,16727.102998948358
4545,slab,17472.348215431874
4546,end,17500.632486679337
4547,slab,17470.098704636857
4548,end,17504.739720788235
4549,slab,17600.75581220069
4550,end,17649.745607056353
4551,slab,17116.55671422803
4552,end,17151.19773037941
4553,slab,17159.969014051
4554,end,17194.610030202377
4555,slab,16320.713298854489
4556,end,16340.713298854489
4557,slab,17015.194205067954
4558,end,17043.478476315417
4559,slab,17151.468297752956
4560,end,17179.75256900042
4561,slab,17529.199885242426
4562,end,17563.840901393804
4563,slab,16925.981545564093
4564,end,16960.62256171547
4565,slab,16964.451181502467
4566,end,17013.44097635813
4567,slab,17469.610541295937
4568,end,17529.610541295937
4569,slab,17576.382770093413
4570,end,17604.667041340876
4571,slab,17116.315649962442
4572,end,17144.599921209905
4573,slab,17502.540161495363
4574,end,17537.18117764674
4575,slab,16804.72977638584
4576,end,16833.014047633304
4577,slab,17459.125641407478
4578,end,17493.766657558856
4579,slab,17509.612497921018
4580,end,17537.89676916848
4581,slab,15929.85334832062
4582,end,15993.098901523987
4583,slab,17160.961283243407
4584,end,17195.602299394784
4585,slab,17642.46688890996
4586,end,17662.46688890996
4587,slab,17392.152538697715
4588,end,17436.87389824771
4589,slab,16819.029941946555
4590,end,16863.75130149655
4591,slab,16939.44456889193
4592,end,16967.728840139393
4593,slab,16849.64771280601
4594,end,16884.28872895739
4595,slab,16579.392105767856
4596,end,16624.113465317852
4597,slab,15893.229234746075
4598,end,15927.870250897453
4599,slab,17367.568552647117
4600,end,17395.85282389458
4601,slab,17356.521266136442
4602,end,17391.16228228782
4603,slab,16884.432965299224
4604,end,16924.432965299224
4605,slab,15371.998865145755
4606,end,15391.998865145755
4607,slab,17220.44515617034
4608,end,17255.086172321717
4609,slab,17299.084416401925
4610,end,17327.36868764939
4611,branch,17285.91507250792
4612,end,17321.692160147915
4613,slab,17155.306611910248
4614,end,17189.947628061625
4615,slab,17159.343218802245
4616,end,17187.62749004971
4617,slab,16463.099571260333
4618,end,16497.74058741171
4619,slab,15221.41222934761
4620,end,15249.696500595071
4621,slab,17272.35757379202
4622,end,17292.35757379202
4623,slab,16617.0618992865
4624,end,16651.702915437876
4625,slab,15309.148635012501
4626,end,15329.148635012501
4627,slab,16859.810266077246
4628,end,16899.810266077246
4629,slab,16987.464443517056
4630,end,17015.74871476452
4631,slab,16533.654999285925
4632,end,16573.654999285925
4633,slab,16095.606113238215
4634,end,16130.247129389592
4635,slab,16260.25252884921
4636,end,16280.25252884921
4637,slab,15353.6006172259
4638,end,15373.6006172259
4639,slab,16932.734386079443
4640,end,16967.37540223082
4641,slab,16232.081220268827
4642,end,16266.722236420204
4643,slab,15911.45602702255
4644,end,15946.097043173928
4645,slab,15113.666180285545
4646,end,15148.307196436923
4647,slab,15359.681030950589
4648,end,15394.322047101967
4649,slab,15087.205135905815
4650,end,15121.846152057193
4651,slab,15256.294597249129
4652,end,15276.294597249129
4653,slab,16055.882216089904
4654,end,16084.166487337365
4655,slab,14956.268406611855
4656,end,15016.268406611855
4657,slab,16698.458088821466
4658,end,16726.74236006893
4659,slab,16506.572308170904
4660,end,16555.56210302657
4661,slab,15946.526082429873
4662,end,15966.526082429873
4663,slab,15912.34525580773
4664,end,15940.629527055191
4665,slab,14906.804049873628
4666,end,14926.804049873628
4667,slab,15048.878944191652
4668,end,15077.163215439114
4669,slab,14917.750000105456
4670,end,14952.391016256834
4671,slab,16215.089576580316
4672,end,16243.373847827777
4673,slab,15773.830223361372
4674,end,15808.47123951275
4675,slab,14856.418845938262
4676,end,14876.418845938262
4677,slab,14879.103170838056
4678,end,14907.387442085517
4679,slab,16081.224679542607
4680,end,16144.470232745974
4681,slab,15583.58938766284
4682,end,15618.230403814217
4683,slab,15138.974543032382
4684,end,15173.61555918376
4685,slab,15660.265296173731
4686,end,15688.549567421192
4687,slab,15594.921437547278
4688,end,15614.921437547278
4689,slab,15584.1405079886
4690,end,15618.781524139979
4691,slab,15919.434527716683
4692,end,15982.68008092005
4693,slab,15434.098773820937
4694,end,15468.739789972315
4695,slab,15256.494969645986
4696,end,15284.779240893447
4697,slab,14582.295255402625
4698,end,14610.579526650086
4699,slab,14270.874552703237
4700,end,14299.158823950698
4701,slab,13967.847870761078
4702,end,14002.488886912455
4703,slab,14416.248229473662
4704,end,14444.532500721123
4705,slab,14428.915031658766
4706,end,14463.556047810143
4707,slab,14255.000496012974
4708,end,14318.24604921634
4709,slab,14114.477799072743
4710,end,14149.118815224121
4711,slab,14964.724671883374
4712,end,14993.008943130835
4713,slab,13896.054929151122
4714,end,13930.6959453025
4715,slab,13470.674858988401
4716,end,13505.315875139779
4717,slab,11903.430926056788
4718,end,11959.999468551712
4719,slab,1530.8634109752402
4720,end,1687.0684044933732
4721,branch,1401.2266020518919
4722,end,1529.5630615580262
4723,slab,1384.577178036616
4724,end,1419.2181941879935
4725,end,57375.00652101781
4726,end,57640.98527462373
4727,end,56618.93407874386
4728,end,56394.05466212519
4729,end,55887.51563417433
4730,end,55854.20046552334
4731,end,55723.197338036494
4732,end,55845.35035739022
4733,end,56184.23576378639
4734,end,56152.79787859293
4735,end,55837.413436898256
4736,end,56030.77128139139
4737,end,55741.91129942843
4738,end,55065.99501335515
4739,end,55485.806629016624
4740,end,54896.885337268664
4741,end,55469.24564267548
4742,end,55186.88872917277
4743,end,54237.370694600475
4744,end,53871.718932377305
4745,end,53896.82025122831
4746,end,53438.45342989401
4747,end,53348.810068976505
4748,end,52975.829912598434
4749,end,51848.70016100526
4750,end,44490.99374961868
4751,end,44402.376478931415
4752,end,44416.97290922029
4753,end,44172.95936722379
4754,end,42291.98558878235
4755,end,42300.70058758475
4756,end,42148.75406959243
4757,end,42000.95905779387
4758,end,40945.9577985781
4759,end,40869.01418761142
4760,end,40807.17661038647
4761,end,38208.75285889677
4762,end,38030.738077324924
4763,end,36055.944227689906
4764,end,35739.89043776914
4765,end,26125.20879418039
4766,end,25851.18248913923
4767,end,18011.301871712145
4768,end,17915.679361687806
4769,end,17381.162000842593
4770,end,17401.758546316763
4771,end,18066.166574744344
4772,end,17285.57306949083
4773,end,17299.105130929205
4774,end,17869.934510387942
4775,end,17905.672504409595
4776,end,17084.427446311107
4777,end,17169.473551246363
4778,end,17034.864447463384
4779,end,17605.13470283677
4780,end,16851.584398848096
4781,end,15604.39779705751
4782,end,17488.026831796604
4783,end,16680.024059015796
4784,end,17402.421115776833
4785,end,15755.468183738476
4786,end,17353.442844572455
4787,end,17365.8672975502
4788,end,17369.96181789489
4789,end,16785.4740903378
4790,end,15293.388317890436
4791,end,17152.658004566936
4792,end,17389.66666786185
4793,end,17406.556407867058
4794,end,15294.294405910305
4795,end,17245.64567307989
4796,end,16439.98056432934
4797,end,15139.38908615638
4798,end,16818.391654886567
4799,end,16151.835617504068
4800,end,15323.380866343074
4801,end,16850.529382820765
4802,end,15431.408948423925
4803,end,15011.579430154057
4804,end,16306.171314300427
4805,end,16135.901051484621
4806,end,15703.007040375414
4807,end,14901.318898240048
4808,end,16742.100408576913
4809,end,15926.667979068245
4810,end,14658.872822725545
4811,end,16482.55091906577
4812,end,15639.799647533775
4813,end,15847.57177707908
4814,end,16371.681856228339
4815,end,16039.655285871591
4816,end,16066.25211991151
4817,end,15592.396604247706
4818,end,15901.200527626197
4819,end,15888.000164155592
4820,end,14802.969361792575
4821,end,15962.112123712572
4822,end,15496.617526824808
4823,end,15146.747645429547
4824,end,15217.584381515066
4825,end,14973.207936670959
4826,end,14222.39266864607
4827,end,14089.365469110062
4828,end,14140.741241809665
4829,end,15080.549850407207
4830,end,14169.981041215648
4831,end,14238.98094704007
4832,end,13942.306765292418
4833,end,13596.344436458296
4834,end,13713.149671714733
4835,end,13601.5809201973
4836,end,12514.432946822166
4837,end,11284.237010108858
4838,end,11111.548085605638
4839,end,2554.5659641994016
4840,end,1536.3758877881328
4841,end,1464.49489677303
4842,end,1486.491657327014
4843,end,1342.6702998225096
4844,end,1316.34751044233
4845,end,966.5672930089196
4846,end,1060.080420588375
4847,end,292.64695603379977
