node_id,type,distance_to_root
1,root,0.0
2,slab,34.64101615137755
3,slab,94.64101615137756
4,slab,184.08373525136915
5,slab,244.08373525136915
6,slab,353.6282467524024
7,slab,447.436561948871
8,slab,649.4266607161126
9,branch,1073.5350525774152
10,branch,1334.07377915598
11,branch,1528.6021886816309
12,branch,1672.9925198592389
13,branch,1742.357135077377
14,branch,1837.970464443326
15,branch,1978.321157465699
16,slab,2065.61376883688
17,slab,2134.895801139635
18,slab,2249.7870540703952
19,slab,2309.7870540703952
20,branch,2388.9439202025987
21,slab,2445.914554795094
22,slab,2525.914554795094
23,slab,2565.914554795094
24,slab,2600.5555709464716
25,slab,2704.478619400604
26,slab,2786.9407319129573
27,slab,2876.383451012949
28,slab,2942.715946820057
29,slab,3025.17805933241
30,slab,3114.620778432402
31,slab,3194.620778432402
32,slab,3277.082890944755
33,slab,3366.525610044747
34,slab,3448.9877225571
35,slab,3488.9877225571
36,slab,3523.6287387084776
37,slab,3625.6091289803335
38,slab,3710.461942722719
39,slab,3795.3147564651044
40,slab,3880.16757020749
41,slab,3971.8190841066066
42,slab,4056.6718978489926
43,slab,4101.393257398989
44,slab,4150.383052254652
45,slab,4195.104411804648
46,slab,4239.8257713546445
47,slab,4331.477285253762
48,slab,4376.198644803758
49,slab,4420.920004353754
50,slab,4465.64136390375
51,slab,4500.282380055128
52,slab,4545.003739605124
53,slab,4579.644755756502
54,slab,4599.644755756502
55,slab,4659.644755756502
56,slab,4767.348051899192
57,slab,4861.15636709566
58,slab,4930.438399398416
59,slab,4999.720431701171
60,slab,5048.710226556835
61,slab,5083.351242708212
62,slab,5149.68373851532
63,slab,5232.145851027673
64,slab,5266.786867179051
65,slab,5306.786867179051
66,slab,5404.766456890378
67,slab,5521.385494787284
68,slab,5603.847607299637
69,slab,5735.3493128244945
70,slab,5930.563746508191
71,slab,5979.5535413638545
72,slab,6042.799094567222
73,slab,6071.083365814684
74,slab,6091.083365814684
75,slab,6111.083365814684
76,slab,6155.80472536468
77,slab,6175.80472536468
78,slab,6204.088996612142
79,slab,6248.810356162138
80,slab,6333.663169904524
81,slab,6390.231712399447
82,slab,6424.872728550825
83,slab,6524.872728550825
84,slab,6588.118281754192
85,slab,6632.839641304188
86,slab,6652.839641304188
87,slab,6672.839641304188
88,slab,6692.839641304188
89,slab,6732.839641304188
90,slab,6812.839641304188
91,slab,6857.561000854184
92,slab,6877.561000854184
93,slab,6897.561000854184
94,slab,6917.561000854184
95,slab,6937.561000854184
96,slab,6977.561000854184
97,slab,7022.2823604041805
98,slab,7050.566631651643
99,slab,7070.566631651643
100,slab,7090.566631651643
101,slab,7118.850902899105
102,slab,7138.850902899105
103,slab,7158.850902899105
104,slab,7193.4919190504825
105,slab,7253.4919190504825
106,slab,7281.776190297945
107,slab,7326.497549847941
108,slab,7408.959662360294
109,slab,7478.241694663049
110,branch,7629.503087833021
111,slab,7855.989862422003
112,slab,8020.914087446709
113,slab,8275.472528673867
114,slab,8469.37972297052
115,slab,8625.584716488653
116,slab,8801.084004236494
117,slab,8952.080692941909
118,slab,9173.891423070098
119,slab,9401.047756902108
120,slab,9529.110241650764
121,slab,9691.591009743483
122,slab,9833.012365980792
123,slab,10018.484735890706
124,slab,10206.101366283643
125,slab,10275.383398586398
126,slab,10362.561377457212
127,slab,10437.39452519269
128,slab,10512.22767292817
129,slab,10673.47282789414
130,slab,10845.519333234994
131,slab,10973.58181798365
132,slab,11153.58181798365
133,slab,11305.897280100928
134,slab,11397.548794000044
135,slab,11549.864256117322
136,slab,11746.841412153244
137,slab,11925.726850353227
138,slab,12114.406472994358
139,slab,12254.406472994358
140,slab,12398.628524012918
141,slab,12544.230721798529
142,slab,12689.83291958414
143,slab,12890.830432006558
144,slab,13069.71587020654
145,slab,13260.50371048993
146,slab,13347.681689360743
147,slab,13455.384985503433
148,slab,13638.688013301668
149,slab,13791.003475418946
150,slab,13940.669770889903
151,slab,14092.98523300718
152,slab,14246.608147964553
153,slab,14412.740625222914
154,slab,14548.387224885419
155,slab,14657.931736386452
156,slab,14855.921635118686
157,slab,15009.544550076058
158,slab,15175.67702733442
159,slab,15333.157184814656
160,slab,15490.637342294893
161,slab,15671.745045057642
162,slab,15811.745045057642
163,slab,15975.452100495091
164,slab,16093.773696157083
165,slab,16251.25385363732
166,slab,16447.213033059972
167,slab,16579.878024674188
168,slab,16743.585080111636
169,slab,16899.79007362977
170,slab,17049.456369100728
171,slab,17216.788374407544
172,slab,17350.952453057533
173,slab,17458.65574920022
174,slab,17578.65574920022
175,slab,17693.54700213098
176,slab,17839.149199916592
177,slab,17959.149199916592
178,slab,18203.280312231265
179,slab,18319.899350128173
180,slab,18449.51416409633
181,slab,18572.80244415571
182,slab,18714.223800393018
183,slab,18849.870400055523
184,slab,18969.870400055523
185,slab,19104.03447870551
186,slab,19245.45583494282
187,slab,19422.091052269378
188,slab,19583.33620723535
189,slab,19755.3827125762
190,slab,19917.86348066892
191,slab,20045.925965417577
192,slab,20246.923477839995
193,slab,20392.525675625606
194,slab,20562.231303110377
195,slab,20706.453354128935
196,slab,20863.93351160917
197,slab,20993.54832557733
198,slab,21056.793878780696
199,slab,21131.627026516177
200,slab,21203.738052025456
201,slab,21322.05964768745
202,slab,21406.912461429834
203,slab,21563.11745494797
204,slab,21665.097845219825
205,slab,21849.488734365685
206,slab,22108.718362302
207,slab,22281.923443058888
208,slab,22439.403600539124
209,slab,22585.005798324735
210,slab,22719.169876974724
211,slab,22834.061129905484
212,slab,22963.67594387364
213,slab,23093.290757841798
214,slab,23213.290757841798
215,slab,23360.260142408788
216,slab,23445.112956151173
217,slab,23756.239939873256
218,slab,23885.854753841413
219,slab,24040.208895656855
220,slab,24137.145800886912
221,slab,24317.145800886912
222,slab,24464.115185453902
223,slab,24609.717383239513
224,slab,24763.340298196887
225,slab,24920.820455677123
226,slab,25114.727649973778
227,slab,25261.697034540768
228,slab,25404.525603111626
229,slab,25532.588087860284
230,slab,25647.479340791044
231,slab,25732.33215453343
232,slab,25948.66523106127
233,slab,26094.26742884688
234,slab,26154.26742884688
235,slab,26269.15868177764
236,slab,26440.038756683993
237,slab,26601.283911649964
238,slab,26750.95020712092
239,slab,26850.95020712092
240,slab,26980.565021089078
241,slab,27153.770101845967
242,slab,27335.97877342885
243,slab,27480.20082444741
244,slab,27694.67693034268
245,slab,27840.27912812829
246,slab,28006.411605386653
247,slab,28124.733201048646
248,slab,28243.05479671064
249,slab,28371.117281459297
250,slab,28494.405561518677
251,slab,28622.468046267335
252,slab,28755.13303788155
253,slab,28873.454633543544
254,slab,29035.935401636263
255,branch,29142.001418814245
256,branch,29358.778524965288
257,slab,29537.572688219352
258,slab,29652.681332551565
259,slab,29794.98382725914
260,slab,29913.305422921134
261,slab,30048.95202258364
262,slab,30163.8432755144
263,slab,30291.905760263056
264,slab,30431.905760263056
265,slab,30589.385917743293
266,slab,30746.86607522353
267,slab,30861.75732815429
268,slab,30976.64858108505
269,slab,31091.53983401581
270,slab,31206.43108694657
271,slab,31363.911244426807
272,slab,31509.513442212417
273,slab,31637.575926961075
274,slab,31784.545311528065
275,slab,31901.164349424973
276,slab,32041.164349424973
277,slab,32197.369342943108
278,slab,32347.035638414065
279,slab,32487.035638414065
280,slab,32651.959863438773
281,slab,32775.24814349815
282,slab,32857.710256010505
283,slab,32951.51857120697
284,slab,33131.51857120697
285,slab,33287.72356472511
286,slab,33469.93223630799
287,slab,33619.59853177895
288,slab,33780.84368674493
289,slab,33955.19964448655
290,slab,34112.679801966784
291,slab,34298.152171876696
292,slab,34440.98074044755
293,slab,34602.225895413525
294,slab,34763.4710503795
295,slab,34906.299618950354
296,slab,35021.19087188112
297,slab,35136.08212481188
298,slab,35278.910693382735
299,slab,35393.8019463135
300,slab,35536.63051488435
301,slab,35661.40447739031
302,slab,35835.785712495854
303,slab,35980.00776351441
304,slab,36122.836332085266
305,slab,36269.805716652256
306,slab,36415.40791443786
307,slab,36588.61299519475
308,slab,36722.777073844736
309,slab,36852.39188781289
310,slab,36965.528972802735
311,slab,37108.35754137359
312,slab,37242.52162002357
313,slab,37299.0901625185
314,slab,37371.20118802778
315,branch,37495.95320798919
316,slab,37596.96363095113
317,slab,37720.25191101051
318,slab,37786.58440681762
319,slab,37869.046519329975
320,slab,38035.178996588336
321,slab,38180.78119437394
322,slab,38334.40410933131
323,slab,38498.111164768765
324,branch,38633.76889497923
325,slab,38726.52030711594
326,slab,38828.5006973878
327,slab,38891.74625059117
328,slab,38995.6692990453
329,slab,39085.11201814529
330,slab,39225.11201814529
331,slab,39372.08140271228
332,slab,39495.36968277166
333,slab,39621.8607891784
334,slab,39764.68935774925
335,slab,39907.517926320106
336,slab,40029.17317692607
337,slab,40131.15356719793
338,slab,40233.133957469785
339,slab,40335.11434774164
340,slab,40480.71654552725
341,slab,40646.84902278561
342,slab,40748.829413057465
343,slab,40934.30178296738
344,slab,41055.957033573344
345,slab,41175.957033573344
346,slab,41346.837108479696
347,slab,41429.29922099205
348,slab,41641.90213724674
349,slab,41858.23521377458
350,slab,41979.89046438054
351,slab,42181.88056314779
352,slab,42351.58619063256
353,slab,42535.977079778415
354,slab,42702.109557036776
355,slab,42868.24203429514
356,slab,43034.3745115535
357,slab,43160.86561796023
358,slab,43282.5208685662
359,slab,43429.49025313319
360,slab,43565.136852795695
361,slab,43710.7390505813
362,slab,43854.96110159986
363,slab,44043.64072424099
364,slab,44206.12149233371
365,slab,44351.72369011932
366,branch,44559.39652639899
367,slab,44913.68029868251
368,slab,45076.16106677523
369,slab,45192.780104672136
370,slab,45348.98509819027
371,slab,45510.230253156245
372,slab,45653.0588217271
373,slab,45716.30437493047
374,slab,45957.96529440236
375,slab,46150.838309622224
376,slab,46314.545365059676
377,slab,46447.210356673895
378,slab,46627.210356673895
379,slab,46825.200255406126
380,slab,47010.67262531604
381,slab,47138.73511006469
382,slab,47266.797594813346
383,slab,47405.36165941886
384,slab,47556.358348124275
385,slab,47684.42083287293
386,slab,47835.41752157835
387,slab,47976.83887781566
388,slab,48138.08403278163
389,slab,48245.78732892432
390,slab,48385.78732892432
391,slab,48532.75671349131
392,slab,48679.7260980583
393,slab,48873.633292354956
394,slab,49034.87844732093
395,slab,49191.083440839066
396,slab,49333.91200940992
397,branch,49445.49763578531
398,branch,49452.233766060766
399,slab,49674.04449618895
400,slab,49847.24957694584
401,branch,50014.58158225266
402,slab,50116.56197252451
403,slab,50304.17860291745
404,slab,50471.510608224264
405,branch,50759.90029071162
406,branch,50916.47626089038
407,slab,51126.19865026984
408,slab,51283.678807750075
409,slab,51500.01188427791
410,branch,51626.741985650035
411,branch,51814.881650153635
412,slab,52094.389899626934
413,slab,52219.09912865086
414,slab,52277.386948379695
415,branch,52413.0335480422
416,branch,52592.99924155547
417,branch,52679.799763035546
418,slab,52766.97774190636
419,slab,52860.78605710283
420,slab,52970.33056860386
421,slab,53074.25361705799
422,branch,53215.6749732953
423,branch,53352.55566420801
424,slab,53474.59964446262
425,slab,53624.783346039716
426,branch,53714.22606513971
427,slab,53836.86032662703
428,slab,53900.80825756924
429,branch,54002.788647841095
430,slab,54082.788647841095
431,branch,54132.788647841095
432,slab,54186.64029591244
433,branch,54273.818274783254
434,branch,54409.87718043234
435,slab,54538.4392186918
436,slab,54640.41960896365
437,slab,54689.409403819314
438,slab,54724.05041997069
439,slab,54780.61896246562
440,slab,54837.187504960544
441,slab,54881.90886451054
442,slab,54938.47740700546
443,slab,54966.76167825292
444,slab,55023.33022074785
445,slab,55057.971236899226
446,slab,55102.69259644922
447,slab,55147.41395599921
448,slab,55182.05497215059
449,slab,55226.77633170058
450,slab,55271.49769125057
451,slab,55316.219050800566
452,slab,55365.20884565623
453,slab,55437.319871165506
454,slab,55486.30966602117
455,slab,55575.75238512116
456,slab,55669.56070031763
457,slab,55704.201716469004
458,slab,55732.48598771646
459,slab,55767.12700386784
460,branch,55816.85726298553
461,slab,55938.3853471242
462,slab,56079.03760929133
463,branch,56182.54946946186
464,slab,56299.53971732901
465,end,56356.10825982394
466,slab,7762.845374125557
467,branch,7952.102281826648
468,branch,8388.469356647354
469,slab,8528.469356647354
470,slab,8632.392405101487
471,slab,8732.392405101487
472,branch,8867.826316865561
473,branch,8944.311609569453
474,branch,9007.47260183211
475,branch,9031.702018034892
476,branch,9106.410862273515
477,branch,9223.742329845618
478,branch,9311.27805693548
479,branch,9422.563038450275
480,branch,9442.563038450275
481,branch,9462.563038450275
482,branch,9579.18207634718
483,branch,9718.619039039795
484,branch,9829.288563988986
485,slab,9962.25711216759
486,branch,10028.82060044265
487,slab,10147.40796737667
488,branch,10293.69630650479
489,slab,10389.655713820403
490,branch,10470.154161010394
491,branch,10479.098432920393
492,branch,10628.76472839135
493,branch,10720.416242290466
494,branch,10778.094323534093
495,branch,10824.339290756985
496,branch,10909.200714562536
497,slab,10980.061881645115
498,branch,11029.650242653757
499,branch,11090.667831695962
500,slab,11203.80491668581
501,branch,11312.48276326549
502,slab,11428.87571687393
503,slab,11477.865511729593
504,branch,11538.073484623554
505,branch,11624.096288211449
506,branch,11669.353397036899
507,slab,11762.09167059998
508,slab,11805.319770192264
509,branch,11850.04112974226
510,slab,11957.74442588495
511,slab,11992.385442036328
512,slab,12055.630995239695
513,slab,12165.175506740728
514,slab,12185.175506740728
515,slab,12205.175506740728
516,slab,12225.175506740728
517,slab,12245.175506740728
518,slab,12265.175506740728
519,slab,12285.175506740728
520,slab,12305.175506740728
521,slab,12333.45977798819
522,branch,12345.063729080224
523,slab,12368.10079418076
524,slab,12402.741810332138
525,slab,12431.0260815796
526,slab,12459.31035282706
527,slab,12493.951368978438
528,slab,12528.592385129816
529,slab,12556.876656377277
530,slab,12585.160927624738
531,slab,12619.801943776116
532,slab,12648.086215023577
533,slab,12668.086215023577
534,slab,12688.086215023577
535,slab,12708.086215023577
536,slab,12728.086215023577
537,branch,12808.074179940526
538,slab,12913.060917943738
539,slab,12969.629460438662
540,slab,13004.27047659004
541,slab,13038.911492741418
542,slab,13095.480035236342
543,slab,13123.764306483803
544,slab,13172.754101339466
545,slab,13207.395117490843
546,slab,13242.036133642221
547,slab,13270.320404889682
548,end,13298.604676137144
549,slab,8590.459455414595
550,branch,8695.458168768362
551,branch,8735.051725931484
552,branch,8832.69128350877
553,branch,8873.51786613315
554,branch,8930.888468848707
555,branch,9240.573090938413
556,branch,9301.35051792275
557,branch,9422.120709366141
558,branch,9551.116833338918
559,branch,9667.82158902608
560,branch,9832.536745511661
561,branch,9901.809290393423
562,branch,10055.166026142775
563,branch,10099.743786566936
564,branch,10183.342975209973
565,branch,10237.811777946003
566,slab,10320.273890458357
567,slab,10435.165143389117
568,branch,10502.596434826708
569,branch,10542.901746231551
570,branch,10602.479334830477
571,branch,10709.2475965917
572,slab,10765.816139086624
573,branch,10805.816139086624
574,branch,10865.816139086624
575,slab,10925.816139086624
576,branch,10985.899414629823
577,branch,11085.213830520837
578,slab,11168.542174854554
579,slab,11228.542174854554
580,slab,11248.542174854554
581,slab,11283.183191005932
582,branch,11311.467462253393
583,slab,11339.751733500854
584,slab,11368.036004748315
585,slab,11396.320275995777
586,slab,11416.320275995777
587,branch,11461.041635545773
588,slab,11550.484354645765
589,slab,11570.484354645765
590,slab,11598.768625893226
591,slab,11618.768625893226
592,slab,11638.768625893226
593,slab,11658.768625893226
594,slab,11687.052897140687
595,slab,11707.052897140687
596,slab,11735.337168388149
597,slab,11763.62143963561
598,slab,11798.262455786988
599,slab,11818.262455786988
600,slab,11838.262455786988
601,slab,11858.262455786988
602,slab,11878.262455786988
603,slab,11906.546727034449
604,slab,11934.83099828191
605,slab,11954.83099828191
606,slab,11989.472014433288
607,slab,12024.113030584665
608,slab,12044.113030584665
609,slab,12064.113030584665
610,slab,12092.397301832127
611,slab,12127.038317983504
612,slab,12155.322589230966
613,slab,12189.963605382343
614,branch,12267.738494892397
615,slab,12333.745329298397
616,slab,12390.313871793322
617,slab,12439.303666648984
618,end,12459.303666648984
619,slab,8203.087164812814
620,branch,8456.629869242188
621,slab,8660.640430780948
622,slab,8806.242628566559
623,slab,8951.84482635217
624,slab,9200.038299271986
625,branch,9355.601791133027
626,branch,9431.409813999157
627,branch,9551.571511703858
628,branch,9643.224644342148
629,branch,9684.497085211391
630,branch,9714.275443554496
631,branch,9840.227478079212
632,branch,9968.094596604657
633,branch,10089.028462829136
634,slab,10220.272510313203
635,branch,10355.649118689913
636,branch,10488.49360955213
637,slab,10626.8375604565
638,branch,10724.048670932618
639,slab,10830.491143658499
640,branch,11043.563901185124
641,branch,11082.38986404355
642,branch,11138.020768230075
643,branch,11213.519112582782
644,branch,11245.830351081306
645,slab,11341.869227094468
646,branch,11401.869227094468
647,branch,11414.182152319368
648,branch,11531.484041168585
649,branch,11631.436279766642
650,branch,11656.703847927487
651,branch,11729.198562465186
652,branch,11756.655275625444
653,branch,11764.519678229313
654,branch,11858.634756985879
655,branch,11937.351297501598
656,branch,12028.538895188125
657,slab,12097.82092749088
658,slab,12132.461943642258
659,slab,12192.461943642258
660,slab,12241.45173849792
661,slab,12301.45173849792
662,slab,12361.45173849792
663,branch,12432.420366864237
664,slab,12482.388162364903
665,slab,12567.240976107289
666,branch,12627.240976107289
667,branch,12700.725668390784
668,branch,12757.879717019874
669,branch,12811.634445022733
670,branch,12854.424454699421
671,slab,12923.321395420358
672,branch,12992.747615251197
673,branch,13041.941110756192
674,branch,13094.13627112943
675,slab,13154.767511149637
676,slab,13199.488870699633
677,slab,13227.773141947095
678,slab,13256.057413194556
679,slab,13284.341684442017
680,branch,13312.625955689478
681,slab,13352.625955689478
682,slab,13372.625955689478
683,end,13392.625955689478
684,slab,10018.202736279542
685,branch,10158.52547658896
686,branch,10193.117670584783
687,branch,10362.608574662085
688,branch,10439.856416476217
689,slab,10537.016078888146
690,branch,10589.050181296236
691,branch,10680.028168422676
692,branch,10729.44527072735
693,slab,10786.013813222275
694,slab,10842.582355717199
695,slab,10887.303715267195
696,slab,10921.944731418573
697,branch,10960.270747624527
698,slab,10978.513273990658
699,slab,10998.513273990658
700,slab,11026.79754523812
701,slab,11055.081816485581
702,slab,11089.722832636959
703,slab,11124.363848788336
704,slab,11152.648120035798
705,slab,11180.932391283259
706,slab,11209.21666253072
707,branch,11229.21666253072
708,slab,11249.21666253072
709,branch,11305.785205025644
710,slab,11354.774999881307
711,slab,11389.416016032685
712,slab,11434.13737558268
713,slab,11483.127170438343
714,slab,11511.411441685805
715,slab,11546.052457837182
716,slab,11602.621000332107
717,slab,11671.903032634862
718,slab,11735.14858583823
719,slab,11807.259611347508
720,slab,11827.259611347508
721,slab,11847.259611347508
722,slab,11867.259611347508
723,slab,11887.259611347508
724,slab,11927.259611347508
725,slab,11947.259611347508
726,slab,11975.54388259497
727,slab,11995.54388259497
728,slab,12015.54388259497
729,slab,12035.54388259497
730,slab,12055.54388259497
731,slab,12090.184898746347
732,slab,12124.825914897725
733,slab,12209.67872864011
734,slab,12269.67872864011
735,slab,12326.247271135035
736,slab,12346.247271135035
737,slab,12366.247271135035
738,slab,12386.247271135035
739,slab,12414.531542382496
740,slab,12442.815813629957
741,slab,12477.456829781335
742,slab,12497.456829781335
743,slab,12525.741101028796
744,slab,12560.382117180174
745,end,12588.666388427635
746,branch,9108.36482078519
747,branch,9192.561120466562
748,branch,9297.931102956793
749,branch,9398.307111684995
750,slab,9502.230160139128
751,branch,9599.312599333865
752,slab,9644.312599333865
753,slab,9689.033958883861
754,branch,9749.062246183013
755,branch,9765.311457783338
756,branch,9870.683418000466
757,slab,9948.465163930987
758,slab,10011.710717134354
759,slab,10086.543864869833
760,branch,10183.62630406457
761,slab,10228.62630406457
762,slab,10308.62630406457
763,branch,10425.673303171767
764,branch,10537.476702046757
765,slab,10582.198061596753
766,branch,10654.309087106032
767,branch,10691.725660973772
768,branch,10729.142234841513
769,branch,10767.089566763532
770,branch,10834.61733882807
771,slab,10854.61733882807
772,slab,10874.61733882807
773,branch,10940.683021125624
774,branch,11003.200413725135
775,branch,11086.025930648739
776,branch,11164.048787900074
777,branch,11230.381283707182
778,slab,11270.381283707182
779,slab,11310.381283707182
780,slab,11338.665554954643
781,slab,11366.949826202104
782,slab,11386.949826202104
783,slab,11406.949826202104
784,slab,11451.6711857521
785,slab,11479.955456999562
786,slab,11514.59647315094
787,slab,11534.59647315094
788,slab,11554.59647315094
789,end,11582.8807443984
790,branch,9972.566242081553
791,slab,10047.399389817032
792,branch,10123.294053661073
793,slab,10218.37296825311
794,branch,10317.367917619227
795,branch,10369.304765921623
796,branch,10434.168615823444
797,slab,10516.630728335798
798,branch,10556.630728335798
799,slab,10636.630728335798
800,branch,10719.092840848152
801,branch,10810.904439733813
802,branch,10920.765122828092
803,branch,11022.745513099948
804,slab,11085.991066303315
805,branch,11120.632082454693
806,slab,11148.916353702154
807,slab,11183.557369853532
808,slab,11211.841641100993
809,slab,11240.125912348454
810,slab,11274.766928499832
811,slab,11303.051199747293
812,slab,11331.335470994754
813,slab,11365.976487146132
814,slab,11440.80963488161
815,slab,11523.271747393965
816,slab,11543.271747393965
817,slab,11563.271747393965
818,slab,11591.556018641426
819,slab,11611.556018641426
820,slab,11639.840289888887
821,slab,11659.840289888887
822,slab,11688.124561136348
823,slab,11708.124561136348
824,slab,11736.40883238381
825,slab,11781.130191933806
826,slab,11815.771208085183
827,slab,11835.771208085183
828,slab,11855.771208085183
829,slab,11884.055479332645
830,slab,11928.77683888264
831,slab,11973.498198432637
832,end,12042.780230735392
833,slab,37622.4562807659
834,slab,37642.4562807659
835,slab,37662.4562807659
836,slab,37682.4562807659
837,slab,37710.74055201336
838,slab,37755.461911563354
839,slab,37812.03045405828
840,slab,37856.75181360827
841,slab,37916.75181360827
842,slab,38024.45510975096
843,slab,38069.17646930095
844,slab,38109.17646930095
845,slab,38129.17646930095
846,slab,38149.17646930095
847,slab,38193.897828850946
848,slab,38257.14338205432
849,slab,38301.86474160431
850,slab,38365.11029480768
851,slab,38428.35584801105
852,slab,38448.35584801105
853,slab,38468.35584801105
854,slab,38488.35584801105
855,slab,38508.35584801105
856,slab,38528.35584801105
857,slab,38548.35584801105
858,slab,38568.35584801105
859,slab,38624.92439050598
860,slab,38659.565406657355
861,slab,38742.02751916971
862,slab,38831.4702382697
863,slab,38876.19159781969
864,slab,38896.19159781969
865,slab,38959.43715102306
866,slab,39004.158510573056
867,slab,39038.79952672443
868,slab,39095.36806921936
869,branch,39254.22789859954
870,branch,39381.3836669099
871,slab,39497.83822685371
872,end,39580.30033936606
873,branch,10303.876378197594
874,slab,10378.096280558097
875,branch,10478.096280558097
876,slab,10544.428776365205
877,slab,10629.28159010759
878,branch,10685.850132602514
879,slab,10734.839927458177
880,branch,10837.016245653735
881,branch,10901.20347179726
882,branch,11017.513027957511
883,branch,11094.279355889716
884,slab,11166.390381398995
885,slab,11201.031397550372
886,slab,11245.752757100368
887,slab,11265.752757100368
888,slab,11294.03702834783
889,slab,11328.678044499207
890,slab,11356.962315746669
891,slab,11376.962315746669
892,slab,11405.24658699413
893,slab,11425.24658699413
894,slab,11445.24658699413
895,slab,11465.24658699413
896,slab,11499.887603145507
897,slab,11519.887603145507
898,slab,11539.887603145507
899,slab,11559.887603145507
900,slab,11594.528619296885
901,slab,11622.812890544346
902,slab,11671.802685400009
903,branch,11730.425580828727
904,slab,11780.392399127937
905,slab,11808.676670375398
906,slab,11828.676670375398
907,slab,11856.96094162286
908,slab,11876.96094162286
909,slab,11905.24521287032
910,slab,11939.886229021698
911,end,11968.17050026916
912,branch,10659.12793765487
913,branch,10716.051704202286
914,branch,10777.006170122566
915,branch,10857.739890944
916,branch,10954.95760410596
917,branch,11038.032138618375
918,branch,11159.435126516453
919,slab,11246.25911064861
920,slab,11306.25911064861
921,branch,11366.25911064861
922,branch,11466.55310621982
923,branch,11473.96263877174
924,branch,11546.073664281019
925,slab,11648.054054552875
926,slab,11708.054054552875
927,slab,11768.054054552875
928,branch,11808.054054552875
929,slab,11890.516167065229
930,branch,11978.457625325094
931,slab,12025.124966216466
932,slab,12059.765982367844
933,slab,12116.334524862768
934,branch,12191.167672598247
935,branch,12271.156111227408
936,slab,12308.224801713195
937,slab,12336.509072960656
938,branch,12368.8970698975
939,slab,12415.385453882976
940,slab,12435.385453882976
941,branch,12463.669725130438
942,slab,12508.391084680434
943,slab,12553.11244423043
944,slab,12622.394476533185
945,slab,12650.678747780647
946,slab,12685.319763932024
947,slab,12719.960780083402
948,slab,12748.245051330863
949,end,12776.529322578324
950,branch,10644.310465193075
951,branch,10710.552750130422
952,branch,10844.754358033311
953,branch,10861.17707835718
954,branch,10966.409608642904
955,branch,11070.476894568885
956,slab,11225.49302276205
957,branch,11365.49302276205
958,branch,11418.89276235332
959,branch,11425.493022834205
960,branch,11527.473413106061
961,slab,11567.473413106061
962,slab,11616.463207961724
963,branch,11656.463207961724
964,branch,11686.463207961724
965,slab,11743.908834427104
966,slab,11800.477376922028
967,slab,11860.477376922028
968,branch,11931.364611315817
969,slab,11976.364611315817
970,slab,12011.005627467195
971,slab,12039.289898714656
972,slab,12067.574169962118
973,slab,12116.56396481778
974,slab,12185.845997120536
975,slab,12252.178492927644
976,slab,12296.89985247764
977,slab,12331.540868629017
978,slab,12351.540868629017
979,slab,12379.825139876479
980,slab,12399.825139876479
981,slab,12419.825139876479
982,slab,12448.10941112394
983,slab,12476.393682371401
984,slab,12511.034698522779
985,slab,12567.603241017703
986,slab,12607.603241017703
987,end,12642.24425716908
988,branch,52688.9645913193
989,slab,52775.1740324577
990,slab,52838.41958566107
991,slab,52930.071099560184
992,slab,52979.060894415845
993,slab,52999.060894415845
994,slab,53033.70191056722
995,slab,53068.3429267186
996,slab,53131.58847992197
997,slab,53166.22949607335
998,slab,53206.22949607335
999,slab,53334.291980822
1000,slab,53406.40300633128
1001,slab,53563.883163811515
1002,branch,53685.53841441748
1003,slab,53845.694588197955
1004,slab,54090.92962760527
1005,branch,54174.27443034779
1006,slab,54439.26625439019
1007,slab,54600.511409356164
1008,slab,54660.511409356164
1009,slab,54709.501204211825
1010,slab,54754.22256376182
1011,slab,54798.94392331181
1012,slab,54833.58493946319
1013,slab,54890.153481958114
1014,slab,54934.874841508106
1015,slab,54963.159112755566
1016,slab,55023.159112755566
1017,slab,55095.270138264845
1018,slab,55151.83868075977
1019,slab,55180.12295200723
1020,slab,55240.12295200723
1021,branch,55348.11722290407
1022,branch,55366.63612621255
1023,slab,55489.345817676054
1024,end,55597.04911381874
1025,slab,9841.024018778944
1026,slab,9904.269571982311
1027,slab,9984.269571982311
1028,slab,10069.122385724697
1029,branch,10143.955533460176
1030,branch,10306.839811312571
1031,branch,10408.55417471225
1032,branch,10525.676524277827
1033,slab,10624.928400053404
1034,slab,10707.390512565758
1035,slab,10811.313561019891
1036,slab,10919.016857162582
1037,slab,10975.585399657506
1038,slab,11020.306759207502
1039,slab,11065.028118757498
1040,slab,11093.31239000496
1041,slab,11149.880932499884
1042,slab,11209.880932499884
1043,slab,11279.16296480264
1044,slab,11323.884324352635
1045,branch,11363.884324352635
1046,slab,11412.874119208298
1047,slab,11441.15839045576
1048,slab,11461.15839045576
1049,slab,11510.148185311422
1050,branch,11550.397408906418
1051,slab,11599.590904411412
1052,slab,11644.312263961408
1053,branch,11678.953280112786
1054,branch,11727.943074968449
1055,slab,11756.22734621591
1056,slab,11790.868362367288
1057,slab,11810.868362367288
1058,slab,11830.868362367288
1059,slab,11850.868362367288
1060,end,11870.868362367288
1061,branch,11619.484822419452
1062,slab,11675.197506125794
1063,slab,11709.838522277172
1064,slab,11754.559881827168
1065,branch,11854.559881827168
1066,slab,11926.670907336447
1067,branch,12062.850014901434
1068,slab,12117.883237478314
1069,slab,12166.873032333977
1070,slab,12233.205528141085
1071,slab,12293.205528141085
1072,slab,12337.926887691081
1073,slab,12357.926887691081
1074,slab,12386.211158938542
1075,slab,12420.85217508992
1076,slab,12449.136446337381
1077,slab,12469.136446337381
1078,slab,12503.777462488759
1079,slab,12538.418478640137
1080,slab,12558.418478640137
1081,slab,12578.418478640137
1082,slab,12598.418478640137
1083,slab,12618.418478640137
1084,slab,12638.418478640137
1085,slab,12673.059494791514
1086,slab,12693.059494791514
1087,slab,12713.059494791514
1088,slab,12741.343766038975
1089,slab,12769.628037286437
1090,slab,12797.912308533898
1091,branch,12817.83089282094
1092,slab,12832.553324685276
1093,slab,12860.837595932737
1094,slab,12889.121867180198
1095,end,12923.762883331576
1096,slab,38757.651290382506
1097,slab,38829.762315891785
1098,slab,38919.20503499178
1099,slab,39019.20503499178
1100,slab,39121.18542526363
1101,slab,39221.18542526363
1102,slab,39296.01857299911
1103,slab,39370.851720734594
1104,slab,39445.684868470074
1105,slab,39520.518016205555
1106,slab,39560.518016205555
1107,slab,39683.806296264935
1108,slab,39723.806296264935
1109,branch,39793.26735184668
1110,slab,40015.14321971548
1111,branch,40188.857473458425
1112,slab,40389.54769202542
1113,branch,40555.68016928378
1114,slab,40744.359791924915
1115,slab,40807.605345128286
1116,slab,40941.76942377827
1117,slab,41016.60257151375
1118,slab,41149.26756312797
1119,branch,41325.73563256629
1120,branch,41495.87269966825
1121,branch,41635.97858610523
1122,branch,41804.955963013
1123,slab,42031.34002041445
1124,end,42076.06137996444
1125,branch,9549.534137296123
1126,branch,9622.965037021337
1127,slab,9707.817850763722
1128,slab,9782.6509984992
1129,slab,9865.113111011555
1130,branch,9925.113111011555
1131,branch,9955.113111011555
1132,slab,10129.755602977284
1133,slab,10169.755602977284
1134,branch,10261.760626630568
1135,slab,10354.913320512396
1136,slab,10437.37543302475
1137,branch,10539.868751039045
1138,slab,10596.018291220415
1139,slab,10636.018291220415
1140,slab,10656.018291220415
1141,slab,10684.302562467876
1142,slab,10729.023922017872
1143,slab,10749.023922017872
1144,slab,10769.023922017872
1145,slab,10797.308193265333
1146,slab,10817.308193265333
1147,slab,10845.592464512794
1148,slab,10873.876735760256
1149,slab,10908.517751911633
1150,slab,10968.517751911633
1151,slab,11031.763305115
1152,slab,11060.047576362462
1153,end,11088.331847609923
1154,slab,11354.774999881307
1155,slab,11411.343542376231
1156,slab,11445.984558527609
1157,slab,11505.984558527609
1158,branch,11562.553101022533
1159,slab,11590.837372269994
1160,slab,11610.837372269994
1161,slab,11630.837372269994
1162,slab,11650.837372269994
1163,slab,11679.121643517456
1164,slab,11713.762659668833
1165,slab,11748.403675820211
1166,slab,11808.403675820211
1167,slab,11853.125035370207
1168,slab,11925.236060879486
1169,slab,12014.678779979478
1170,slab,12054.678779979478
1171,slab,12074.678779979478
1172,slab,12131.247322474403
1173,slab,12246.138575405163
1174,slab,12315.420607707918
1175,slab,12390.253755443397
1176,slab,12434.975114993393
1177,slab,12454.975114993393
1178,slab,12499.696474543389
1179,slab,12559.696474543389
1180,slab,12587.98074579085
1181,end,12632.702105340846
1182,slab,11164.681260210276
1183,branch,11241.118947258097
1184,branch,11267.707267085058
1185,branch,11310.390716767939
1186,branch,11415.488894091959
1187,branch,11511.138757699186
1188,slab,11566.171329037268
1189,branch,11594.45560028473
1190,branch,11653.646146679155
1191,slab,11731.258497709585
1192,slab,11813.720610221939
1193,branch,11853.720610221939
1194,slab,11928.553757957417
1195,slab,11973.275117507414
1196,slab,12013.275117507414
1197,branch,12033.275117507414
1198,slab,12053.275117507414
1199,slab,12087.916133658791
1200,slab,12122.557149810169
1201,slab,12157.198165961547
1202,slab,12177.198165961547
1203,slab,12211.839182112924
1204,slab,12231.839182112924
1205,slab,12266.480198264302
1206,slab,12294.764469511763
1207,slab,12314.764469511763
1208,slab,12334.764469511763
1209,end,12363.048740759225
1210,slab,10621.160930996024
1211,branch,10692.396697949474
1212,branch,10702.269725940385
1213,slab,10797.670662795044
1214,slab,10837.670662795044
1215,slab,10906.9526950978
1216,branch,10955.942489953462
1217,branch,11020.158231072526
1218,slab,11119.515881293688
1219,branch,11230.616539846515
1220,branch,11323.065057670838
1221,slab,11391.934809645178
1222,slab,11495.85785809931
1223,slab,11515.85785809931
1224,slab,11535.85785809931
1225,slab,11555.85785809931
1226,slab,11575.85785809931
1227,slab,11595.85785809931
1228,slab,11615.85785809931
1229,slab,11660.579217649307
1230,branch,11692.982921141345
1231,slab,11742.480395824403
1232,slab,11777.12141197578
1233,slab,11797.12141197578
1234,slab,11846.111206831443
1235,slab,11886.111206831443
1236,slab,11906.111206831443
1237,end,11926.111206831443
1238,branch,11951.175862178774
1239,slab,11994.753639305445
1240,slab,12014.753639305445
1241,slab,12049.394655456823
1242,slab,12084.0356716082
1243,branch,12137.43671329471
1244,branch,12144.03567178862
1245,slab,12204.03567178862
1246,slab,12224.03567178862
1247,slab,12244.03567178862
1248,slab,12264.03567178862
1249,slab,12284.03567178862
1250,slab,12304.03567178862
1251,slab,12324.03567178862
1252,slab,12344.03567178862
1253,slab,12364.03567178862
1254,slab,12392.319943036082
1255,slab,12412.319943036082
1256,slab,12446.96095918746
1257,slab,12466.96095918746
1258,slab,12515.950754043122
1259,slab,12588.061779552401
1260,slab,12632.783139102397
1261,slab,12715.245251614751
1262,branch,12816.97359429514
1263,slab,12926.32137412856
1264,end,12954.605645376021
1265,slab,10244.028462829136
1266,slab,10360.647500726041
1267,branch,10380.615001710918
1268,slab,10420.647580263654
1269,slab,10469.637375119317
1270,slab,10529.637375119317
1271,slab,10604.470522854795
1272,branch,10670.803018661903
1273,branch,10689.776684622913
1274,branch,10721.399461224597
1275,slab,10833.470867033571
1276,branch,10874.091059056751
1277,slab,10895.304262492347
1278,branch,10927.692259429192
1279,slab,10978.811738060933
1280,slab,11027.801532916596
1281,slab,11047.801532916596
1282,branch,11107.801532916596
1283,slab,11197.244252016588
1284,slab,11257.244252016588
1285,branch,11367.44441065336
1286,slab,11455.30756754275
1287,slab,11483.591838790211
1288,slab,11503.591838790211
1289,slab,11531.876110037672
1290,end,11566.51712618905
1291,branch,10131.46405343806
1292,branch,10246.932390562157
1293,branch,10359.325464922193
1294,branch,10382.853422055863
1295,branch,10395.924844049841
1296,branch,10446.092391136053
1297,branch,10484.765433172282
1298,branch,10581.32701914674
1299,slab,10641.32701914674
1300,slab,10661.32701914674
1301,slab,10689.611290394201
1302,slab,10724.252306545579
1303,branch,10758.893322696957
1304,slab,10793.534338848334
1305,slab,10813.534338848334
1306,slab,10833.534338848334
1307,slab,10853.534338848334
1308,slab,10888.175354999712
1309,slab,10908.175354999712
1310,slab,10928.175354999712
1311,slab,10972.896714549708
1312,slab,11001.18098579717
1313,slab,11021.18098579717
1314,slab,11041.18098579717
1315,slab,11061.18098579717
1316,end,11081.18098579717
1317,branch,11482.167421327904
1318,branch,11543.890709464871
1319,branch,11684.90456187106
1320,slab,11759.770015686321
1321,slab,11804.491375236317
1322,slab,11844.491375236317
1323,slab,11864.491375236317
1324,slab,11924.491375236317
1325,branch,11995.621728194861
1326,branch,12110.394432593446
1327,slab,12159.04467267022
1328,slab,12241.506785182573
1329,slab,12301.506785182573
1330,branch,12392.720819190505
1331,slab,12428.497906830502
1332,slab,12463.13892298188
1333,branch,12495.52748374716
1334,slab,12590.46473338315
1335,branch,12647.385731266182
1336,branch,12683.441244020822
1337,branch,12743.441244020822
1338,slab,12797.292892092166
1339,slab,12857.292892092166
1340,slab,12885.577163339627
1341,end,12905.577163339627
1342,slab,10932.042586899675
1343,slab,10995.288140103043
1344,slab,11040.009499653039
1345,slab,11088.999294508701
1346,slab,11117.283565756163
1347,slab,11145.567837003624
1348,slab,11165.567837003624
1349,slab,11185.567837003624
1350,slab,11213.852108251085
1351,slab,11242.136379498546
1352,slab,11286.857739048542
1353,branch,11388.838129320398
1354,branch,11451.242873939033
1355,slab,11497.616616789022
1356,slab,11517.616616789022
1357,slab,11577.616616789022
1358,slab,11640.86216999239
1359,slab,11712.973195501669
1360,slab,11772.973195501669
1361,slab,11829.541737996593
1362,branch,11909.27941019635
1363,slab,11997.72215894002
1364,slab,12032.363175091397
1365,slab,12052.363175091397
1366,end,12087.004191242775
1367,branch,9824.033164682018
1368,branch,9966.245457308258
1369,slab,10073.84063211429
1370,branch,10161.252514995449
1371,slab,10236.836551959806
1372,slab,10328.488065858923
1373,branch,10377.477860714585
1374,slab,10437.477860714585
1375,slab,10472.118876865963
1376,branch,10492.118876865963
1377,branch,10552.118876865963
1378,branch,10602.10585331925
1379,slab,10654.208015605871
1380,slab,10682.492286853332
1381,slab,10710.776558100793
1382,slab,10755.49791765079
1383,slab,10783.78218889825
1384,slab,10803.78218889825
1385,slab,10823.78218889825
1386,slab,10858.423205049628
1387,slab,10893.064221201006
1388,slab,10927.705237352384
1389,slab,10947.705237352384
1390,end,10982.346253503762
1391,slab,51744.879596749495
1392,slab,51789.60095629949
1393,slab,51834.32231584948
1394,slab,51890.890858344406
1395,slab,51947.45940083933
1396,slab,52004.02794333426
1397,slab,52060.596485829185
1398,slab,52095.23750198056
1399,slab,52144.22729683622
1400,slab,52172.51156808368
1401,slab,52207.15258423506
1402,slab,52270.39813743843
1403,slab,52345.23128517391
1404,slab,52443.21087488524
1405,slab,52499.77941738017
1406,branch,52595.639813109374
1407,slab,52652.74577137434
1408,branch,52770.591955464944
1409,branch,52826.22184289968
1410,branch,52974.61824411858
1411,slab,53078.541292572714
1412,slab,53138.541292572714
1413,end,53213.374440308195
1414,slab,50160.183780038264
1415,slab,50216.75232253319
1416,slab,50273.320865028116
1417,slab,50301.605136275575
1418,slab,50336.24615242695
1419,slab,50370.88716857833
1420,slab,50415.60852812832
1421,slab,50443.89279937578
1422,slab,50463.89279937578
1423,slab,50533.17483167854
1424,slab,50553.17483167854
1425,slab,50587.815847829916
1426,slab,50677.25856692991
1427,slab,50740.50412013328
1428,slab,50785.22547968327
1429,slab,50829.946839233264
1430,slab,50858.23111048072
1431,slab,50914.79965297565
1432,slab,50986.91067848493
1433,slab,51043.479220979854
1434,slab,51115.59024648913
1435,slab,51320.529261808326
1436,end,51481.7744167743
1437,slab,52854.58050311945
1438,branch,52926.41610541319
1439,branch,53127.463281563854
1440,branch,53299.89610131062
1441,slab,53386.94331810025
1442,slab,53488.92370837211
1443,slab,53588.92370837211
1444,slab,53633.6450679221
1445,slab,53668.28608407348
1446,slab,53708.28608407348
1447,slab,53736.57035532094
1448,slab,53771.21137147232
1449,slab,53856.0641852147
1450,slab,53930.89733295018
1451,slab,53970.89733295018
1452,branch,54037.22982875729
1453,slab,54093.79837125222
1454,branch,54157.11855202948
1455,slab,54243.294652507895
1456,slab,54334.94616640701
1457,slab,54419.7989801494
1458,end,54486.13147595651
1459,branch,10734.093748600548
1460,slab,10833.85080309829
1461,branch,10923.85080309829
1462,slab,11037.428970014296
1463,branch,11139.409360286152
1464,slab,11174.05037643753
1465,slab,11202.334647684991
1466,slab,11236.975663836369
1467,slab,11265.25993508383
1468,slab,11293.544206331291
1469,slab,11321.828477578752
1470,slab,11341.828477578752
1471,slab,11361.828477578752
1472,slab,11381.828477578752
1473,slab,11401.828477578752
1474,slab,11421.828477578752
1475,slab,11441.828477578752
1476,branch,11470.112748826214
1477,slab,11498.397020073675
1478,slab,11526.681291321136
1479,slab,11554.965562568597
1480,end,11589.606578719975
1481,slab,10807.295292485687
1482,slab,10841.936308637065
1483,slab,10861.936308637065
1484,slab,10881.936308637065
1485,slab,10901.936308637065
1486,slab,10936.577324788443
1487,slab,10996.577324788443
1488,slab,11059.82287799181
1489,slab,11126.155373798918
1490,slab,11228.135764070774
1491,slab,11302.968911806252
1492,slab,11331.253183053714
1493,slab,11351.253183053714
1494,branch,11379.537454301175
1495,slab,11399.537454301175
1496,branch,11448.527249156838
1497,slab,11508.527249156838
1498,slab,11536.811520404299
1499,slab,11571.452536555676
1500,slab,11606.093552707054
1501,slab,11640.734568858432
1502,end,11660.734568858432
1503,branch,10992.158190000762
1504,branch,11065.988323675952
1505,branch,11083.245928505969
1506,branch,11188.786920998667
1507,branch,11255.350409273728
1508,branch,11274.728626765243
1509,branch,11337.81252180311
1510,slab,11394.381064298033
1511,slab,11454.381064298033
1512,slab,11499.10242384803
1513,slab,11519.10242384803
1514,slab,11539.10242384803
1515,slab,11567.38669509549
1516,slab,11607.38669509549
1517,slab,11709.367085367347
1518,slab,11737.651356614808
1519,slab,11782.372716164804
1520,slab,11817.013732316182
1521,slab,11837.013732316182
1522,slab,11871.65474846756
1523,end,11906.295764618937
1524,slab,10939.080323541733
1525,branch,11019.080323541733
1526,slab,11101.542436054087
1527,slab,11216.433688984847
1528,branch,11304.283070475429
1529,slab,11355.67781805023
1530,slab,11375.67781805023
1531,slab,11395.67781805023
1532,slab,11423.96208929769
1533,slab,11443.96208929769
1534,slab,11488.683448847687
1535,slab,11580.334962746803
1536,slab,11643.58051595017
1537,slab,11692.570310805833
1538,slab,11712.570310805833
1539,slab,11732.570310805833
1540,slab,11760.854582053295
1541,slab,11789.138853300756
1542,slab,11817.423124548217
1543,slab,11852.064140699595
1544,end,11886.705156850972
1545,branch,10891.60462046102
1546,branch,10945.893544430624
1547,branch,10988.703982339395
1548,branch,11051.313885709389
1549,branch,11111.313885709389
1550,branch,11210.308835075506
1551,branch,11311.303884459126
1552,slab,11353.73029133032
1553,slab,11398.451650880315
1554,branch,11433.092667031693
1555,slab,11482.082461887356
1556,slab,11502.082461887356
1557,slab,11522.082461887356
1558,slab,11542.082461887356
1559,slab,11570.366733134817
1560,slab,11590.366733134817
1561,slab,11610.366733134817
1562,slab,11630.366733134817
1563,slab,11665.007749286195
1564,slab,11685.007749286195
1565,end,11705.007749286195
1566,slab,8972.15777296393
1567,branch,9095.986464958054
1568,branch,9156.860236127482
1569,branch,9232.230857923518
1570,branch,9318.238143243145
1571,slab,9521.129739914864
1572,slab,9584.375293118232
1573,slab,9624.375293118232
1574,branch,9699.20844085371
1575,branch,9748.315448533649
1576,slab,9783.063624072483
1577,slab,9803.063624072483
1578,slab,9837.704640223861
1579,slab,9865.988911471322
1580,slab,9885.988911471322
1581,slab,9914.273182718784
1582,slab,9942.557453966245
1583,slab,9970.841725213706
1584,branch,10005.482741365084
1585,slab,10065.482741365084
1586,end,10085.482741365084
1587,slab,11934.893943484645
1588,slab,12036.874333756501
1589,slab,12108.98535926578
1590,slab,12175.317855072888
1591,slab,12231.886397567812
1592,slab,12266.52741371919
1593,slab,12301.168429870568
1594,slab,12329.452701118029
1595,slab,12349.452701118029
1596,slab,12384.093717269407
1597,slab,12404.093717269407
1598,slab,12424.093717269407
1599,slab,12458.734733420784
1600,slab,12487.019004668246
1601,slab,12507.019004668246
1602,slab,12527.019004668246
1603,slab,12561.660020819623
1604,slab,12589.944292067084
1605,slab,12609.944292067084
1606,end,12638.228563314546
1607,slab,11334.039762892166
1608,slab,11362.324034139627
1609,slab,11390.608305387088
1610,slab,11425.249321538466
1611,slab,11459.890337689843
1612,slab,11479.890337689843
1613,slab,11499.890337689843
1614,slab,11519.890337689843
1615,slab,11554.531353841221
1616,slab,11574.531353841221
1617,slab,11609.172369992599
1618,slab,11653.893729542595
1619,slab,11682.178000790056
1620,slab,11710.462272037517
1621,slab,11730.462272037517
1622,slab,11758.746543284979
1623,slab,11787.03081453244
1624,slab,11821.671830683817
1625,slab,11841.671830683817
1626,end,11869.956101931279
1627,slab,10904.304392204114
1628,branch,10979.137539939593
1629,slab,11035.706082434517
1630,slab,11092.274624929441
1631,branch,11186.349063540576
1632,branch,11257.05974165923
1633,branch,11428.357485011986
1634,branch,11552.359817558216
1635,branch,11598.654535832897
1636,slab,11709.78508968736
1637,slab,11773.030642890728
1638,slab,11829.599185385652
1639,branch,11886.167727880576
1640,slab,11971.020541622962
1641,slab,11991.020541622962
1642,slab,12025.66155777434
1643,slab,12053.9458290218
1644,slab,12082.230100269262
1645,slab,12110.514371516723
1646,end,12138.798642764184
1647,branch,10604.427471213206
1648,branch,10668.633343107826
1649,slab,10773.799877708905
1650,slab,10843.08191001166
1651,slab,10863.08191001166
1652,branch,10883.08191001166
1653,slab,10903.08191001166
1654,slab,10923.08191001166
1655,slab,10951.366181259122
1656,slab,10971.366181259122
1657,branch,10991.366181259122
1658,slab,11011.366181259122
1659,slab,11031.366181259122
1660,slab,11059.650452506583
1661,branch,11079.650452506583
1662,slab,11099.650452506583
1663,slab,11119.650452506583
1664,slab,11147.934723754044
1665,slab,11182.575739905422
1666,end,11210.860011152883
1667,slab,10739.178794998126
1668,slab,10805.511290805234
1669,slab,10862.079833300158
1670,slab,10896.720849451536
1671,slab,10916.720849451536
1672,slab,10936.720849451536
1673,slab,10965.005120698997
1674,slab,10985.005120698997
1675,slab,11005.005120698997
1676,slab,11025.005120698997
1677,slab,11053.289391946459
1678,slab,11087.930408097836
1679,slab,11107.930408097836
1680,slab,11142.571424249214
1681,slab,11187.29278379921
1682,slab,11221.933799950588
1683,slab,11241.933799950588
1684,slab,11261.933799950588
1685,slab,11296.574816101966
1686,end,11316.574816101966
1687,slab,10306.892869744037
1688,slab,10335.177140991498
1689,branch,10390.209387586758
1690,branch,10451.469537585115
1691,branch,10506.502760161995
1692,branch,10553.627131441051
1693,slab,10615.271271470741
1694,slab,10659.992631020737
1695,slab,10704.713990570734
1696,slab,10773.996022873489
1697,branch,10882.738838728146
1698,slab,10927.738838728146
1699,slab,11010.2009512405
1700,branch,11047.61752510824
1701,branch,11085.03409897598
1702,slab,11125.03409897598
1703,slab,11145.03409897598
1704,slab,11173.318370223442
1705,slab,11229.886912718366
1706,end,11258.171183965827
1707,slab,11626.532514688324
1708,branch,11710.094134923773
1709,branch,11798.371736847326
1710,slab,11871.172835740132
1711,branch,11928.850916983758
1712,branch,12020.053396934925
1713,slab,12098.708729686605
1714,slab,12185.886708557418
1715,slab,12305.886708557418
1716,slab,12354.876503413081
1717,slab,12448.68481860955
1718,slab,12493.406178159546
1719,slab,12538.127537709543
1720,slab,12598.127537709543
1721,slab,12626.411808957004
1722,slab,12646.411808957004
1723,slab,12666.411808957004
1724,slab,12686.411808957004
1725,end,12721.052825108382
1726,slab,11259.506008192253
1727,branch,11337.58935509619
1728,slab,11410.390453988995
1729,slab,11523.527538978844
1730,branch,11613.130886695475
1731,slab,11657.95094969217
1732,slab,11697.95094969217
1733,slab,11717.95094969217
1734,slab,11737.95094969217
1735,slab,11772.591965843547
1736,slab,11800.876237091008
1737,branch,11835.517253242386
1738,slab,11855.517253242386
1739,slab,11883.801524489847
1740,slab,11928.522884039843
1741,slab,11948.522884039843
1742,slab,11976.807155287304
1743,slab,11996.807155287304
1744,end,12031.448171438682
1745,branch,10112.678573775978
1746,slab,10233.224523272973
1747,slab,10289.793065767897
1748,slab,10391.773456039753
1749,slab,10440.763250895416
1750,branch,10485.670200277682
1751,branch,10552.608497726313
1752,branch,10634.789396242157
1753,slab,10729.308888707317
1754,branch,10816.48686757813
1755,slab,10882.819363385239
1756,slab,10927.540722935235
1757,branch,11010.03608124864
1758,slab,11096.97005270547
1759,slab,11181.822866447856
1760,slab,11266.675680190241
1761,slab,11329.921233393608
1762,slab,11374.642592943605
1763,end,11449.475740679083
1764,slab,12377.723243290426
1765,slab,12447.005275593181
1766,slab,12475.289546840642
1767,slab,12495.289546840642
1768,slab,12523.573818088104
1769,slab,12551.858089335565
1770,slab,12580.142360583026
1771,slab,12614.783376734404
1772,slab,12663.773171590066
1773,slab,12765.753561861922
1774,slab,12825.753561861922
1775,slab,12905.753561861922
1776,slab,12925.753561861922
1777,slab,12945.753561861922
1778,slab,12990.474921411918
1779,slab,13059.756953714674
1780,slab,13094.397969866051
1781,end,13114.397969866051
1782,branch,11066.010637320329
1783,slab,11173.71393346302
1784,branch,11258.410766913252
1785,branch,11350.615738153941
1786,slab,11395.337097703938
1787,slab,11451.905640198862
1788,slab,11486.54665635024
1789,branch,11521.187672501617
1790,slab,11555.828688652995
1791,slab,11590.469704804373
1792,slab,11625.11072095575
1793,slab,11645.11072095575
1794,slab,11665.11072095575
1795,slab,11699.751737107128
1796,slab,11719.751737107128
1797,slab,11739.751737107128
1798,slab,11759.751737107128
1799,end,11779.751737107128
1800,slab,10757.107527366197
1801,branch,10831.940675101676
1802,slab,10880.930469957339
1803,branch,10979.824245436032
1804,slab,11198.583839690615
1805,slab,11285.761818561428
1806,slab,11320.402834712806
1807,slab,11340.402834712806
1808,slab,11360.402834712806
1809,slab,11380.402834712806
1810,slab,11415.043850864184
1811,slab,11435.043850864184
1812,slab,11469.684867015561
1813,slab,11538.966899318317
1814,slab,11573.607915469694
1815,slab,11593.607915469694
1816,slab,11621.892186717156
1817,end,11650.176457964617
1818,branch,10989.9597550405
1819,branch,11062.106660855752
1820,branch,11123.123977819041
1821,branch,11216.092111644017
1822,branch,11293.873857574537
1823,slab,11394.123545853354
1824,branch,11539.037313315248
1825,slab,11620.277697361607
1826,branch,11654.918713512985
1827,slab,11694.918713512985
1828,slab,11714.918713512985
1829,slab,11743.202984760446
1830,slab,11763.202984760446
1831,slab,11783.202984760446
1832,slab,11832.192779616109
1833,slab,11888.761322111033
1834,slab,11923.402338262411
1835,end,11951.686609509872
1836,slab,9232.033526095984
1837,branch,9306.866673831462
1838,slab,9436.48148779962
1839,slab,9549.618572789466
1840,branch,9606.18711528439
1841,branch,9693.47343249756
1842,branch,9760.668307098515
1843,branch,9868.42201824825
1844,branch,9953.158118242
1845,slab,10019.894407812075
1846,slab,10107.072386682888
1847,slab,10167.072386682888
1848,slab,10195.35665793035
1849,slab,10215.35665793035
1850,slab,10235.35665793035
1851,slab,10255.35665793035
1852,slab,10289.997674081727
1853,end,10324.638690233105
1854,slab,9419.439625074467
1855,slab,9511.091138973583
1856,slab,9611.091138973583
1857,slab,9671.091138973583
1858,branch,9715.812498523579
1859,slab,9760.533858073575
1860,branch,9809.523652929238
1861,slab,9854.245012479234
1862,slab,9874.245012479234
1863,slab,9902.529283726695
1864,slab,9922.529283726695
1865,slab,9950.813554974156
1866,slab,9970.813554974156
1867,slab,10027.38209746908
1868,slab,10087.38209746908
1869,slab,10136.371892324743
1870,slab,10156.371892324743
1871,end,10176.371892324743
1872,slab,53855.64742137702
1873,slab,54044.32704401815
1874,slab,54119.16019175363
1875,slab,54204.01300549602
1876,slab,54288.8658192384
1877,slab,54337.855614094064
1878,slab,54401.101167297435
1879,slab,54435.74218344881
1880,slab,54475.74218344881
1881,slab,54510.38319960019
1882,slab,54566.951742095116
1883,slab,54675.85125429285
1884,slab,54826.00235737539
1885,slab,54954.06484212405
1886,slab,55159.30117026996
1887,slab,55247.08484659031
1888,end,55275.36911783777
1889,slab,11675.688478249176
1890,slab,11710.329494400554
1891,slab,11730.329494400554
1892,slab,11764.970510551932
1893,slab,11784.970510551932
1894,slab,11813.254781799393
1895,slab,11833.254781799393
1896,slab,11853.254781799393
1897,slab,11873.254781799393
1898,slab,11901.539053046854
1899,slab,11929.823324294315
1900,slab,11958.107595541776
1901,slab,12002.828955091773
1902,slab,12051.818749947435
1903,slab,12071.818749947435
1904,slab,12106.459766098813
1905,end,12141.10078225019
1906,branch,10807.093622099019
1907,branch,10895.575549989764
1908,slab,10955.658825532963
1909,slab,10995.658825532963
1910,branch,11093.529386376753
1911,branch,11155.751897267195
1912,branch,11163.090480641822
1913,slab,11254.741994540938
1914,slab,11303.731789396601
1915,slab,11338.372805547979
1916,branch,11373.013821699356
1917,slab,11473.013821699356
1918,slab,11522.00361655502
1919,branch,11550.28788780248
1920,slab,11599.277682658143
1921,slab,11633.91869880952
1922,end,11653.91869880952
1923,slab,10236.431138650922
1924,slab,10271.0721548023
1925,slab,10291.0721548023
1926,slab,10325.713170953677
1927,branch,10394.034510734986
1928,branch,10437.425656893407
1929,branch,10552.408881898724
1930,branch,10591.953434552563
1931,branch,10688.427733293394
1932,slab,10750.685414823101
1933,slab,10785.326430974479
1934,slab,10813.61070222194
1935,branch,10837.793201711347
1936,slab,10875.857039951272
1937,slab,10895.857039951272
1938,slab,10930.49805610265
1939,end,10965.139072254027
1940,branch,12130.571189982207
1941,slab,12188.249271225834
1942,branch,12311.189951156686
1943,slab,12445.913759490108
1944,slab,12505.913759490108
1945,slab,12562.482301985032
1946,slab,12582.482301985032
1947,slab,12627.203661535028
1948,slab,12667.203661535028
1949,slab,12701.844677686406
1950,slab,12721.844677686406
1951,slab,12741.844677686406
1952,slab,12790.834472542068
1953,slab,12825.475488693446
1954,slab,12860.116504844824
1955,end,12909.106299700486
1956,branch,10715.055431375897
1957,slab,10823.611905014748
1958,slab,10843.611905014748
1959,slab,10871.89617626221
1960,slab,10900.18044750967
1961,slab,10928.464718757132
1962,slab,10956.748990004593
1963,slab,10976.748990004593
1964,slab,10996.748990004593
1965,slab,11016.748990004593
1966,slab,11036.748990004593
1967,slab,11071.39000615597
1968,slab,11091.39000615597
1969,slab,11126.031022307348
1970,slab,11160.672038458726
1971,end,11188.956309706187
1972,slab,10428.18351646155
1973,slab,10456.46778770901
1974,slab,10476.46778770901
1975,slab,10504.752058956472
1976,slab,10539.39307510785
1977,slab,10559.39307510785
1978,slab,10579.39307510785
1979,slab,10599.39307510785
1980,slab,10634.034091259227
1981,slab,10654.034091259227
1982,slab,10674.034091259227
1983,slab,10708.675107410605
1984,slab,10743.316123561983
1985,slab,10763.316123561983
1986,slab,10791.600394809444
1987,end,10826.241410960822
1988,slab,9585.39160702113
1989,slab,9630.112966571127
1990,branch,9659.037425722447
1991,slab,9682.801059171403
1992,slab,9711.085330418864
1993,slab,9755.80668996886
1994,slab,9784.090961216321
1995,slab,9804.090961216321
1996,slab,9844.090961216321
1997,slab,9888.812320766317
1998,slab,9923.453336917695
1999,slab,9951.737608165156
2000,slab,9980.021879412618
2001,slab,10014.662895563995
2002,slab,10042.947166811457
2003,end,10062.947166811457
2004,slab,9014.65195616262
2005,slab,9034.65195616262
2006,slab,9054.65195616262
2007,slab,9074.65195616262
2008,slab,9094.65195616262
2009,slab,9129.292972313997
2010,branch,9178.28276716966
2011,branch,9198.28276716966
2012,slab,9258.28276716966
2013,slab,9318.28276716966
2014,slab,9352.923783321037
2015,slab,9372.923783321037
2016,slab,9392.923783321037
2017,slab,9412.923783321037
2018,slab,9482.205815623793
2019,end,9502.205815623793
2020,slab,12845.804152579316
2021,slab,12880.445168730694
2022,slab,12920.445168730694
2023,branch,12960.445168730694
2024,slab,12980.445168730694
2025,branch,13008.729439978155
2026,slab,13037.013711225616
2027,slab,13071.654727376994
2028,branch,13156.610361954676
2029,slab,13229.72493708506
2030,slab,13264.365953236438
2031,slab,13284.365953236438
2032,slab,13319.006969387816
2033,slab,13339.006969387816
2034,end,13359.006969387816
2035,branch,11541.331563394804
2036,branch,11618.176960165989
2037,branch,11702.602716434863
2038,branch,11750.62614821561
2039,branch,11833.088260727964
2040,branch,11868.86534836796
2041,slab,11910.817702294768
2042,slab,11930.817702294768
2043,slab,11990.817702294768
2044,slab,12084.626017491237
2045,slab,12112.910288738698
2046,slab,12141.19455998616
2047,slab,12175.835576137537
2048,slab,12220.556935687533
2049,end,12292.667961196812
2050,slab,10800.811233732204
2051,slab,10857.379776227128
2052,slab,10972.271029157888
2053,slab,11063.922543057004
2054,slab,11138.755690792483
2055,branch,11198.755690792483
2056,slab,11243.477050342479
2057,slab,11283.477050342479
2058,slab,11303.477050342479
2059,slab,11323.477050342479
2060,slab,11343.477050342479
2061,slab,11378.118066493857
2062,slab,11398.118066493857
2063,slab,11418.118066493857
2064,end,11452.759082645234
2065,branch,10492.872219771154
2066,branch,10567.738688405658
2067,slab,10607.738688405658
2068,slab,10636.022959653119
2069,branch,10659.782168394153
2070,slab,10683.11669217331
2071,slab,10711.40096342077
2072,slab,10739.685234668232
2073,slab,10767.969505915693
2074,slab,10787.969505915693
2075,slab,10807.969505915693
2076,slab,10842.61052206707
2077,slab,10870.894793314532
2078,slab,10905.53580946591
2079,end,10933.82008071337
2080,branch,9975.134853711532
2081,branch,10020.543709917722
2082,branch,10143.073407223943
2083,branch,10251.925800846739
2084,branch,10276.39390673418
2085,branch,10399.447651039582
2086,slab,10471.661951806745
2087,slab,10506.302967958123
2088,slab,10526.302967958123
2089,slab,10554.587239205584
2090,slab,10589.228255356962
2091,slab,10623.86927150834
2092,slab,10652.153542755801
2093,slab,10672.153542755801
2094,end,10700.437814003262
2095,slab,9789.476839632045
2096,slab,9855.809335439153
2097,branch,9936.68488220665
2098,branch,10027.395157616558
2099,branch,10121.405969003457
2100,branch,10181.746208455323
2101,branch,10286.925015105933
2102,branch,10335.914809961596
2103,slab,10392.48335245652
2104,slab,10412.48335245652
2105,slab,10447.124368607898
2106,slab,10481.765384759276
2107,slab,10510.049656006737
2108,slab,10538.333927254198
2109,end,10566.61819850166
2110,slab,9450.470120938078
2111,slab,9519.752153240834
2112,branch,9576.320695735758
2113,branch,9652.299101908158
2114,branch,9679.000273783158
2115,slab,9719.000273783158
2116,slab,9747.28454503062
2117,slab,9781.925561181997
2118,slab,9821.925561181997
2119,slab,9841.925561181997
2120,slab,9861.925561181997
2121,slab,9890.209832429458
2122,slab,9918.49410367692
2123,slab,9953.135119828297
2124,end,9981.419391075759
2125,branch,51978.26146373815
2126,slab,52050.76710016999
2127,slab,52117.0995959771
2128,slab,52235.42119163909
2129,slab,52348.55827662894
2130,slab,52411.80382983231
2131,slab,52486.63697756779
2132,slab,52580.445292764256
2133,slab,52757.08051009081
2134,slab,52886.695324058965
2135,branch,52970.26886162161
2136,slab,53028.1182168426
2137,slab,53048.1182168426
2138,end,53082.75923299398
2139,branch,12186.462078659813
2140,branch,12221.817417719141
2141,branch,12346.401024815603
2142,slab,12415.718011827557
2143,slab,12455.718011827557
2144,slab,12515.718011827557
2145,slab,12550.359027978935
2146,slab,12570.359027978935
2147,branch,12640.715264376286
2148,slab,12712.478764848322
2149,slab,12732.478764848322
2150,slab,12752.478764848322
2151,slab,12780.763036095783
2152,end,12809.047307343244
2153,branch,11072.723450432042
2154,slab,11189.623436402831
2155,slab,11261.73446191211
2156,slab,11318.303004407035
2157,slab,11363.02436395703
2158,slab,11391.308635204492
2159,slab,11447.877177699416
2160,slab,11517.159210002172
2161,slab,11586.441242304927
2162,slab,11655.723274607682
2163,slab,11675.723274607682
2164,slab,11735.723274607682
2165,slab,11770.36429075906
2166,end,11833.609843962427
2167,slab,10734.512019475827
2168,slab,10762.796290723289
2169,branch,10797.437306874666
2170,slab,10832.078323026044
2171,slab,10852.078323026044
2172,slab,10891.741835496532
2173,slab,10921.360355403789
2174,slab,10941.360355403789
2175,slab,10990.350150259452
2176,slab,11030.350150259452
2177,slab,11064.99116641083
2178,slab,11084.99116641083
2179,slab,11113.27543765829
2180,end,11141.559708905752
2181,slab,10814.780401464028
2182,slab,10849.421417615406
2183,slab,10869.421417615406
2184,slab,10897.705688862867
2185,slab,10932.346705014244
2186,branch,10975.576066061514
2187,slab,10993.8199734433
2188,slab,11013.8199734433
2189,slab,11033.8199734433
2190,slab,11062.104244690761
2191,slab,11082.104244690761
2192,slab,11110.388515938223
2193,slab,11130.388515938223
2194,end,11158.672787185684
2195,slab,9556.727117100261
2196,slab,9596.727117100261
2197,slab,9616.727117100261
2198,branch,9656.727117100261
2199,slab,9685.011388347722
2200,slab,9741.579930842647
2201,slab,9790.56972569831
2202,slab,9810.56972569831
2203,slab,9830.56972569831
2204,slab,9865.210741849687
2205,slab,9885.210741849687
2206,slab,9913.495013097148
2207,slab,9933.495013097148
2208,end,9953.495013097148
2209,slab,9706.981201628303
2210,slab,9755.970996483966
2211,branch,9812.53953897889
2212,branch,9852.53953897889
2213,slab,9897.260898528886
2214,slab,9925.545169776347
2215,slab,9945.545169776347
2216,slab,9980.186185927725
2217,slab,10000.186185927725
2218,slab,10034.827202079103
2219,slab,10063.111473326564
2220,slab,10091.395744574025
2221,slab,10111.395744574025
2222,end,10139.680015821486
2223,slab,53319.598021749436
2224,slab,53354.239037900814
2225,slab,53398.960397450806
2226,slab,53443.6817570008
2227,slab,53463.6817570008
2228,slab,53498.32277315218
2229,slab,53583.17558689456
2230,branch,53667.645928292804
2231,branch,53891.5643681703
2232,branch,53903.292266292316
2233,branch,53973.292266292316
2234,branch,54030.30103754727
2235,end,54111.84856969877
2236,branch,11733.403508826486
2237,branch,11787.888635820982
2238,branch,11797.933628901434
2239,branch,11817.159843986483
2240,branch,11883.49233979359
2241,branch,11955.426351166694
2242,slab,12011.981513329185
2243,slab,12046.622529480563
2244,slab,12066.622529480563
2245,branch,12101.26354563194
2246,slab,12129.547816879402
2247,slab,12164.18883303078
2248,end,12184.18883303078
2249,branch,12162.453377718806
2250,branch,12220.910045032553
2251,slab,12292.311674267961
2252,branch,12361.885596014521
2253,slab,12411.167384229808
2254,slab,12471.167384229808
2255,branch,12532.811524259498
2256,slab,12618.834776929923
2257,slab,12667.824571785586
2258,slab,12731.070124988953
2259,slab,12751.070124988953
2260,slab,12779.354396236415
2261,end,12799.354396236415
2262,branch,11410.887399208044
2263,slab,11465.849187081263
2264,slab,11485.849187081263
2265,slab,11514.133458328724
2266,slab,11534.133458328724
2267,slab,11562.417729576186
2268,slab,11582.417729576186
2269,slab,11602.417729576186
2270,slab,11622.417729576186
2271,slab,11642.417729576186
2272,slab,11662.417729576186
2273,slab,11682.417729576186
2274,end,11717.058745727563
2275,slab,11525.713952728911
2276,branch,11565.72477747043
2277,slab,11594.995985106887
2278,slab,11614.995985106887
2279,slab,11634.995985106887
2280,branch,11678.0076114421
2281,slab,11738.0908869853
2282,slab,11798.0908869853
2283,slab,11838.0908869853
2284,slab,11858.0908869853
2285,slab,11878.0908869853
2286,slab,11906.37515823276
2287,end,11941.016174384138
2288,branch,10968.986470681813
2289,branch,11051.761088436053
2290,branch,11124.429387719398
2291,slab,11191.114062566978
2292,slab,11289.093652278305
2293,slab,11396.796948420995
2294,slab,11431.437964572373
2295,slab,11451.437964572373
2296,slab,11471.437964572373
2297,slab,11499.722235819834
2298,slab,11534.363251971212
2299,slab,11562.647523218673
2300,end,11590.931794466134
2301,slab,11315.650199100668
2302,slab,11360.371558650664
2303,slab,11388.655829898125
2304,slab,11408.655829898125
2305,slab,11428.655829898125
2306,slab,11448.655829898125
2307,slab,11476.940101145587
2308,slab,11496.940101145587
2309,slab,11525.224372393048
2310,slab,11559.865388544426
2311,slab,11588.149659791887
2312,end,11608.149659791887
2313,slab,11614.651391976875
2314,slab,11634.651391976875
2315,branch,11706.762417486154
2316,branch,11716.78663818456
2317,branch,11726.780120557656
2318,slab,11770.008220149939
2319,slab,11798.2924913974
2320,slab,11818.2924913974
2321,slab,11852.933507548778
2322,slab,11887.574523700156
2323,slab,11922.215539851533
2324,end,11942.215539851533
2325,branch,11012.546962719023
2326,branch,11098.604133945557
2327,slab,11143.325493495553
2328,slab,11171.609764743014
2329,slab,11216.33112429301
2330,slab,11256.33112429301
2331,slab,11296.33112429301
2332,branch,11362.663620100118
2333,slab,11414.817239341739
2334,slab,11443.1015105892
2335,slab,11471.385781836661
2336,end,11499.670053084123
2337,slab,11360.61355741338
2338,slab,11395.254573564758
2339,slab,11415.254573564758
2340,branch,11475.254573564758
2341,branch,11511.405607148801
2342,slab,11595.208195364767
2343,branch,11673.816691003507
2344,slab,11743.66892539215
2345,slab,11771.953196639612
2346,slab,11800.237467887073
2347,slab,11828.521739134534
2348,end,11848.521739134534
2349,slab,11495.107836730207
2350,branch,11585.698257510752
2351,slab,11735.587745841976
2352,slab,11784.577540697639
2353,slab,11876.229054596755
2354,slab,11939.474607800123
2355,slab,11979.474607800123
2356,branch,12067.444125565917
2357,slab,12159.132090593755
2358,slab,12187.416361841217
2359,slab,12207.416361841217
2360,end,12242.057377992594
2361,slab,10597.476702046757
2362,slab,10617.476702046757
2363,slab,10662.198061596753
2364,slab,10696.83907774813
2365,slab,10716.83907774813
2366,slab,10736.83907774813
2367,slab,10765.123348995592
2368,slab,10785.123348995592
2369,slab,10805.123348995592
2370,slab,10825.123348995592
2371,slab,10845.123348995592
2372,end,10873.407620243053
2373,branch,10637.931480468636
2374,slab,10687.57043673327
2375,slab,10732.291796283265
2376,slab,10795.537349486633
2377,branch,10855.091613109855
2378,slab,10919.208749592268
2379,slab,11001.670862104622
2380,slab,11076.5040098401
2381,slab,11121.225369390097
2382,slab,11177.79391188502
2383,slab,11197.79391188502
2384,end,11217.79391188502
2385,branch,10441.963903503114
2386,slab,10476.604919654492
2387,slab,10536.604919654492
2388,slab,10571.24593580587
2389,branch,10605.886951957247
2390,slab,10634.171223204708
2391,slab,10654.171223204708
2392,slab,10688.812239356086
2393,slab,10708.812239356086
2394,slab,10728.812239356086
2395,slab,10748.812239356086
2396,end,10777.096510603547
2397,branch,10244.54209506929
2398,slab,10291.6463395168
2399,slab,10351.6463395168
2400,slab,10430.944717404584
2401,slab,10459.930003294736
2402,slab,10488.214274542197
2403,slab,10544.782817037121
2404,slab,10573.067088284582
2405,slab,10629.635630779507
2406,slab,10674.356990329503
2407,slab,10708.99800648088
2408,end,10737.282277728342
2409,slab,2493.5101227054706
2410,branch,2573.1970099580167
2411,slab,2644.960510430053
2412,slab,2738.9019815703327
2413,slab,2822.7172546415336
2414,slab,2939.3362925384395
2415,slab,2979.3362925384395
2416,slab,3028.326087394103
2417,slab,3048.326087394103
2418,slab,3076.6103586415647
2419,slab,3104.894629889027
2420,end,3124.894629889027
2421,slab,11988.83922412312
2422,slab,12008.83922412312
2423,slab,12028.83922412312
2424,slab,12048.83922412312
2425,branch,12068.83922412312
2426,slab,12088.83922412312
2427,branch,12123.480240274497
2428,slab,12163.480240274497
2429,slab,12198.121256425875
2430,slab,12232.762272577253
2431,end,12252.762272577253
2432,slab,12338.76617621575
2433,slab,12367.05044746321
2434,slab,12401.691463614588
2435,slab,12446.412823164585
2436,slab,12481.053839315962
2437,slab,12530.043634171625
2438,branch,12586.964632054656
2439,slab,12693.735414574969
2440,slab,12738.456774124965
2441,slab,12773.097790276342
2442,end,12801.382061523804
2443,slab,11465.864714624491
2444,branch,11514.854509480154
2445,slab,11563.844304335817
2446,branch,11608.565663885813
2447,slab,11657.555458741475
2448,slab,11702.276818291471
2449,branch,11736.91783444285
2450,slab,11756.91783444285
2451,slab,11776.91783444285
2452,slab,11796.91783444285
2453,end,11825.20210569031
2454,slab,12001.160493431458
2455,slab,12029.44476467892
2456,slab,12064.085780830297
2457,slab,12108.807140380293
2458,branch,12148.807140380293
2459,slab,12215.139636187401
2460,slab,12255.139636187401
2461,slab,12315.139636187401
2462,slab,12349.780652338779
2463,slab,12378.06492358624
2464,end,12398.06492358624
2465,slab,11273.656735840836
2466,branch,11308.297751992213
2467,slab,11364.866294487138
2468,branch,11393.150565734599
2469,slab,11413.150565734599
2470,slab,11433.150565734599
2471,slab,11467.791581885976
2472,slab,11487.791581885976
2473,slab,11507.791581885976
2474,slab,11542.432598037354
2475,end,11577.073614188732
2476,slab,11441.284774673872
2477,slab,11504.530327877239
2478,slab,11532.8145991247
2479,slab,11567.455615276078
2480,slab,11602.096631427456
2481,branch,11630.380902674917
2482,branch,11657.748094792192
2483,slab,11703.758223616005
2484,slab,11723.758223616005
2485,slab,11752.042494863466
2486,end,11786.683511014844
2487,branch,11164.66693607277
2488,slab,11188.001459851926
2489,slab,11216.285731099388
2490,slab,11244.570002346849
2491,slab,11272.85427359431
2492,slab,11307.495289745688
2493,slab,11335.779560993149
2494,slab,11364.06383224061
2495,slab,11384.06383224061
2496,slab,11418.704848391988
2497,end,11446.98911963945
2498,slab,11202.65491348952
2499,slab,11222.65491348952
2500,slab,11250.93918473698
2501,slab,11279.223455984442
2502,slab,11307.507727231903
2503,slab,11327.507727231903
2504,slab,11347.507727231903
2505,slab,11367.507727231903
2506,slab,11387.507727231903
2507,slab,11407.507727231903
2508,end,11435.791998479364
2509,slab,11407.58935509619
2510,slab,11476.871387398945
2511,slab,11611.035466048932
2512,branch,11683.146491558211
2513,slab,11787.069540012344
2514,branch,11894.772836155034
2515,slab,12018.061116214414
2516,slab,12078.061116214414
2517,slab,12112.702132365792
2518,slab,12132.702132365792
2519,end,12160.986403613253
2520,slab,10235.607047359292
2521,slab,10292.175589854216
2522,slab,10326.816606005594
2523,branch,10346.816606005594
2524,slab,10381.457622156971
2525,slab,10426.178981706968
2526,slab,10508.641094219322
2527,slab,10528.641094219322
2528,slab,10556.925365466783
2529,slab,10576.925365466783
2530,end,10605.209636714244
2531,slab,10534.173515657369
2532,slab,10554.173515657369
2533,slab,10588.814531808746
2534,slab,10623.455547960124
2535,slab,10643.455547960124
2536,slab,10671.739819207585
2537,slab,10706.380835358963
2538,slab,10734.665106606424
2539,slab,10754.665106606424
2540,slab,10789.306122757802
2541,end,10817.590394005263
2542,slab,9353.317100764942
2543,branch,9381.601372012403
2544,slab,9416.24238816378
2545,slab,9436.24238816378
2546,slab,9480.963747713777
2547,slab,9544.209300917144
2548,slab,9564.209300917144
2549,slab,9584.209300917144
2550,slab,9618.850317068522
2551,slab,9647.134588315983
2552,end,9675.418859563444
2553,slab,11543.551378840617
2554,branch,11603.551378840617
2555,slab,11744.972735077927
2556,branch,11839.841064882978
2557,slab,11890.831260018906
2558,branch,11935.552619568902
2559,slab,11980.273979118898
2560,slab,12000.273979118898
2561,slab,12028.558250366359
2562,end,12063.199266517737
2563,slab,11319.108109889185
2564,slab,11339.108109889185
2565,slab,11373.749126040562
2566,slab,11402.033397288023
2567,slab,11430.317668535485
2568,slab,11464.958684686862
2569,slab,11484.958684686862
2570,slab,11504.958684686862
2571,slab,11533.242955934324
2572,end,11561.527227181785
2573,slab,10984.678428401272
2574,slab,11004.678428401272
2575,slab,11024.678428401272
2576,slab,11044.678428401272
2577,slab,11072.962699648733
2578,slab,11092.962699648733
2579,slab,11112.962699648733
2580,slab,11141.246970896194
2581,slab,11175.887987047572
2582,end,11204.172258295033
2583,branch,11297.285575729335
2584,branch,11380.832792700157
2585,slab,11497.383210974825
2586,slab,11532.024227126203
2587,slab,11560.308498373664
2588,slab,11580.308498373664
2589,slab,11614.949514525042
2590,slab,11643.233785772503
2591,slab,11677.874801923881
2592,end,11697.874801923881
2593,slab,10764.498536472818
2594,slab,10784.498536472818
2595,branch,10804.498536472818
2596,branch,10861.067078967742
2597,slab,10895.70809511912
2598,slab,10935.70809511912
2599,slab,10955.70809511912
2600,slab,10990.349111270498
2601,slab,11010.349111270498
2602,end,11044.990127421876
2603,slab,10193.52763487492
2604,branch,10228.168651026297
2605,slab,10262.809667177675
2606,slab,10291.093938425136
2607,slab,10325.734954576514
2608,slab,10370.45631412651
2609,branch,10434.918744747656
2610,slab,10513.858587106164
2611,slab,10542.142858353625
2612,end,10562.142858353625
2613,slab,9875.856148736346
2614,slab,9895.856148736346
2615,branch,9935.856148736346
2616,slab,9970.497164887724
2617,slab,10005.138181039101
2618,slab,10025.138181039101
2619,slab,10045.138181039101
2620,slab,10065.138181039101
2621,slab,10085.138181039101
2622,end,10125.138181039101
2623,branch,1954.1174793273397
2624,branch,2090.351670220711
2625,branch,2114.846567648543
2626,slab,2178.0921208519107
2627,branch,2307.6980699206033
2628,slab,2351.0646320558867
2629,branch,2409.3979824972266
2630,slab,2483.4834438725625
2631,slab,2540.0519863674863
2632,end,2568.3362576149484
2633,branch,54537.282761379276
2634,slab,54612.11590911476
2635,slab,54741.73072308291
2636,slab,54884.559291653764
2637,branch,55039.642199931324
2638,slab,55149.32732028649
2639,slab,55205.89586278141
2640,slab,55265.89586278141
2641,end,55294.18013402887
2642,slab,13095.606742216187
2643,slab,13140.328101766183
2644,slab,13196.896644261107
2645,slab,13225.180915508568
2646,slab,13269.902275058565
2647,slab,13318.892069914227
2648,slab,13353.533086065605
2649,slab,13388.174102216983
2650,end,13416.458373464444
2651,slab,12077.99647705741
2652,slab,12106.280748304871
2653,slab,12126.280748304871
2654,slab,12160.921764456249
2655,slab,12189.20603570371
2656,slab,12223.847051855088
2657,slab,12243.847051855088
2658,slab,12272.131323102549
2659,end,12292.131323102549
2660,slab,12077.744284579354
2661,slab,12122.46564412935
2662,slab,12142.46564412935
2663,slab,12162.46564412935
2664,slab,12182.46564412935
2665,slab,12202.46564412935
2666,slab,12222.46564412935
2667,slab,12250.749915376811
2668,end,12279.034186624272
2669,branch,12021.38798154629
2670,slab,12086.358288467241
2671,slab,12120.99930461862
2672,slab,12140.99930461862
2673,slab,12175.640320769997
2674,slab,12203.924592017458
2675,slab,12223.924592017458
2676,slab,12258.565608168836
2677,end,12278.565608168836
2678,slab,12008.015473448571
2679,branch,12036.299744696033
2680,slab,12070.94076084741
2681,branch,12085.082896471142
2682,slab,12099.225032094873
2683,slab,12119.225032094873
2684,slab,12139.225032094873
2685,slab,12167.509303342335
2686,end,12202.150319493712
2687,slab,11540.569734933853
2688,slab,11575.210751085231
2689,branch,11603.495022332692
2690,slab,11623.495022332692
2691,slab,11643.495022332692
2692,slab,11692.484817188355
2693,slab,11737.206176738351
2694,slab,11781.927536288347
2695,end,11816.568552439725
2696,slab,11727.410925614013
2697,slab,11762.05194176539
2698,slab,11796.692957916768
2699,slab,11831.333974068146
2700,slab,11876.055333618142
2701,slab,11904.339604865603
2702,slab,11938.98062101698
2703,slab,11967.264892264442
2704,end,11995.549163511903
2705,branch,11070.833742884222
2706,branch,11178.537039026913
2707,branch,11247.819071329668
2708,slab,11296.80886618533
2709,slab,11341.530225735327
2710,slab,11381.530225735327
2711,slab,11426.251585285323
2712,slab,11475.241380140986
2713,end,11509.882396292363
2714,branch,11498.864072318325
2715,branch,11550.565136137167
2716,slab,11618.572488680844
2717,slab,11638.572488680844
2718,slab,11666.856759928305
2719,slab,11701.497776079683
2720,slab,11721.497776079683
2721,slab,11741.497776079683
2722,end,11769.782047327144
2723,slab,10980.95704681431
2724,branch,11000.95704681431
2725,slab,11020.95704681431
2726,slab,11040.95704681431
2727,slab,11069.241318061771
2728,slab,11097.525589309233
2729,slab,11117.525589309233
2730,slab,11137.525589309233
2731,end,11172.16660546061
2732,slab,10908.602919706495
2733,slab,10948.602919706495
2734,slab,10968.602919706495
2735,slab,10988.602919706495
2736,slab,11033.32427925649
2737,branch,11088.35750183337
2738,slab,11126.050019654502
2739,slab,11160.69103580588
2740,end,11180.69103580588
2741,branch,10401.607843493583
2742,branch,10452.601734076976
2743,slab,10508.391820583822
2744,slab,10528.391820583822
2745,slab,10548.391820583822
2746,slab,10583.0328367352
2747,slab,10603.0328367352
2748,slab,10623.0328367352
2749,end,10651.31710798266
2750,branch,10435.49396204257
2751,slab,10498.64514226686
2752,branch,10570.756167776139
2753,slab,10680.300679277172
2754,slab,10700.300679277172
2755,branch,10720.300679277172
2756,slab,10765.022038827168
2757,slab,10845.022038827168
2758,end,10894.011833682831
2759,slab,10434.04640320951
2760,slab,10494.04640320951
2761,slab,10610.665441106416
2762,slab,10655.386800656412
2763,slab,10724.668832959167
2764,slab,10791.001328766275
2765,slab,10825.642344917653
2766,slab,10908.104457430007
2767,end,10952.825816980003
2768,slab,10347.471642061948
2769,slab,10382.112658213326
2770,slab,10402.112658213326
2771,slab,10422.112658213326
2772,slab,10456.753674364703
2773,slab,10476.753674364703
2774,slab,10505.037945612165
2775,slab,10539.678961763542
2776,end,10567.963233011003
2777,slab,9724.945427293193
2778,slab,9759.58644344457
2779,slab,9787.870714692031
2780,slab,9816.154985939493
2781,slab,9850.79600209087
2782,slab,9899.785796946533
2783,slab,9959.785796946533
2784,slab,9994.42681309791
2785,end,10022.711084345372
2786,slab,9717.739792157136
2787,branch,9752.380808308513
2788,slab,9780.665079555974
2789,slab,9815.306095707352
2790,slab,9835.306095707352
2791,slab,9863.590366954813
2792,slab,9898.231383106191
2793,slab,9918.231383106191
2794,end,9938.231383106191
2795,slab,9394.044652702276
2796,slab,9428.685668853654
2797,slab,9456.969940101115
2798,slab,9485.254211348576
2799,slab,9519.895227499954
2800,slab,9539.895227499954
2801,slab,9568.179498747415
2802,slab,9602.820514898793
2803,end,9622.820514898793
2804,slab,8585.641726136662
2805,slab,8630.363085686658
2806,slab,8717.541064557472
2807,slab,8780.78661776084
2808,slab,8899.10821342283
2809,slab,8919.10821342283
2810,slab,8939.10821342283
2811,slab,8959.10821342283
2812,end,8993.749229574209
2813,branch,12876.404877382576
2814,slab,12934.83574532436
2815,slab,12969.476761475738
2816,slab,12989.476761475738
2817,slab,13009.476761475738
2818,slab,13037.7610327232
2819,slab,13072.402048874577
2820,end,13100.686320122039
2821,slab,11426.287529422425
2822,slab,11466.287529422425
2823,slab,11500.928545573803
2824,slab,11529.212816821264
2825,slab,11563.853832972642
2826,slab,11592.138104220103
2827,slab,11612.138104220103
2828,end,11632.138104220103
2829,branch,11150.249928442776
2830,slab,11186.885097716939
2831,slab,11206.885097716939
2832,slab,11241.526113868316
2833,slab,11269.810385115778
2834,slab,11298.094656363239
2835,slab,11318.094656363239
2836,end,11352.735672514616
2837,branch,11126.010637320329
2838,slab,11160.651653471707
2839,slab,11188.935924719168
2840,slab,11217.220195966629
2841,slab,11237.220195966629
2842,slab,11271.861212118007
2843,slab,11300.145483365468
2844,end,11320.145483365468
2845,slab,11510.520240155645
2846,slab,11545.161256307023
2847,slab,11565.161256307023
2848,slab,11599.8022724584
2849,slab,11628.086543705862
2850,slab,11662.72755985724
2851,slab,11697.368576008617
2852,end,11725.652847256079
2853,slab,11073.312517178696
2854,slab,11136.558070382063
2855,slab,11202.890566189171
2856,slab,11262.890566189171
2857,slab,11319.459108684096
2858,slab,11354.100124835473
2859,slab,11382.384396082934
2860,end,11417.025412234312
2861,slab,10977.367970176478
2862,slab,11022.089329726474
2863,slab,11066.81068927647
2864,slab,11086.81068927647
2865,slab,11121.451705427848
2866,slab,11156.092721579225
2867,slab,11190.733737730603
2868,end,11225.37475388198
2869,slab,10823.25358592382
2870,slab,10857.894602075197
2871,slab,10886.178873322659
2872,slab,10914.46314457012
2873,slab,10942.747415817581
2874,slab,10971.031687065042
2875,slab,10999.315958312503
2876,end,11027.600229559965
2877,slab,10122.770360135499
2878,branch,10188.836042433053
2879,slab,10214.065972624026
2880,slab,10234.065972624026
2881,slab,10254.065972624026
2882,slab,10274.065972624026
2883,slab,10294.065972624026
2884,end,10328.706988775404
2885,slab,10250.545185572766
2886,slab,10339.987904672758
2887,slab,10433.796219869228
2888,branch,10472.598158858927
2889,slab,10536.579087418619
2890,slab,10556.579087418619
2891,slab,10591.220103569996
2892,end,10625.861119721374
2893,branch,12538.10241193196
2894,slab,12601.347965135328
2895,slab,12621.347965135328
2896,slab,12641.347965135328
2897,slab,12681.347965135328
2898,slab,12741.347965135328
2899,end,12761.347965135328
2900,branch,12281.183052203894
2901,slab,12316.04090029299
2902,slab,12360.762259842986
2903,slab,12395.403275994364
2904,slab,12415.403275994364
2905,slab,12435.403275994364
2906,end,12470.044292145742
2907,slab,11813.354063133955
2908,slab,11833.354063133955
2909,slab,11861.638334381416
2910,slab,11889.922605628877
2911,slab,11924.563621780255
2912,slab,11952.847893027716
2913,end,11972.847893027716
2914,branch,12027.96542531476
2915,slab,12072.686784864756
2916,slab,12092.686784864756
2917,slab,12112.686784864756
2918,slab,12132.686784864756
2919,slab,12167.327801016134
2920,end,12195.612072263595
2921,slab,11453.092667031693
2922,slab,11509.661209526617
2923,slab,11549.661209526617
2924,branch,11589.661209526617
2925,slab,11652.906762729985
2926,slab,11712.906762729985
2927,end,11747.547778881362
2928,slab,11267.013529095955
2929,slab,11287.013529095955
2930,slab,11307.013529095955
2931,slab,11335.297800343416
2932,slab,11355.297800343416
2933,slab,11375.297800343416
2934,end,11409.938816494794
2935,branch,11153.025290503332
2936,slab,11218.628288611257
2937,slab,11258.628288611257
2938,slab,11286.912559858718
2939,slab,11321.553576010096
2940,slab,11341.553576010096
2941,end,11361.553576010096
2942,slab,11581.46372018644
2943,slab,11626.185079736437
2944,branch,11688.004727348434
2945,slab,11789.759012053657
2946,slab,11818.043283301118
2947,slab,11862.764642851114
2948,end,11897.405659002492
2949,slab,10854.00584936959
2950,slab,10882.290120617052
2951,slab,10902.290120617052
2952,slab,10922.290120617052
2953,slab,10942.290120617052
2954,slab,10962.290120617052
2955,end,11022.290120617052
2956,slab,11178.390884961185
2957,slab,11206.675156208647
2958,branch,11234.959427456108
2959,branch,11279.680787006104
2960,slab,11328.670581861767
2961,slab,11363.311598013144
2962,end,11383.311598013144
2963,slab,10775.964337711997
2964,slab,10842.296833519105
2965,branch,10896.505180160384
2966,slab,11013.068391962312
2967,slab,11095.530504474666
2968,slab,11123.814775722127
2969,end,11152.099046969588
2970,slab,10891.940675101676
2971,slab,10926.581691253054
2972,slab,10954.865962500515
2973,slab,10974.865962500515
2974,slab,11009.506978651892
2975,slab,11029.506978651892
2976,end,11064.14799480327
2977,slab,11070.332657097037
2978,slab,11090.332657097037
2979,slab,11139.3224519527
2980,slab,11199.3224519527
2981,slab,11227.60672320016
2982,slab,11262.247739351538
2983,end,11290.532010599
2984,slab,10624.229902375242
2985,slab,10693.511934677997
2986,branch,10809.112402359597
2987,slab,10902.21113692782
2988,slab,10922.21113692782
2989,slab,10950.49540817528
2990,end,10978.779679422742
2991,slab,10561.20680354502
2992,slab,10617.775346039944
2993,slab,10662.49670558994
2994,slab,10697.137721741317
2995,slab,10731.778737892695
2996,slab,10766.419754044073
2997,end,10786.419754044073
2998,slab,10382.572423815354
2999,slab,10410.856695062816
3000,slab,10430.856695062816
3001,slab,10450.856695062816
3002,slab,10499.846489918478
3003,slab,10559.846489918478
3004,end,10604.567849468474
3005,branch,10531.411717543655
3006,slab,10561.455251722593
3007,slab,10589.739522970054
3008,slab,10638.729317825717
3009,slab,10683.450677375713
3010,slab,10703.450677375713
3011,end,10723.450677375713
3012,branch,10807.928037363481
3013,slab,10943.574637025986
3014,slab,11000.14317952091
3015,slab,11082.605292033264
3016,slab,11102.605292033264
3017,slab,11130.889563280725
3018,end,11165.530579432103
3019,branch,10322.92540573941
3020,slab,10386.925015119179
3021,slab,10446.925015119179
3022,slab,10486.925015119179
3023,slab,10531.646374669175
3024,slab,10551.646374669175
3025,end,10571.646374669175
3026,branch,10299.360195557383
3027,slab,10332.590025006939
3028,slab,10360.8742962544
3029,slab,10389.158567501861
3030,slab,10409.158567501861
3031,slab,10437.442838749323
3032,end,10472.0838549007
3033,slab,9872.53953897889
3034,slab,9907.180555130268
3035,branch,9967.180555130268
3036,slab,9987.180555130268
3037,slab,10007.180555130268
3038,slab,10035.464826377729
3039,end,10070.105842529107
3040,slab,9426.322731562399
3041,slab,9454.60700280986
3042,slab,9489.248018961238
3043,slab,9545.816561456162
3044,slab,9574.100832703623
3045,slab,9594.100832703623
3046,end,9622.385103951085
3047,slab,9454.87565417992
3048,slab,9474.87565417992
3049,slab,9503.15992542738
3050,slab,9531.444196674842
3051,slab,9566.08521282622
3052,slab,9600.726228977597
3053,end,9629.010500225058
3054,slab,9653.975960303907
3055,slab,9682.260231551369
3056,slab,9710.54450279883
3057,slab,9738.828774046291
3058,slab,9798.828774046291
3059,slab,9858.828774046291
3060,end,9893.469790197669
3061,slab,9373.947741191008
3062,slab,9446.058766700287
3063,slab,9466.058766700287
3064,slab,9494.343037947749
3065,slab,9539.064397497745
3066,slab,9573.705413649122
3067,end,9601.989684896584
3068,slab,1875.621603689083
3069,slab,2003.68408843774
3070,slab,2048.405447987736
3071,slab,2076.689719235198
3072,slab,2104.97399048266
3073,slab,2139.615006634038
3074,end,2159.615006634038
3075,branch,1708.6049375844723
3076,branch,1720.919369644823
3077,branch,1865.6285897016176
3078,slab,1982.0890876428466
3079,slab,2051.3711199456015
3080,slab,2120.6531522483565
3081,end,2214.4614674448253
3082,branch,12922.892965841325
3083,slab,12973.47316825663
3084,slab,13033.47316825663
3085,slab,13053.47316825663
3086,slab,13073.47316825663
3087,end,13093.47316825663
3088,branch,12922.731105951609
3089,slab,12951.01537719907
3090,slab,12971.01537719907
3091,branch,12982.619328291104
3092,slab,13005.65639339164
3093,end,13054.646188247303
3094,slab,11738.953280112786
3095,slab,11767.237551360247
3096,slab,11787.237551360247
3097,slab,11815.521822607709
3098,slab,11843.80609385517
3099,end,11863.80609385517
3100,slab,11991.195635936281
3101,slab,12011.195635936281
3102,slab,12031.195635936281
3103,slab,12059.479907183742
3104,slab,12094.12092333512
3105,end,12114.12092333512
3106,slab,12204.03567178862
3107,slab,12232.319943036082
3108,slab,12260.604214283543
3109,slab,12329.886246586299
3110,slab,12349.886246586299
3111,end,12384.527262737676
3112,slab,11915.13943369781
3113,slab,11943.423704945271
3114,slab,11963.423704945271
3115,slab,11991.707976192733
3116,slab,12019.992247440194
3117,end,12054.633263591571
3118,slab,11632.00623195883
3119,slab,11660.290503206292
3120,slab,11694.93151935767
3121,slab,11714.93151935767
3122,slab,11734.93151935767
3123,end,11763.21579060513
3124,slab,12397.367664527721
3125,slab,12432.008680679099
3126,slab,12466.649696830476
3127,slab,12486.649696830476
3128,slab,12506.649696830476
3129,end,12541.290712981854
3130,slab,11884.937349204054
3131,slab,11904.937349204054
3132,slab,11924.937349204054
3133,slab,11969.65870875405
3134,slab,12059.101427854042
3135,end,12143.954241596428
3136,slab,11275.102643257178
3137,slab,11295.102643257178
3138,slab,11344.09243811284
3139,slab,11378.733454264218
3140,slab,11427.723249119881
3141,end,11447.723249119881
3142,slab,12237.492839739069
3143,slab,12265.77711098653
3144,slab,12300.418127137908
3145,slab,12328.702398385369
3146,slab,12356.98666963283
3147,end,12391.627685784208
3148,branch,11182.838196558852
3149,branch,11288.049939935561
3150,slab,11344.267408318381
3151,slab,11364.267408318381
3152,slab,11398.908424469759
3153,end,11427.19269571722
3154,slab,11558.979536936997
3155,slab,11587.263808184458
3156,slab,11621.904824335836
3157,slab,11641.904824335836
3158,slab,11661.904824335836
3159,end,11681.904824335836
3160,slab,10894.61733882807
3161,slab,10939.338698378066
3162,slab,10979.338698378066
3163,slab,10999.338698378066
3164,slab,11044.060057928062
3165,end,11072.344329175523
3166,slab,11143.575852636866
3167,slab,11183.575852636866
3168,slab,11211.860123884328
3169,slab,11268.428666379252
3170,slab,11288.428666379252
3171,end,11323.06968253063
3172,slab,11292.564005988952
3173,slab,11337.285365538948
3174,slab,11382.006725088944
3175,slab,11402.006725088944
3176,slab,11430.290996336405
3177,end,11458.575267583867
3178,slab,11263.77925256874
3179,slab,11338.612400304219
3180,slab,11373.253416455596
3181,slab,11433.253416455596
3182,slab,11461.537687703058
3183,end,11481.537687703058
3184,slab,11112.424932092319
3185,slab,11175.670485295686
3186,slab,11210.311501447064
3187,slab,11230.311501447064
3188,slab,11250.311501447064
3189,end,11270.311501447064
3190,slab,11246.303190098997
3191,slab,11266.303190098997
3192,slab,11286.303190098997
3193,slab,11314.587461346458
3194,slab,11354.587461346458
3195,end,11414.587461346458
3196,slab,11101.542436054087
3197,slab,11146.263795604083
3198,slab,11180.904811755461
3199,slab,11237.473354250385
3200,slab,11272.114370401763
3201,end,11306.75538655314
3202,slab,10994.206322776186
3203,slab,11038.927682326183
3204,slab,11073.56869847756
3205,slab,11108.209714628938
3206,slab,11128.209714628938
3207,end,11162.850730780316
3208,slab,11079.810377252603
3209,slab,11099.810377252603
3210,slab,11128.094648500064
3211,slab,11156.378919747525
3212,slab,11191.019935898903
3213,end,11211.019935898903
3214,slab,10800.44720775857
3215,slab,10820.44720775857
3216,slab,10840.44720775857
3217,slab,10860.44720775857
3218,slab,10880.44720775857
3219,end,10900.44720775857
3220,branch,10884.715408886512
3221,slab,11048.422464323961
3222,branch,11123.25561205944
3223,slab,11243.25561205944
3224,slab,11263.25561205944
3225,end,11283.25561205944
3226,slab,10622.963224142906
3227,slab,10657.604240294284
3228,slab,10677.604240294284
3229,slab,10705.888511541745
3230,slab,10740.529527693123
3231,end,10768.813798940584
3232,slab,10490.556718198553
3233,slab,10518.840989446015
3234,slab,10553.482005597392
3235,slab,10588.12302174877
3236,slab,10608.12302174877
3237,end,10628.12302174877
3238,slab,9978.76241380464
3239,slab,10027.752208660302
3240,slab,10067.752208660302
3241,slab,10096.036479907763
3242,slab,10116.036479907763
3243,end,10150.677496059141
3244,slab,9681.162466619036
3245,slab,9709.446737866498
3246,slab,9744.087754017875
3247,slab,9800.6562965128
3248,slab,9840.6562965128
3249,end,9868.94056776026
3250,branch,9238.28276716966
3251,slab,9320.744879682014
3252,slab,9383.99043288538
3253,slab,9432.980227741044
3254,slab,9452.980227741044
3255,end,9481.264498988505
3256,slab,9759.20844085371
3257,slab,9825.540936660818
3258,slab,9910.393750403204
3259,slab,9966.962292898128
3260,slab,9995.24656414559
3261,end,10015.24656414559
3262,slab,9912.53953897889
3263,slab,9947.180555130268
3264,slab,10007.180555130268
3265,slab,10041.821571281645
3266,slab,10061.821571281645
3267,end,10081.821571281645
3268,slab,9237.940326653174
3269,slab,9282.66168620317
3270,slab,9331.651481058832
3271,slab,9366.29249721021
3272,slab,9386.29249721021
3273,end,9420.933513361588
3274,branch,52518.265275601065
3275,slab,52637.43659103613
3276,slab,52694.005133531056
3277,slab,52728.646149682434
3278,end,52748.646149682434
3279,branch,49533.8961943519
3280,slab,49677.91382572383
3281,slab,49877.27874782102
3282,slab,49926.268542676684
3283,end,49946.268542676684
3284,branch,44621.43829551585
3285,slab,44691.82678407683
3286,slab,44720.11105532429
3287,slab,44740.11105532429
3288,end,44760.11105532429
3289,slab,13048.729439978155
3290,slab,13068.729439978155
3291,slab,13088.729439978155
3292,slab,13108.729439978155
3293,end,13128.729439978155
3294,slab,11645.015213534887
3295,slab,11790.617411320498
3296,slab,11856.949907127606
3297,slab,11964.653203270296
3298,end,12066.633593542152
3299,slab,12582.823771481957
3300,slab,12611.108042729418
3301,slab,12645.749058880796
3302,slab,12674.033330128257
3303,end,12723.02312498392
3304,slab,12279.198263614771
3305,slab,12319.198263614771
3306,slab,12379.198263614771
3307,slab,12399.198263614771
3308,end,12427.482534862233
3309,slab,12091.177609111774
3310,slab,12119.461880359235
3311,slab,12147.746151606696
3312,slab,12182.387167758074
3313,end,12210.671439005535
3314,slab,12436.937552765803
3315,slab,12465.221824013264
3316,slab,12493.506095260725
3317,slab,12513.506095260725
3318,end,12548.147111412103
3319,branch,11668.565663885813
3320,slab,11703.20668003719
3321,slab,11723.20668003719
3322,slab,11757.847696188568
3323,end,11792.488712339946
3324,slab,11898.441969771935
3325,slab,11926.726241019396
3326,slab,11961.367257170774
3327,slab,11981.367257170774
3328,end,12009.651528418235
3329,slab,12225.052107994505
3330,slab,12259.693124145882
3331,slab,12294.33414029726
3332,slab,12322.618411544721
3333,end,12350.902682792183
3334,slab,11923.271230402903
3335,slab,11951.555501650364
3336,slab,11986.196517801742
3337,slab,12006.196517801742
3338,end,12034.480789049203
3339,slab,11604.297228580146
3340,slab,11649.018588130142
3341,slab,11677.302859377603
3342,slab,11711.943875528981
3343,end,11731.943875528981
3344,slab,12064.584015943494
3345,slab,12084.584015943494
3346,slab,12104.584015943494
3347,slab,12124.584015943494
3348,end,12169.30537549349
3349,slab,12085.739677572134
3350,slab,12120.380693723511
3351,slab,12180.380693723511
3352,slab,12200.380693723511
3353,end,12228.664964970973
3354,slab,11882.078055583626
3355,slab,11910.362326831088
3356,slab,11945.003342982465
3357,slab,11965.003342982465
3358,end,11993.287614229926
3359,slab,11949.413281083944
3360,slab,12005.981823578868
3361,slab,12054.97161843453
3362,slab,12099.692977984527
3363,end,12134.333994135905
3364,slab,11913.325757166473
3365,slab,11933.325757166473
3366,slab,11953.325757166473
3367,slab,11973.325757166473
3368,end,12001.610028413934
3369,slab,11652.484817188355
3370,slab,11680.769088435816
3371,slab,11709.053359683277
3372,slab,11737.337630930739
3373,end,11771.978647082116
3374,slab,11676.917712797083
3375,slab,11705.201984044545
3376,slab,11733.486255292006
3377,slab,11768.127271443384
3378,end,11802.768287594761
3379,slab,11360.457257109056
3380,slab,11380.457257109056
3381,slab,11415.098273260433
3382,slab,11435.098273260433
3383,end,11455.098273260433
3384,slab,11382.01456257778
3385,slab,11402.01456257778
3386,slab,11430.298833825242
3387,slab,11458.583105072703
3388,end,11478.583105072703
3389,slab,11170.731996870325
3390,slab,11199.016268117786
3391,slab,11227.300539365247
3392,slab,11261.941555516625
3393,end,11290.225826764086
3394,slab,11187.375330324972
3395,slab,11215.659601572434
3396,slab,11235.659601572434
3397,slab,11263.943872819895
3398,end,11312.933667675557
3399,slab,11148.916353702154
3400,slab,11177.200624949615
3401,slab,11205.484896197077
3402,slab,11233.769167444538
3403,end,11253.769167444538
3404,branch,11150.21711252554
3405,slab,11272.648856267147
3406,slab,11321.63865112281
3407,slab,11381.63865112281
3408,end,11401.63865112281
3409,slab,11570.194290318834
3410,slab,11598.478561566295
3411,slab,11633.119577717673
3412,slab,11661.403848965134
3413,end,11689.688120212595
3414,slab,11678.375095611114
3415,slab,11698.375095611114
3416,slab,11718.375095611114
3417,slab,11746.659366858576
3418,end,11766.659366858576
3419,branch,11142.08765089354
3420,slab,11207.667910649549
3421,slab,11235.95218189701
3422,slab,11255.95218189701
3423,end,11284.236453144471
3424,slab,10950.66895282901
3425,slab,10970.66895282901
3426,slab,10990.66895282901
3427,slab,11010.66895282901
3428,end,11055.390312379006
3429,slab,11272.660654138941
3430,slab,11307.301670290319
3431,slab,11327.301670290319
3432,slab,11347.301670290319
3433,end,11375.58594153778
3434,branch,10955.121803047645
3435,branch,11041.795430279177
3436,slab,11133.446944178293
3437,slab,11168.08796032967
3438,end,11188.08796032967
3439,slab,10823.912931112223
3440,slab,10843.912931112223
3441,slab,10863.912931112223
3442,slab,10892.197202359685
3443,end,10920.481473607146
3444,slab,11122.106660855752
3445,slab,11142.106660855752
3446,slab,11162.106660855752
3447,slab,11202.106660855752
3448,end,11242.106660855752
3449,slab,11094.714958162898
3450,slab,11114.714958162898
3451,slab,11142.99922941036
3452,slab,11177.640245561737
3453,end,11205.924516809198
3454,slab,10690.928697996715
3455,slab,10710.928697996715
3456,slab,10739.212969244176
3457,slab,10773.853985395554
3458,end,10808.495001546931
3459,slab,10630.984241609025
3460,slab,10659.268512856486
3461,slab,10693.909529007864
3462,slab,10713.909529007864
3463,end,10742.193800255325
3464,slab,10594.840510725753
3465,slab,10614.840510725753
3466,slab,10643.124781973214
3467,slab,10671.409053220676
3468,end,10691.409053220676
3469,slab,10570.902836764108
3470,slab,10599.187108011569
3471,slab,10619.187108011569
3472,slab,10647.47137925903
3473,end,10675.755650506491
3474,slab,10567.677677566498
3475,slab,10595.96194881396
3476,slab,10615.96194881396
3477,slab,10635.96194881396
3478,end,10655.96194881396
3479,slab,10032.816407154245
3480,slab,10096.061960357612
3481,slab,10124.346231605074
3482,slab,10164.346231605074
3483,end,10224.346231605074
3484,slab,10513.783682593858
3485,slab,10542.067953841319
3486,slab,10576.708969992696
3487,slab,10604.993241240158
3488,end,10624.993241240158
3489,slab,10467.184287947404
3490,branch,10567.184287947404
3491,slab,10636.46632025016
3492,slab,10664.750591497621
3493,end,10684.750591497621
3494,slab,10345.032425731395
3495,slab,10365.032425731395
3496,slab,10399.673441882773
3497,slab,10427.957713130234
3498,end,10476.947507985897
3499,slab,9816.70356788114
3500,slab,9844.987839128602
3501,slab,9879.62885527998
3502,slab,9907.91312652744
3503,end,9936.197397774902
3504,slab,10235.850274769651
3505,slab,10307.96130027893
3506,slab,10336.245571526391
3507,slab,10370.886587677769
3508,end,10390.886587677769
3509,slab,9787.723737126447
3510,slab,9889.704127398303
3511,slab,9924.34514354968
3512,slab,9944.34514354968
3513,end,9964.34514354968
3514,slab,9796.61961782517
3515,slab,9831.260633976548
3516,slab,9851.260633976548
3517,slab,9871.260633976548
3518,end,9899.54490522401
3519,slab,9172.356477731237
3520,slab,9217.077837281233
3521,slab,9237.077837281233
3522,slab,9257.077837281233
3523,end,9285.362108528694
3524,slab,2080.7906651252947
3525,slab,2137.3592076202185
3526,slab,2250.496292610066
3527,slab,2285.137308761444
3528,end,2334.1271036171074
3529,slab,54319.92304301479
3530,branch,54432.393397242005
3531,slab,54559.72244360907
3532,end,54651.373957508185
3533,slab,53441.38449863688
3534,slab,53533.036012535995
3535,slab,53673.036012535995
3536,end,53824.03270124141
3537,branch,52778.87451122555
3538,slab,52880.190197221906
3539,slab,52929.17999207757
3540,end,52957.464263325026
3541,slab,40357.63120257812
3542,slab,40449.28271647724
3543,slab,40489.28271647724
3544,end,40517.5669877247
3545,slab,12967.452465501605
3546,slab,13002.093481652983
3547,slab,13036.73449780436
3548,end,13056.73449780436
3549,slab,12929.275291806995
3550,slab,12957.559563054456
3551,slab,12985.843834301917
3552,end,13014.128105549378
3553,slab,12729.26700097038
3554,slab,12749.26700097038
3555,slab,12777.551272217841
3556,end,12805.835543465302
3557,slab,12702.883478968228
3558,slab,12731.167750215689
3559,slab,12765.808766367067
3560,end,12800.449782518444
3561,slab,12183.480240274497
3562,slab,12218.121256425875
3563,slab,12238.121256425875
3564,end,12266.405527673336
3565,slab,12561.505961248891
3566,slab,12589.790232496352
3567,slab,12609.790232496352
3568,end,12629.790232496352
3569,slab,12687.240976107289
3570,slab,12707.240976107289
3571,slab,12741.881992258666
3572,end,12776.523008410044
3573,slab,12340.136590816428
3574,slab,12360.136590816428
3575,slab,12388.42086206389
3576,end,12423.061878215267
3577,slab,11756.22734621591
3578,slab,11784.511617463371
3579,slab,11812.795888710833
3580,end,11841.080159958294
3581,slab,12357.255535391985
3582,slab,12377.255535391985
3583,slab,12411.896551543363
3584,end,12440.180822790824
3585,slab,12603.522202378152
3586,slab,12652.511997233814
3587,slab,12701.501792089477
3588,end,12721.501792089477
3589,slab,12049.481947051392
3590,slab,12084.12296320277
3591,slab,12118.763979354148
3592,end,12153.404995505525
3593,slab,11504.753764977591
3594,slab,11524.753764977591
3595,slab,11559.394781128969
3596,end,11587.67905237643
3597,slab,12103.934046801782
3598,slab,12148.655406351778
3599,slab,12176.939677599239
3600,end,12205.2239488467
3601,slab,11862.402979221655
3602,slab,11897.043995373033
3603,slab,11925.328266620494
3604,end,11953.612537867955
3605,slab,11570.17746735728
3606,slab,11598.461738604741
3607,slab,11618.461738604741
3608,end,11638.461738604741
3609,slab,11757.931312366662
3610,slab,11777.931312366662
3611,slab,11806.215583614123
3612,end,11834.499854861584
3613,slab,11436.259374902724
3614,slab,11464.543646150185
3615,slab,11484.543646150185
3616,end,11504.543646150185
3617,slab,11879.410931160073
3618,slab,11907.695202407534
3619,slab,11935.979473654996
3620,end,11964.263744902457
3621,slab,11760.287621164998
3622,slab,11805.008980714994
3623,slab,11833.293251962456
3624,end,11878.014611512452
3625,slab,11741.479942337875
3626,slab,11761.479942337875
3627,slab,11789.764213585337
3628,end,11824.405229736714
3629,slab,11731.236326145256
3630,slab,11759.520597392717
3631,slab,11794.161613544095
3632,end,11814.161613544095
3633,slab,11404.615974026925
3634,slab,11439.256990178303
3635,slab,11467.541261425764
3636,end,11495.825532673225
3637,slab,11937.137629550463
3638,slab,11971.778645701841
3639,slab,12020.768440557504
3640,end,12049.052711804965
3641,slab,11606.76166579366
3642,slab,11635.04593704112
3643,slab,11655.04593704112
3644,end,11689.686953192499
3645,slab,11654.779396634505
3646,slab,11674.779396634505
3647,slab,11694.779396634505
3648,end,11743.769191490168
3649,slab,11738.681323790457
3650,slab,11787.67111864612
3651,slab,11815.955389893581
3652,end,11835.955389893581
3653,slab,11225.707561441344
3654,slab,11285.707561441344
3655,slab,11320.348577592722
3656,end,11348.632848840183
3657,slab,11624.632884828341
3658,slab,11652.917156075802
3659,slab,11687.55817222718
3660,end,11707.55817222718
3661,slab,11746.877180209442
3662,slab,11766.877180209442
3663,slab,11786.877180209442
3664,end,11806.877180209442
3665,slab,11358.699602141789
3666,slab,11386.98387338925
3667,slab,11406.98387338925
3668,end,11426.98387338925
3669,slab,11531.05036224306
3670,slab,11559.334633490522
3671,slab,11587.618904737983
3672,end,11615.903175985444
3673,slab,11294.959427456108
3674,slab,11323.243698703569
3675,slab,11351.52796995103
3676,end,11386.168986102408
3677,branch,11105.085795910776
3678,slab,11172.212077928067
3679,slab,11200.496349175528
3680,end,11228.78062042299
3681,slab,11752.14950781373
3682,slab,11801.139302669393
3683,slab,11821.139302669393
3684,end,11865.86066221939
3685,slab,11653.933995222866
3686,slab,11688.575011374243
3687,slab,11723.216027525621
3688,end,11757.857043676999
3689,slab,11986.42435005415
3690,slab,12026.42435005415
3691,slab,12071.145709604147
3692,end,12099.429980851608
3693,branch,11574.883874906602
3694,slab,11639.747724808423
3695,slab,11773.91180345841
3696,end,11830.480345953334
3697,slab,11287.59134719716
3698,slab,11315.875618444621
3699,slab,11335.875618444621
3700,end,11355.875618444621
3701,slab,10885.759949636917
3702,slab,10920.400965788294
3703,slab,10940.400965788294
3704,end,10975.041981939672
3705,slab,10819.00488158735
3706,slab,10893.83802932283
3707,slab,10957.083582526197
3708,end,11048.735096425313
3709,slab,11029.241318061771
3710,slab,11063.882334213149
3711,slab,11083.882334213149
3712,end,11103.882334213149
3713,slab,11179.132169632101
3714,slab,11235.700712127025
3715,slab,11255.700712127025
3716,end,11283.984983374487
3717,slab,11088.303179123304
3718,slab,11122.944195274682
3719,slab,11151.228466522143
3720,end,11185.86948267352
3721,slab,11068.17942435272
3722,slab,11096.463695600181
3723,slab,11116.463695600181
3724,end,11144.747966847643
3725,slab,11083.608506253575
3726,slab,11111.892777501036
3727,slab,11140.177048748497
3728,end,11168.461319995959
3729,branch,11060.066646523665
3730,branch,11090.194453820104
3731,slab,11180.815955491033
3732,end,11200.815955491033
3733,slab,10595.552334684311
3734,slab,10615.552334684311
3735,slab,10635.552334684311
3736,end,10655.552334684311
3737,slab,11100.765122828092
3738,slab,11149.754917683755
3739,slab,11169.754917683755
3740,end,11198.039188931216
3741,slab,10840.62439509218
3742,slab,10918.4061410227
3743,slab,11020.386531294556
3744,end,11040.386531294556
3745,slab,10854.805933942287
3746,slab,10883.090205189748
3747,slab,10917.731221341126
3748,end,10937.731221341126
3749,slab,10395.806400861256
3750,slab,10435.806400861256
3751,slab,10455.806400861256
3752,end,10490.447417012634
3753,slab,10486.500928474748
3754,slab,10521.141944626126
3755,slab,10555.782960777504
3756,end,10575.782960777504
3757,slab,10694.775024807997
3758,slab,10723.059296055459
3759,slab,10751.34356730292
3760,end,10779.627838550381
3761,branch,11254.19183895535
3762,slab,11377.929278978228
3763,slab,11412.570295129606
3764,end,11432.570295129606
3765,slab,10692.411418382104
3766,slab,10755.656971585471
3767,slab,10783.941242832932
3768,end,10803.941242832932
3769,slab,10730.280611035969
3770,slab,10750.280611035969
3771,slab,10795.001970585965
3772,end,10855.001970585965
3773,slab,10772.493149795067
3774,slab,10807.134165946445
3775,slab,10827.134165946445
3776,end,10855.418437193906
3777,slab,11173.528947115881
3778,slab,11230.097489610805
3779,slab,11258.381760858267
3780,end,11286.666032105728
3781,slab,10772.78340893376
3782,slab,10801.06768018122
3783,slab,10829.351951428682
3784,end,10863.99296758006
3785,slab,10579.332913522043
3786,slab,10624.054273072039
3787,slab,10658.695289223417
3788,end,10678.695289223417
3789,slab,10615.271271470741
3790,slab,10635.271271470741
3791,slab,10655.271271470741
3792,end,10675.271271470741
3793,slab,10733.892940986387
3794,slab,10768.533957137764
3795,slab,10831.779510341132
3796,end,10898.11200614824
3797,slab,11105.208041214813
3798,slab,11139.849057366191
3799,slab,11174.490073517569
3800,end,11194.490073517569
3801,slab,11074.710280975949
3802,slab,11094.710280975949
3803,slab,11114.710280975949
3804,end,11142.99455222341
3805,branch,10208.930946414719
3806,slab,10294.485506415744
3807,slab,10322.769777663205
3808,end,10342.769777663205
3809,slab,10642.051216826305
3810,slab,10670.335488073766
3811,slab,10698.619759321227
3812,end,10718.619759321227
3813,slab,10483.158410679107
3814,slab,10503.158410679107
3815,slab,10523.158410679107
3816,end,10551.442681926568
3817,slab,10490.953698358777
3818,slab,10510.953698358777
3819,slab,10539.237969606238
3820,end,10573.878985757616
3821,slab,10560.997882282583
3822,slab,10595.638898433961
3823,slab,10630.279914585339
3824,end,10658.5641858328
3825,slab,10392.48335245652
3826,slab,10420.767623703981
3827,slab,10449.051894951443
3828,end,10477.336166198904
3829,slab,10325.123452298285
3830,slab,10381.69199479321
3831,slab,10426.413354343205
3832,end,10461.054370494583
3833,slab,10360.876857448668
3834,slab,10395.517873600045
3835,slab,10415.517873600045
3836,end,10443.802144847506
3837,slab,9857.062479576014
3838,slab,9891.703495727392
3839,slab,9919.987766974853
3840,end,9954.62878312623
3841,slab,10105.295436463339
3842,slab,10154.285231319001
3843,slab,10214.285231319001
3844,end,10234.285231319001
3845,slab,10272.466610383233
3846,slab,10307.107626534611
3847,slab,10356.097421390274
3848,end,10376.097421390274
3849,branch,10299.037052611171
3850,slab,10359.836067709846
3851,slab,10379.836067709846
3852,end,10408.120338957307
3853,slab,10248.927970174327
3854,slab,10268.927970174327
3855,slab,10303.568986325705
3856,end,10331.853257573166
3857,slab,10245.053797495799
3858,slab,10279.694813647176
3859,slab,10314.335829798554
3860,end,10342.620101046015
3861,slab,10221.599361885348
3862,slab,10249.88363313281
3863,slab,10278.16790438027
3864,end,10298.16790438027
3865,slab,10001.821571281645
3866,slab,10036.462587433023
3867,slab,10064.746858680484
3868,end,10093.031129927946
3869,slab,9668.664069657618
3870,slab,9731.909622860985
3871,slab,9766.550639012363
3872,end,9794.834910259824
3873,slab,9801.370603164176
3874,slab,9821.370603164176
3875,slab,9849.654874411637
3876,end,9884.295890563015
3877,slab,9806.172476657099
3878,slab,9840.813492808476
3879,slab,9869.097764055938
3880,end,9897.382035303399
3881,slab,10072.257929884654
3882,slab,10128.826472379578
3883,slab,10200.937497888857
3884,end,10220.937497888857
3885,slab,9745.332769590266
3886,slab,9773.617040837727
3887,slab,9801.901312085189
3888,end,9821.901312085189
3889,slab,9557.021834794825
3890,slab,9623.354330601933
3891,slab,9657.99534675331
3892,end,9692.636362904688
3893,slab,2683.4240483832596
3894,slab,2814.5728188692997
3895,slab,2883.8548511720546
3896,end,2943.8548511720546
3897,slab,2178.0921208519107
3898,slab,2206.3763920993724
3899,slab,2275.6584244021274
3900,end,2303.942695649589
3901,slab,54652.17401431004
3902,slab,54680.4582855575
3903,end,54700.4582855575
3904,branch,52996.73001156726
3905,slab,53137.09903061956
3906,end,53228.750544518676
3907,slab,54062.788647841095
3908,slab,54145.25076035345
3909,end,54194.24055520911
3910,slab,52105.86182608339
3911,slab,52154.85162093905
3912,end,52183.13589218651
3913,slab,50915.04121574885
3914,slab,50971.60975824378
3915,end,50999.89402949124
3916,slab,39402.52618884829
3917,slab,39474.63721435757
3918,end,39494.63721435757
3919,slab,13044.509347864363
3920,slab,13079.15036401574
3921,end,13107.434635263202
3922,slab,13215.6161124922
3923,slab,13243.900383739661
3924,end,13272.184654987122
3925,slab,13151.479593682172
3926,slab,13171.479593682172
3927,end,13216.200953232168
3928,slab,13051.569379930608
3929,slab,13071.569379930608
3930,end,13106.210396081986
3931,slab,12845.910751680418
3932,slab,12874.19502292788
3933,end,12908.836039079257
3934,slab,12779.465747130902
3935,slab,12824.187106680898
3936,end,12896.298132190177
3937,slab,11951.873179462946
3938,slab,11980.157450710407
3939,end,12014.798466861785
3940,slab,11790.131266223389
3941,slab,11824.772282374766
3942,end,11844.772282374766
3943,slab,12129.547816879402
3944,slab,12149.547816879402
3945,end,12169.547816879402
3946,slab,12113.560583673116
3947,slab,12148.201599824493
3948,end,12176.485871071955
3949,slab,12273.629785110601
3950,slab,12330.198327605525
3951,end,12358.482598852986
3952,slab,11765.20210569031
3953,slab,11793.486376937772
3954,end,11813.486376937772
3955,slab,12169.578749430997
3956,slab,12197.863020678458
3957,end,12232.504036829836
3958,slab,11717.555458741475
3959,slab,11737.555458741475
3960,end,11772.196474892853
3961,slab,12197.066686908693
3962,slab,12225.350958156154
3963,end,12259.991974307532
3964,slab,11509.228733969017
3965,slab,11565.797276463942
3966,end,11585.797276463942
3967,slab,12127.509303342335
3968,slab,12147.509303342335
3969,end,12175.793574589796
3970,slab,11335.972540307132
3971,slab,11370.61355645851
3972,end,11405.254572609887
3973,slab,11880.165080062154
3974,slab,11914.806096213531
3975,end,11934.806096213531
3976,slab,11995.552619568902
3977,slab,12030.19363572028
3978,end,12064.834651871657
3979,slab,11107.934723754044
3980,slab,11136.218995001505
3981,end,11164.503266248967
3982,slab,11695.443138622699
3983,slab,11723.72740987016
3984,end,11752.011681117621
3985,slab,11536.739673894455
3986,slab,11610.289894853266
3987,end,11638.574166100727
3988,branch,11741.1182228335
3989,slab,11827.818743686388
3990,end,11856.10301493385
3991,slab,11019.650452506583
3992,slab,11047.934723754044
3993,end,11067.934723754044
3994,slab,11442.140360590261
3995,slab,11462.140360590261
3996,end,11496.78137674164
3997,slab,11587.099723761588
3998,slab,11647.099723761588
3999,end,11681.740739912966
4000,slab,11693.14683406157
4001,slab,11749.715376556494
4002,end,11777.999647803956
4003,slab,11814.915533748375
4004,slab,11859.636893298371
4005,end,11894.27790944975
4006,slab,11777.782416732016
4007,slab,11806.066687979477
4008,end,11826.066687979477
4009,slab,11156.791327772258
4010,slab,11185.07559901972
4011,end,11205.07559901972
4012,slab,11781.595565221633
4013,slab,11801.595565221633
4014,end,11821.595565221633
4015,slab,11371.887683171422
4016,slab,11391.887683171422
4017,end,11411.887683171422
4018,slab,11364.894920774761
4019,slab,11413.884715630424
4020,end,11433.884715630424
4021,slab,11265.070870913678
4022,slab,11285.070870913678
4023,end,11319.711887065056
4024,slab,11115.936637283858
4025,slab,11135.936637283858
4026,end,11164.220908531319
4027,slab,11261.299030211434
4028,slab,11281.299030211434
4029,end,11301.299030211434
4030,slab,11776.123917458197
4031,slab,11836.123917458197
4032,end,11870.764933609575
4033,slab,11027.852639749497
4034,slab,11062.493655900875
4035,end,11090.777927148336
4036,slab,10864.660054104736
4037,slab,10899.301070256113
4038,end,10933.942086407491
4039,slab,11212.463379455097
4040,slab,11240.747650702559
4041,end,11260.747650702559
4042,slab,11171.313885709389
4043,slab,11199.59815695685
4044,end,11227.882428204312
4045,slab,11296.858634688904
4046,slab,11331.499650840282
4047,end,11359.783922087743
4048,slab,11241.854990205082
4049,slab,11276.49600635646
4050,end,11311.137022507837
4051,slab,11519.975933114754
4052,slab,11539.975933114754
4053,end,11568.260204362216
4054,slab,10885.347228359646
4055,slab,10934.337023215308
4056,end,10968.978039366686
4057,slab,11126.147033444868
4058,slab,11170.868392994864
4059,end,11190.868392994864
4060,slab,11746.392044761578
4061,slab,11791.113404311574
4062,end,11851.113404311574
4063,slab,11141.05734622876
4064,slab,11161.05734622876
4065,end,11195.698362380137
4066,slab,11648.456033122196
4067,slab,11668.456033122196
4068,end,11688.456033122196
4069,slab,10910.056873823405
4070,slab,10930.056873823405
4071,end,10964.697889974783
4072,slab,10921.525223959277
4073,slab,10949.809495206739
4074,end,10984.450511358116
4075,slab,10877.426091455773
4076,slab,10926.415886311435
4077,end,10954.700157558897
4078,slab,10769.290474132835
4079,slab,10789.290474132835
4080,end,10817.574745380296
4081,slab,11037.384160724998
4082,slab,11082.105520274994
4083,end,11142.105520274994
4084,slab,10893.94125557281
4085,slab,10913.94125557281
4086,end,10933.94125557281
4087,slab,11474.981611067677
4088,slab,11509.622627219054
4089,end,11537.906898466515
4090,slab,11008.003688945892
4091,slab,11042.64470509727
4092,end,11062.64470509727
4093,slab,11301.393619400189
4094,slab,11350.383414255852
4095,end,11435.236227998237
4096,slab,11187.522545112099
4097,slab,11207.522545112099
4098,end,11235.80681635956
4099,slab,10535.732777680261
4100,slab,10575.732777680261
4101,end,10615.732777680261
4102,slab,10686.817402952638
4103,slab,10731.538762502634
4104,end,10751.538762502634
4105,slab,10819.22094975932
4106,slab,10847.50522100678
4107,end,10875.789492254242
4108,branch,10728.493898614906
4109,slab,10819.025958733419
4110,end,10847.31022998088
4111,slab,10852.186843440635
4112,slab,10872.186843440635
4113,end,10892.186843440635
4114,slab,11160.569573433642
4115,slab,11209.559368289305
4116,end,11244.200384440683
4117,slab,10520.403148113424
4118,slab,10555.044164264802
4119,end,10589.68518041618
4120,slab,10942.092116013468
4121,slab,10962.092116013468
4122,end,11025.337669216835
4123,slab,10553.006082718211
4124,slab,10587.64709886959
4125,end,10622.288115020967
4126,slab,10315.101276040597
4127,slab,10349.742292191975
4128,end,10378.026563439436
4129,slab,10385.279710929693
4130,slab,10405.279710929693
4131,end,10439.920727081071
4132,slab,10272.6882211921
4133,slab,10332.6882211921
4134,end,10360.972492439561
4135,slab,9696.727117100261
4136,slab,9725.011388347722
4137,end,9753.295659595184
4138,slab,10025.300507606133
4139,slab,10070.021867156129
4140,end,10090.021867156129
4141,slab,9298.28276716966
4142,slab,9326.56703841712
4143,end,9346.56703841712
4144,slab,10066.348933853982
4145,slab,10115.338728709645
4146,end,10135.338728709645
4147,slab,9935.670522626035
4148,slab,9963.954793873496
4149,end,9983.954793873496
4150,slab,9926.488553110396
4151,slab,9983.05709560532
4152,end,10032.046890460982
4153,slab,9238.28276716966
4154,slab,9283.004126719656
4155,end,9311.288397967117
4156,slab,9674.300285447085
4157,slab,9708.941301598463
4158,end,9728.941301598463
4159,branch,9367.6064937618
4160,slab,9465.02763295011
4161,end,9485.02763295011
4162,slab,9409.04012560036
4163,slab,9453.761485150357
4164,end,9473.761485150357
4165,slab,9204.492252354283
4166,slab,9239.13326850566
4167,end,9267.417539753122
4168,slab,8970.426119281155
4169,slab,9005.067135432533
4170,end,9025.067135432533
4171,slab,2195.2325550377263
4172,slab,2239.953914587722
4173,end,2268.2381858351837
4174,slab,1870.2227151765592
4175,slab,1955.0755289189449
4176,end,2011.6440714138687
4177,branch,1302.98363852854
4178,branch,1465.6119004285047
4179,end,1657.3644440139722
4180,slab,54397.106554842634
4181,end,54453.67509733756
4182,slab,54222.788647841095
4183,end,54251.072919088554
4184,slab,52680.640712924374
4185,end,52725.36207247437
4186,slab,53079.069339530644
4187,end,53107.353610778104
4188,slab,53383.65561092488
4189,end,53418.296627076255
4190,slab,52634.46169168187
4191,end,52669.10270783325
4192,slab,49592.49301352246
4193,end,49612.49301352246
4194,slab,41614.59835638492
4195,end,41671.16689887985
4196,slab,40691.32676894629
4197,end,40751.32676894629
4198,slab,39879.96768412708
4199,end,39908.25195537454
4200,slab,29480.117447260323
4201,end,29500.117447260323
4202,slab,29254.473637606265
4203,end,29274.473637606265
4204,slab,13340.91022693694
4205,end,13375.551243088317
4206,slab,12861.152365556756
4207,end,12895.793381708134
4208,slab,13025.824906558804
4209,end,13054.109177806266
4210,slab,13005.16652828069
4211,end,13033.450799528151
4212,slab,12512.6595199861
4213,end,12547.300536137478
4214,slab,12428.50449263646
4215,end,12463.145508787838
4216,slab,12733.252020437934
4217,end,12767.893036589312
4218,slab,12472.219246847912
4219,end,12506.86026299929
4220,branch,12462.967424553222
4221,end,12504.898916298687
4222,slab,12300.71218409928
4223,end,12320.71218409928
4224,slab,11769.468213845237
4225,end,11797.752485092698
4226,slab,11878.867293189052
4227,end,11898.867293189052
4228,slab,11505.762995095769
4229,end,11540.404011247147
4230,slab,11761.579545491946
4231,end,11789.863816739407
4232,slab,11619.569920105236
4233,end,11654.210936256613
4234,slab,11865.51740114637
4235,end,11885.51740114637
4236,slab,11675.102262224913
4237,end,11703.386533472374
4238,slab,11799.588540141218
4239,end,11827.87281138868
4240,slab,11830.318378753554
4241,end,11864.959394904932
4242,slab,11088.05322746752
4243,end,11116.337498714982
4244,slab,11880.238612792382
4245,end,11914.87962894376
4246,slab,11023.319192851093
4247,end,11051.603464098554
4248,slab,11428.527249156838
4249,end,11456.811520404299
4250,slab,11835.723539791497
4251,end,11864.007811038959
4252,slab,11398.361125424979
4253,end,11433.002141576357
4254,slab,11493.158965537006
4255,end,11553.158965537006
4256,slab,11577.885687225873
4257,end,11612.52670337725
4258,slab,11429.464035702225
4259,end,11449.464035702225
4260,slab,11848.090349706368
4261,end,11908.090349706368
4262,slab,11160.60149121368
4263,end,11195.242507365057
4264,slab,11790.867926577474
4265,end,11850.867926577474
4266,slab,11375.881556078326
4267,end,11395.881556078326
4268,slab,11675.737142201648
4269,end,11735.737142201648
4270,slab,11607.127079944588
4271,end,11635.41135119205
4272,slab,11718.164266716352
4273,end,11752.80528286773
4274,slab,11002.894381247424
4275,end,11037.535397398802
4276,slab,10995.836292333666
4277,end,11055.836292333666
4278,slab,10927.803269561657
4279,end,10956.087540809118
4280,slab,11123.558570324729
4281,end,11195.669595834008
4282,slab,11207.68643627037
4283,end,11242.327452421749
4284,slab,10987.299682168152
4285,end,11021.94069831953
4286,slab,11194.822385746
4287,end,11223.106656993461
4288,slab,11221.010012868239
4289,end,11249.2942841157
4290,slab,11525.493022834205
4291,end,11553.777294081667
4292,slab,11105.040983482544
4293,end,11165.040983482544
4294,slab,10927.58131714225
4295,end,10962.222333293628
4296,slab,10815.46186519188
4297,end,10850.102881343259
4298,slab,11070.089549424509
4299,end,11098.37382067197
4300,slab,11367.697972875705
4301,end,11402.338989027083
4302,slab,11070.78905383871
4303,end,11130.78905383871
4304,slab,11029.609079151456
4305,end,11137.312375294146
4306,slab,11002.132137715098
4307,end,11030.41640896256
4308,slab,10862.513444046106
4309,end,10925.758997249473
4310,slab,10522.862649616423
4311,end,10594.973675125702
4312,slab,11360.430519239018
4313,end,11388.71479048648
4314,slab,10797.816624192716
4315,end,10842.537983742712
4316,slab,10640.527968108625
4317,end,10675.168984260003
4318,slab,10933.105905475037
4319,end,10961.390176722498
4320,slab,10654.667819748802
4321,end,10689.30883590018
4322,slab,10593.989685851153
4323,end,10628.63070200253
4324,slab,10107.46313163694
4325,end,10127.46313163694
4326,slab,10281.70127166457
4327,end,10316.342287815947
4328,slab,10529.854191025552
4329,end,10564.49520717693
4330,slab,10524.38766986246
4331,end,10628.310718316594
4332,slab,10552.652297708935
4333,end,10587.293313860313
4334,slab,10566.141510879934
4335,end,10600.782527031311
4336,slab,10571.543783226361
4337,end,10606.18479937774
4338,slab,10249.732876319893
4339,end,10269.732876319893
4340,slab,10471.535920011824
4341,end,10531.535920011824
4342,slab,10059.51617610066
4343,end,10094.157192252038
4344,slab,10401.033920272635
4345,end,10435.674936424013
4346,slab,10399.836892374871
4347,end,10434.477908526249
4348,slab,10002.781866136695
4349,end,10022.781866136695
4350,slab,10294.501146833405
4351,end,10322.785418080866
4352,slab,10005.138181039101
4353,end,10033.422452286562
4354,slab,9747.177181364814
4355,end,9775.461452612275
4356,slab,10196.490757615395
4357,end,10216.490757615395
4358,slab,9875.559560029275
4359,end,9903.843831276736
4360,slab,9782.144994330687
4361,end,9842.144994330687
4362,slab,9784.833123728493
4363,end,9848.07867693186
4364,slab,9709.647947402189
4365,end,9769.647947402189
4366,slab,9790.194028909138
4367,end,9810.194028909138
4368,slab,9563.329774230971
4369,end,9626.575327434339
4370,slab,9441.704693528693
4371,end,9476.34570968007
4372,slab,9012.52179537654
4373,end,9061.511590232203
4374,slab,9062.310967033674
4375,end,9090.595238281136
4376,slab,2415.429139181038
4377,end,2435.429139181038
4378,slab,1957.0992172588776
4379,end,2026.3812495616328
4380,slab,1787.8837727899995
4381,end,1807.8837727899995
4382,branch,1638.7486176058887
4383,end,1807.5385627643193
4384,end,56382.55640130053
4385,end,55882.683539440404
4386,end,55488.511576613026
4387,end,55465.050149924384
4388,end,55173.69488547819
4389,end,54559.853985949834
4390,end,54223.23894397603
4391,end,54133.49987475002
4392,end,54077.69533138142
4393,end,54152.121081688056
4394,end,54023.292266292316
4395,end,53994.66343991375
4396,end,53770.39122815987
4397,end,53115.11969760327
4398,end,53765.89467739902
4399,end,52952.282838878695
4400,end,52904.19127354784
4401,end,53230.80736702596
4402,end,53034.008554065054
4403,end,52900.2888049842
4404,end,51040.929769959155
4405,end,49625.520865262115
4406,end,44728.421100544976
4407,end,39560.20670836906
4408,end,41973.388810931814
4409,end,41775.6170775083
4410,end,41460.335310431015
4411,end,12335.034975118342
4412,end,12912.226462123348
4413,end,12741.462472774336
4414,end,12537.521096494986
4415,end,12246.78673009162
4416,end,11295.549158337828
4417,end,11505.457167217304
4418,end,11649.661209526617
4419,end,11786.902286970817
4420,end,11278.613787148242
4421,end,12091.210978518127
4422,end,11167.460743558588
4423,end,11476.932444935968
4424,end,12169.39829017407
4425,end,11362.142899518458
4426,end,11395.70563775555
4427,end,11395.475730863027
4428,end,11716.463207961724
4429,end,11344.490771812625
4430,end,11206.534208565348
4431,end,11200.584524217413
4432,end,11214.907125958556
4433,end,11111.404216189594
4434,end,11401.387336166272
4435,end,10807.59010686348
4436,end,10770.18608462866
4437,end,10688.020160700675
4438,end,11177.388072656118
4439,end,10663.826543844089
4440,end,10526.621217042784
4441,end,10499.782594649478
4442,end,11085.765611854842
4443,end,10417.502815228538
4444,end,10463.687957153972
4445,end,10543.121051484231
4446,end,10654.362266818218
4447,end,10506.006315564295
4448,end,10337.7239559115
4449,end,10468.53158453639
4450,end,10115.27364761935
4451,end,10098.423133770912
4452,end,9721.07836821515
4453,end,9440.04372437346
4454,end,9457.954883264592
4455,end,9698.296115034083
4456,end,9305.858942193554
4457,end,9266.874473845373
4458,end,8838.98805936161
4459,end,8797.968854764733
4460,end,2505.108439212762
4461,end,2062.5971580965524
4462,end,1859.6016262898872
4463,end,1741.4833443956115
4464,end,1902.752358628788
4465,end,1578.204891470654
