node_id,type,distance_to_root
1,root,0.0
2,slab,95.89577675789482
3,slab,243.47626327288094
4,slab,297.36503761411086
5,slab,480.1107625983085
6,branch,715.3562128164939
7,slab,862.7583021840439
8,slab,1021.4025583044595
9,slab,1200.1314032064506
10,slab,1326.5117814302873
11,branch,1410.1545955960394
12,slab,1499.4642594891004
13,branch,1748.4711689972878
14,slab,1922.7856622137688
15,branch,2005.2860306260043
16,slab,2208.922114211784
17,slab,2299.6304379753724
18,slab,2400.447103264401
19,branch,2501.2637685534296
20,slab,2668.8107768824357
21,slab,2738.38088540614
22,branch,2855.746832650423
23,slab,2987.853619276046
24,slab,3086.240610286037
25,slab,3246.403027850208
26,branch,3301.403027850208
27,branch,3403.5394693260364
28,branch,3555.9538316203925
29,branch,3675.3193759145656
30,slab,3818.2749229845613
31,slab,3984.371280560518
32,slab,4092.1488292429776
33,slab,4296.168436143883
34,slab,4474.8972810458745
35,slab,4695.994544710534
36,slab,4862.09090228649
37,slab,5068.469195718721
38,branch,5253.625821721298
39,branch,5498.372846290486
40,slab,5578.1099142074845
41,slab,5769.901467723274
42,slab,5961.693021239064
43,slab,6093.693021239064
44,slab,6220.073399462901
45,slab,6389.0586059160105
46,slab,6567.787450818001
47,slab,6723.3509426790415
48,slab,6789.3509426790415
49,slab,6930.219675902565
50,slab,7071.088409126087
51,slab,7237.184766702043
52,slab,7443.563060134274
53,slab,7624.97970766145
54,slab,7818.028924184077
55,slab,7946.309865870674
56,slab,8239.000829174976
57,slab,8447.71115474609
58,slab,8673.1440715972
59,slab,8793.643034248336
60,slab,8949.206526109378
61,slab,9067.680151866336
62,slab,9186.153777623294
63,slab,9293.931326305754
64,slab,9384.639650069343
65,slab,9544.802067633515
66,slab,9685.670800857037
67,slab,9833.251287372022
68,slab,10019.927477605272
69,slab,10202.673202589469
70,slab,10454.47471171918
71,slab,10695.472637021454
72,slab,10893.472637021454
73,slab,11011.946262778412
74,slab,11091.26839083862
75,slab,11289.26839083862
76,slab,11397.04593952108
77,slab,11537.914672744602
78,slab,11668.068427972794
79,slab,11841.296601201053
80,slab,11999.940857321468
81,slab,12103.130004037583
82,slab,12258.693495898624
83,slab,12415.804921326566
84,slab,12587.630414196512
85,slab,12766.359259098503
86,slab,12892.73963732234
87,slab,13040.320123837326
88,slab,13233.369340359952
89,slab,13400.916348688957
90,slab,13499.303339698949
91,slab,13708.013665270062
92,slab,13890.75939025426
93,slab,13960.329498777965
94,slab,14051.037822541553
95,slab,14184.858598208115
96,slab,14341.970023636057
97,slab,14523.386671163234
98,slab,14614.094994926823
99,slab,14683.665103450528
100,slab,14795.84353274957
101,slab,14878.159995258597
102,slab,14944.159995258597
103,slab,15077.980770925158
104,slab,15218.84950414868
105,slab,15397.578349050671
106,slab,15580.324074034868
107,slab,15714.14484970143
108,slab,15895.561497228608
109,slab,16036.43023045213
110,slab,16154.903856209088
111,branch,16296.446805881284
112,slab,16473.80778896566
113,slab,16543.377897489365
114,slab,16710.92490581837
115,branch,16802.82102562917
116,slab,16926.10448315199
117,slab,17086.26690071616
118,slab,17168.58336322519
119,slab,17269.400028514217
120,slab,17399.55378374241
121,slab,17469.123892266114
122,slab,17578.018336568843
123,branch,17708.973960017418
124,slab,17792.737906619193
125,slab,17948.301398480235
126,slab,18117.286604933342
127,slab,18252.90371299866
128,slab,18393.772446222185
129,slab,18487.11054133881
130,slab,18627.979274562334
131,branch,18765.398626195216
132,slab,18887.65242885878
133,slab,18975.65242885878
134,slab,19037.877825603195
135,slab,19103.877825603195
136,branch,19192.779453121162
137,slab,19297.245933243226
138,slab,19423.626311467062
139,slab,19580.737736895004
140,slab,19815.633458439694
141,slab,20037.82256708366
142,slab,20229.614120599446
143,slab,20402.842293827707
144,slab,20529.222672051543
145,slab,20717.19075444853
146,slab,20866.402014077285
147,slab,21073.94959898253
148,slab,21281.497183887775
149,slab,21399.970809644736
150,slab,21607.51839454998
151,slab,21801.817133609195
152,slab,21991.068289484134
153,slab,22164.296462712395
154,slab,22311.876949227382
155,slab,22493.29359675456
156,slab,22613.792559405698
157,slab,22775.458882429386
158,slab,22907.574336203408
159,slab,23046.69813224821
160,slab,23200.69813224821
161,slab,23362.364455271898
162,slab,23497.981563337216
163,slab,23640.55785870219
164,slab,23819.28670360418
165,slab,23927.06425228664
166,slab,24100.2924255149
167,slab,24261.95874853859
168,slab,24428.055106114545
169,slab,24570.631401479517
170,slab,24724.631401479517
171,slab,24890.727759055473
172,slab,25044.727759055473
173,slab,25256.888075797317
174,slab,25406.09933542607
175,slab,25579.327508654333
176,slab,25815.25122513913
177,slab,25964.462484767886
178,slab,26147.208209752083
179,slab,26277.361964980275
180,slab,26397.860927631413
181,slab,26528.014682859604
182,slab,26682.014682859604
183,slab,26886.03428976051
184,branch,26968.35075226954
185,slab,27141.5789254978
186,slab,27277.19603356312
187,slab,27401.64682705195
188,slab,27561.80924461612
189,slab,27721.97166218029
190,slab,27882.13407974446
191,slab,28076.432818803674
192,slab,28219.009114168646
193,slab,28478.38528886478
194,slab,28606.66623055138
195,slab,28733.046608775214
196,slab,28851.520234532174
197,slab,29072.617498196832
198,slab,29296.974356794915
199,slab,29444.554843309903
200,slab,29633.805999184842
201,slab,29811.17566964741
202,slab,29984.403842875672
203,slab,30125.272576099196
204,slab,30267.848871464168
205,slab,30457.100027339107
206,slab,30645.068109736094
207,slab,30818.296282964355
208,slab,30944.67666118819
209,slab,31106.34298421188
210,slab,31268.009307235567
211,slab,31475.556892140812
212,slab,31673.556892140812
213,slab,31845.38238501076
214,slab,31971.762763234594
215,slab,32144.990936462855
216,slab,32327.736661447052
217,slab,32496.72186790016
218,slab,32703.10016133239
219,slab,32916.39807505871
220,slab,33140.75493365679
221,slab,33344.77454055769
222,slab,33493.98580018645
223,slab,33618.43659367528
224,slab,33787.42180012839
225,slab,33966.15064503038
226,slab,34156.676233862956
227,slab,34305.88749349171
228,slab,34434.168435178304
229,slab,34575.037168401825
230,slab,34705.19092363001
231,slab,34846.05965685353
232,slab,34972.44003507737
233,slab,35159.11622531062
234,slab,35363.13583221153
235,slab,35565.96581027197
236,slab,35715.177069900725
237,slab,35864.38832952948
238,slab,36024.55074709365
239,slab,36213.80190296859
240,slab,36372.446159089006
241,slab,36513.314892312526
242,slab,36592.637020372735
243,slab,36733.505753596255
244,slab,36881.08624011124
245,slab,37023.662535476215
246,slab,37214.18812430879
247,slab,37387.41629753705
248,slab,37536.627557165804
249,slab,37679.20385253078
250,slab,37843.83677754884
251,slab,38000.94820297678
252,slab,38208.49578788203
253,slab,38397.74694375697
254,slab,38615.535832362424
255,slab,38787.36132523237
256,slab,38960.58949846063
257,slab,39114.58949846063
258,slab,39350.51321494543
259,slab,39462.69164424447
260,slab,39574.87007354351
261,slab,39710.48718160883
262,slab,39870.649599173
263,slab,40035.282524191054
264,slab,40155.78148684219
265,slab,40276.28044949333
266,slab,40425.491709122085
267,slab,40545.99067177322
268,slab,40686.85940499674
269,slab,40855.84461144985
270,slab,41009.84461144985
271,slab,41199.09576732479
272,slab,41381.84149230899
273,slab,41542.00390987316
274,slab,41743.637240451215
275,slab,41934.16282928379
276,slab,42054.66179193493
277,slab,42210.22528379597
278,slab,42370.38770136014
279,slab,42527.49912678808
280,slab,42731.51873368899
281,slab,42962.25668028642
282,slab,43041.578808346625
283,slab,43123.89527085565
284,slab,43203.21739891586
285,slab,43331.498340602455
286,slab,43479.07882711744
287,slab,43667.04690951442
288,slab,43825.69116563484
289,slab,43985.85358319901
290,slab,44104.32720895597
291,slab,44239.94431702128
292,slab,44447.49190192653
293,slab,44601.49190192653
294,slab,44709.26945060899
295,slab,44916.817035514236
296,slab,45045.09797720083
297,slab,45163.57160295779
298,slab,45275.75003225683
299,slab,45416.61876548035
300,slab,45635.51600164381
301,slab,45807.341494513756
302,slab,46001.640233572965
303,slab,46150.85149320172
304,slab,46311.01391076589
305,slab,46515.033517666794
306,slab,46686.85901053674
307,slab,46811.30980402557
308,slab,47018.85738893082
309,slab,47222.87699583172
310,slab,47370.457482346705
311,slab,47579.16780791782
312,branch,47860.02654062011
313,branch,47912.27843577845
314,slab,48047.89554384376
315,slab,48138.60386760735
316,slab,48226.60386760735
317,slab,48299.56961299517
318,slab,48378.89174105538
319,slab,48474.787517813274
320,slab,48554.10964587348
321,slab,48630.31988140651
322,slab,48738.09743008897
323,slab,48811.06317547679
324,slab,48849.1682932433
325,slab,48871.1682932433
326,slab,48902.28099161551
327,slab,48940.38610938202
328,slab,48962.38610938202
329,slab,49000.49122714854
330,slab,49022.49122714854
331,slab,49060.59634491505
332,slab,49133.56209030287
333,slab,49209.7723258359
334,slab,49328.24595159286
335,slab,49418.954275356446
336,slab,49512.29237047307
337,slab,49550.397488239585
338,slab,49599.59098374458
339,slab,49637.696101511094
340,slab,49738.51276680012
341,slab,49831.85086191675
342,slab,49869.95597968326
343,slab,49960.66430344685
344,slab,49998.769421213365
345,slab,50042.769421213365
346,slab,50125.08588372239
347,slab,50239.40123702194
348,slab,50312.36698240976
349,slab,50381.93709093346
350,slab,50496.25244423301
351,slab,50584.25244423301
352,slab,50674.9607679966
353,slab,50762.9607679966
354,slab,50853.66909176019
355,slab,50967.98444505974
356,slab,51058.692768823326
357,slab,51157.079759833316
358,slab,51219.305156577735
359,slab,51312.64325169436
360,slab,51400.64325169436
361,slab,51491.35157545795
362,slab,51617.73195368179
363,slab,51655.8370714483
364,slab,51693.94218921482
365,slab,51725.05488758702
366,slab,51747.05488758702
367,slab,51785.16000535354
368,slab,51847.385402097956
369,slab,51909.610798842376
370,slab,51971.836195586795
371,slab,52009.94131335331
372,slab,52041.054011725515
373,slab,52079.15912949203
374,slab,52117.26424725854
375,slab,52166.45774276354
376,slab,52204.56286053005
377,slab,52274.13296905375
378,slab,52343.703077577455
379,slab,52434.41140134104
380,slab,52560.79177956488
381,slab,52643.10824207391
382,slab,52696.99701641514
383,slab,52735.10213418165
384,slab,52757.10213418165
385,slab,52833.31236971468
386,slab,52871.417487481194
387,slab,52909.52260524771
388,slab,52947.62772301422
389,slab,52985.732840780736
390,slab,53023.83795854725
391,slab,53061.943076313764
392,slab,53100.04819408028
393,slab,53122.04819408028
394,slab,53160.15331184679
395,slab,53267.93086052925
396,slab,53358.63918429284
397,slab,53434.84941982587
398,slab,53553.32304558283
399,slab,53665.50147488187
400,end,53703.606592648386
401,slab,48101.52959165339
402,slab,48194.86768677001
403,branch,48394.05740750274
404,branch,48434.25941112919
405,slab,48677.25735350731
406,slab,48927.129320722524
407,branch,49144.150691362214
408,slab,49391.84621451379
409,slab,49537.77770528942
410,slab,49658.27666794056
411,slab,49748.98499170415
412,slab,49922.21316493241
413,branch,50096.22537714753
414,branch,50211.72537714753
415,slab,50398.72537714753
416,slab,50464.72537714753
417,branch,50544.04750520774
418,slab,50670.42788343158
419,slab,50802.42788343158
420,branch,50915.081266029476
421,branch,50942.84282902646
422,branch,51002.69289434984
423,slab,51095.65026530525
424,branch,51178.668276351535
425,branch,51228.168276351535
426,branch,51288.05911065096
427,slab,51404.3120676026
428,branch,51525.87825006924
429,branch,51602.69186379136
430,branch,51635.70761525204
431,branch,51746.06474220315
432,branch,51804.54357250867
433,branch,51837.376482827436
434,branch,51870.2093931462
435,branch,51940.79404259337
436,branch,52001.60401946183
437,branch,52047.07539440117
438,branch,52071.45513433744
439,branch,52108.73056400445
440,branch,52200.952047577804
441,branch,52354.40087989925
442,branch,52516.09635975115
443,slab,52627.62638303866
444,slab,52671.62638303866
445,slab,52795.44076023291
446,branch,52914.960633057475
447,branch,52995.041841839564
448,slab,53026.15454021177
449,branch,53075.348035716765
450,slab,53113.45315348328
451,slab,53151.55827124979
452,slab,53182.670969622
453,branch,53209.25859892396
454,slab,53251.13998463884
455,slab,53289.24510240535
456,branch,53332.68252012857
457,slab,53407.899658150505
458,slab,53477.46976667421
459,slab,53570.80786179083
460,slab,53643.77360717865
461,slab,53674.886305550855
462,slab,53712.99142331737
463,slab,53734.99142331737
464,slab,53773.09654108388
465,slab,53795.09654108388
466,slab,53833.2016588504
467,slab,53855.2016588504
468,slab,53886.3143572226
469,slab,53908.3143572226
470,slab,53939.42705559481
471,slab,53970.539753967016
472,slab,54008.64487173353
473,end,54030.64487173353
474,slab,48569.876519194506
475,slab,48710.745252418026
476,slab,48901.2708412506
477,slab,49042.139574474124
478,slab,49197.70306633516
479,slab,49340.27936170014
480,slab,49402.50475844456
481,branch,49514.6831877436
482,branch,49567.46288984368
483,branch,49611.463280469114
484,branch,49786.61884793031
485,branch,49820.59454985037
486,branch,49922.09430587858
487,branch,49947.55466341625
488,branch,49954.380115754495
489,branch,49971.57451666847
490,branch,50118.5064075318
491,branch,50201.02916056617
492,branch,50241.71914418058
493,branch,50275.69606191484
494,branch,50331.72478852407
495,branch,50420.13837983271
496,branch,50480.82550522906
497,branch,50567.40642249562
498,slab,50735.9519371451
499,branch,50898.36499080767
500,branch,50945.03403836598
501,slab,51112.581046694984
502,branch,51191.905697081114
503,branch,51201.526442902126
504,slab,51264.13799649333
505,branch,51330.13799649333
506,slab,51448.61162225029
507,branch,51524.5326338347
508,branch,51659.558557271645
509,branch,51725.891053078754
510,slab,51795.461161602456
511,slab,51865.03127012616
512,slab,51914.22476563115
513,slab,51976.45016237557
514,slab,52046.02027089927
515,branch,52154.85054228256
516,slab,52243.6667842902
517,slab,52319.87701982323
518,slab,52369.070515328225
519,slab,52407.17563309474
520,slab,52429.17563309474
521,slab,52451.17563309474
522,slab,52482.288331466945
523,slab,52520.39344923346
524,slab,52551.506147605665
525,branch,52589.61126537218
526,slab,52638.804760877174
527,branch,52704.804760877174
528,slab,52726.804760877174
529,slab,52764.90987864369
530,slab,52786.90987864369
531,slab,52825.0149964102
532,slab,52847.0149964102
533,slab,52885.120114176716
534,slab,52916.23281254892
535,slab,52947.34551092113
536,slab,52978.458209293334
537,slab,53016.56332705985
538,slab,53038.56332705985
539,slab,53060.56332705985
540,slab,53091.676025432054
541,end,53113.676025432054
542,slab,16436.584211806345
543,slab,16548.762641105386
544,slab,16597.95613661038
545,slab,16707.95613661038
546,slab,16806.34312762037
547,slab,16963.454553048312
548,slab,17064.27121833734
549,branch,17119.27121833734
550,slab,17262.27121833734
551,slab,17360.65820934733
552,slab,17459.04520035732
553,slab,17508.238695862314
554,slab,17557.43219136731
555,slab,17627.002299891014
556,slab,17720.34039500764
557,slab,17821.157060296668
558,slab,17921.973725585696
559,slab,18012.682049349285
560,slab,18161.89330897804
561,slab,18311.104568606796
562,slab,18355.104568606796
563,slab,18386.217266979005
564,slab,18408.217266979005
565,slab,18470.44266372342
566,slab,18519.636159228416
567,slab,18568.82965473341
568,slab,18622.71842907464
569,slab,18723.53509436367
570,slab,18805.851556872698
571,slab,18855.045052377693
572,slab,18904.238547882687
573,slab,19016.41697718173
574,slab,19107.125300945318
575,slab,19161.014075286548
576,slab,19281.513037937686
577,slab,19372.221361701275
578,slab,19462.929685464864
579,slab,19535.89543085268
580,slab,19585.088926357676
581,slab,19616.201624729885
582,slab,19665.39512023488
583,slab,19709.39512023488
584,slab,19731.39512023488
585,slab,19775.39512023488
586,slab,19866.10344399847
587,slab,19948.419906507497
588,slab,20021.385651895314
589,slab,20112.093975658903
590,slab,20200.093975658903
591,slab,20249.287471163898
592,slab,20403.287471163898
593,slab,20515.46590046294
594,branch,20679.2149080941
595,branch,20718.568831034045
596,branch,20786.78474543357
597,branch,20897.11510535568
598,branch,20907.345572660783
599,slab,21039.691438052494
600,slab,21154.00679135204
601,branch,21223.808100605893
602,end,21295.99616959795
603,branch,49389.53162004139
604,slab,49611.91039531166
605,branch,49763.98072187185
606,branch,50009.60510450746
607,slab,50102.94319962408
608,branch,50193.00925958487
609,branch,50251.7265762969
610,branch,50370.20020205386
611,branch,50401.31290042606
612,slab,50494.65099554269
613,branch,50597.84014225881
614,branch,50652.78255387643
615,branch,50787.130271457936
616,branch,50849.355668202355
617,branch,51027.59673598261
618,branch,51134.77723557767
619,branch,51245.01650376698
620,branch,51330.886096032904
621,branch,51387.71260489565
622,slab,51443.95463697156
623,branch,51506.95115971849
624,branch,51567.27236507535
625,branch,51639.96626419598
626,slab,51689.60429618115
627,branch,51762.45127408649
628,branch,51823.78815891072
629,branch,51860.086829936765
630,slab,51938.21940308655
631,slab,51960.21940308655
632,slab,51982.21940308655
633,branch,52020.324520853064
634,slab,52051.43721922527
635,branch,52105.3259935665
636,slab,52143.43111133301
637,branch,52205.65650807743
638,branch,52292.48305324981
639,slab,52424.37079449334
640,branch,52504.35875941625
641,branch,52570.6132200795
642,branch,52635.131195414964
643,slab,52722.30917428578
644,slab,52776.19794862701
645,branch,52828.146534625055
646,slab,52883.179757201935
647,slab,52914.29245557414
648,slab,52936.29245557414
649,slab,52958.29245557414
650,slab,52989.40515394635
651,slab,53020.51785231855
652,slab,53051.63055069076
653,slab,53082.743249062965
654,slab,53113.85594743517
655,slab,53144.96864580738
656,slab,53176.08134417958
657,slab,53207.19404255179
658,slab,53229.19404255179
659,slab,53267.2991603183
660,slab,53305.40427808482
661,end,53327.40427808482
662,slab,17798.57481276339
663,slab,17836.679930529903
664,slab,17874.785048296417
665,slab,17982.562596978878
666,slab,18026.562596978878
667,slab,18057.675295351088
668,slab,18111.56406969232
669,slab,18155.56406969232
670,slab,18177.56406969232
671,slab,18199.56406969232
672,slab,18221.56406969232
673,slab,18265.56406969232
674,slab,18303.669187458832
675,slab,18347.669187458832
676,slab,18396.862682963827
677,slab,18440.862682963827
678,slab,18510.432791487532
679,slab,18624.748144787078
680,slab,18668.748144787078
681,slab,18717.941640292072
682,slab,18749.054338664282
683,slab,18798.247834169277
684,slab,18842.247834169277
685,slab,18873.360532541486
686,slab,18895.360532541486
687,slab,18917.360532541486
688,slab,18948.473230913696
689,slab,18997.66672641869
690,slab,19046.860221923685
691,slab,19096.05371742868
692,slab,19145.247212933675
693,slab,19194.44070843867
694,slab,19243.634203943664
695,slab,19305.85960068808
696,slab,19368.084997432496
697,slab,19417.27849293749
698,slab,19527.27849293749
699,slab,19724.052474957472
700,branch,19868.283108948453
701,branch,19943.839791939114
702,branch,19954.178737208887
703,branch,20002.555747827988
704,branch,20078.78818535936
705,branch,20124.30138700219
706,branch,20190.392990102595
707,slab,20345.05980121968
708,end,20414.629909743384
709,slab,51302.93100017924
710,branch,51368.93100017924
711,branch,51422.81977452047
712,slab,51488.81977452047
713,slab,51554.81977452047
714,slab,51598.81977452047
715,branch,51661.04517126489
716,branch,51683.08663964332
717,slab,51730.615312734175
718,branch,51768.72043050069
719,slab,51812.72043050069
720,slab,51861.91392600568
721,branch,51955.25202112231
722,branch,52009.69924327367
723,branch,52179.64104719661
724,slab,52289.14528299633
725,slab,52355.14528299633
726,branch,52536.56193052351
727,branch,52663.896136454205
728,slab,52710.565184012514
729,branch,52806.46096077041
730,slab,52850.46096077041
731,slab,52916.46096077041
732,slab,52954.566078536925
733,slab,52998.566078536925
734,branch,53064.566078536925
735,slab,53155.274402300514
736,branch,53243.274402300514
737,slab,53305.499799044934
738,branch,53367.90051520775
739,slab,53432.72053166781
740,branch,53474.79565191061
741,slab,53500.25600944828
742,slab,53522.25600944828
743,slab,53566.25600944828
744,slab,53615.44950495328
745,slab,53637.44950495328
746,slab,53659.44950495328
747,slab,53690.562203325484
748,slab,53712.562203325484
749,slab,53743.67490169769
750,slab,53781.780019464204
751,slab,53819.88513723072
752,slab,53857.99025499723
753,end,53896.095372763746
754,branch,50194.606094122006
755,branch,50255.83621152655
756,branch,50455.18862718221
757,slab,50558.979357892626
758,branch,50711.19153916016
759,slab,50898.005244830325
760,slab,50998.82191011935
761,slab,51048.01540562435
762,slab,51130.33186813338
763,slab,51179.52536363837
764,slab,51255.7355991714
765,slab,51321.7355991714
766,branch,51391.0761897393
767,branch,51412.444068677214
768,branch,51473.03133015735
769,branch,51508.339845471106
770,branch,51532.38733755678
771,branch,51616.12974721785
772,slab,51751.5403384058
773,branch,51830.86246646601
774,slab,51900.43257498971
775,slab,51931.54527336192
776,slab,51962.65797173412
777,slab,52000.76308950064
778,slab,52022.76308950064
779,branch,52053.87578787284
780,slab,52075.87578787284
781,slab,52097.87578787284
782,slab,52128.98848624505
783,slab,52160.101184617255
784,slab,52182.101184617255
785,slab,52220.20630238377
786,slab,52258.31142015028
787,slab,52280.31142015028
788,slab,52318.4165379168
789,slab,52349.529236289
790,slab,52387.63435405552
791,slab,52409.63435405552
792,slab,52431.63435405552
793,slab,52462.74705242772
794,slab,52484.74705242772
795,end,52506.74705242772
796,branch,50559.159063997366
797,branch,50660.57405302759
798,branch,50768.48160768815
799,branch,50864.32165551203
800,branch,50905.67144391849
801,branch,50962.82912056826
802,branch,51045.447154747075
803,slab,51111.447154747075
804,branch,51177.447154747075
805,slab,51231.3359290883
806,branch,51381.19470114617
807,branch,51527.95290337713
808,slab,51579.54747673519
809,slab,51628.740972240186
810,slab,51666.8460900067
811,branch,51716.039585511695
812,branch,51778.264982256114
813,slab,51874.16075901401
814,slab,51977.34990573013
815,slab,52089.52833502917
816,slab,52143.4171093704
817,slab,52165.4171093704
818,slab,52187.4171093704
819,slab,52209.4171093704
820,slab,52231.4171093704
821,slab,52253.4171093704
822,slab,52284.529807742605
823,branch,52325.67433199265
824,slab,52376.99993172868
825,slab,52408.112630100884
826,slab,52446.2177478674
827,slab,52468.2177478674
828,slab,52499.330446239604
829,slab,52530.44314461181
830,slab,52552.44314461181
831,slab,52574.44314461181
832,slab,52596.44314461181
833,slab,52618.44314461181
834,slab,52649.55584298402
835,slab,52687.66096075053
836,end,52725.766078517045
837,slab,51021.04587705261
838,slab,51043.04587705261
839,slab,51074.158575424815
840,slab,51096.158575424815
841,slab,51118.158575424815
842,slab,51156.26369319133
843,slab,51187.376391563535
844,branch,51213.964711390494
845,branch,51255.84550951112
846,slab,51286.95820788333
847,slab,51318.07090625553
848,slab,51362.07090625553
849,slab,51480.54453201249
850,slab,51518.64964977901
851,branch,51540.64964977901
852,slab,51667.030028002846
853,branch,51733.030028002846
854,branch,51774.77147548928
855,branch,51795.32628028037
856,branch,51831.075657545625
857,slab,51867.67461590791
858,branch,51926.70768397796
859,slab,51966.0616069179
860,branch,52088.26059488014
861,branch,52098.47924371434
862,branch,52105.9517141446
863,branch,52228.6331244696
864,slab,52338.6331244696
865,slab,52420.949586978626
866,branch,52557.00459596161
867,branch,52578.36116880871
868,branch,52633.73086983734
869,branch,52688.7033786278
870,slab,52761.90358889027
871,slab,52793.01628726248
872,slab,52824.128985634685
873,slab,52846.128985634685
874,slab,52868.128985634685
875,slab,52890.128985634685
876,slab,52912.128985634685
877,end,52950.2341034012
878,branch,50166.7165299354
879,branch,50307.0567738561
880,branch,50352.42846711819
881,slab,50424.46169894614
882,branch,50583.23362373831
883,slab,50671.339542997244
884,branch,50764.67763811387
885,branch,50845.053057053155
886,branch,50900.62976363259
887,branch,50922.66301534328
888,branch,51071.87427497203
889,slab,51254.61999995623
890,slab,51382.90094164282
891,slab,51497.21629494237
892,branch,51551.1050692836
893,slab,51617.1050692836
894,slab,51655.210187050114
895,branch,51698.64760477333
896,slab,51762.987800770556
897,branch,51828.987800770556
898,slab,51919.696124534144
899,branch,51985.696124534144
900,slab,52034.88962003914
901,slab,52078.88962003914
902,slab,52110.002318411345
903,slab,52141.11501678355
904,slab,52163.11501678355
905,slab,52185.11501678355
906,slab,52223.220134550065
907,slab,52285.445531294485
908,branch,52316.55822966669
909,slab,52338.55822966669
910,slab,52376.663347433205
911,slab,52407.77604580541
912,slab,52445.881163571925
913,slab,52467.881163571925
914,slab,52489.881163571925
915,slab,52520.99386194413
916,end,52559.098979710645
917,branch,50805.367245959846
918,branch,50948.5632365482
919,branch,51083.0236443169
920,branch,51276.8038657522
921,branch,51337.12019206076
922,branch,51432.27737742745
923,branch,51510.577174898426
924,branch,51541.04360622547
925,branch,51649.938050528195
926,branch,51816.034408104155
927,branch,51901.38231559548
928,branch,52010.46424081365
929,slab,52158.37269804727
930,slab,52254.26847480517
931,branch,52303.665753415145
932,slab,52418.740972197564
933,branch,52480.30729759655
934,branch,52517.9700901109
935,slab,52633.88626672734
936,slab,52683.07976223234
937,slab,52705.07976223234
938,slab,52727.07976223234
939,slab,52789.30515897676
940,slab,52843.19393331798
941,slab,52887.19393331798
942,slab,52941.08270765921
943,slab,52985.08270765921
944,slab,53016.19540603142
945,slab,53047.30810440362
946,slab,53096.50159990862
947,slab,53127.61429828082
948,slab,53149.61429828082
949,end,53215.61429828082
950,branch,50752.91404626516
951,branch,50882.14070367385
952,slab,51010.421645360446
953,slab,51108.808636370435
954,slab,51196.808636370435
955,slab,51279.12509887946
956,slab,51348.695207403165
957,branch,51392.695207403165
958,slab,51483.403531166754
959,branch,51593.403531166754
960,branch,51655.62892791117
961,branch,51687.064895214906
962,branch,51729.41256940218
963,slab,51760.525267774385
964,slab,51798.6303855409
965,slab,51829.743083913105
966,branch,51878.9365794181
967,slab,51944.9365794181
968,slab,51983.04169718461
969,slab,52021.14681495113
970,slab,52075.035589292354
971,slab,52097.035589292354
972,slab,52135.14070705887
973,slab,52173.24582482538
974,slab,52211.3509425919
975,slab,52233.3509425919
976,slab,52271.45606035841
977,slab,52320.649555863405
978,slab,52342.649555863405
979,slab,52380.75467362992
980,slab,52402.75467362992
981,slab,52424.75467362992
982,end,52455.867372002125
983,branch,50511.06893527738
984,slab,50577.06893527738
985,branch,50640.2591243893
986,branch,50749.721316790354
987,branch,50821.65657306378
988,branch,50832.02815398013
989,slab,50914.34461648916
990,slab,51005.052940252746
991,slab,51095.761264016335
992,slab,51189.09935913296
993,branch,51255.09935913296
994,slab,51299.09935913296
995,slab,51337.204476899475
996,slab,51413.4147124325
997,slab,51462.6082079375
998,slab,51484.6082079375
999,slab,51506.6082079375
1000,slab,51528.6082079375
1001,slab,51550.6082079375
1002,slab,51572.6082079375
1003,slab,51594.6082079375
1004,slab,51616.6082079375
1005,slab,51665.80170344249
1006,slab,51719.69047778372
1007,slab,51750.803176155925
1008,slab,51781.91587452813
1009,slab,51803.91587452813
1010,slab,51825.91587452813
1011,slab,51857.02857290034
1012,slab,51895.13369066685
1013,slab,51926.24638903906
1014,slab,51948.24638903906
1015,end,51986.35150680557
1016,branch,50149.18799399431
1017,slab,50291.764289359286
1018,branch,50346.764289359286
1019,branch,50401.764289359286
1020,branch,50448.433336917595
1021,slab,50537.797759368594
1022,branch,50682.21659606625
1023,branch,50697.704373510176
1024,slab,50862.15157605359
1025,branch,50949.40981348709
1026,slab,51056.58257121964
1027,branch,51159.77171793576
1028,branch,51244.37518917052
1029,branch,51308.475553599834
1030,branch,51362.9227757512
1031,branch,51380.10772329338
1032,branch,51457.16016485503
1033,slab,51489.41265022674
1034,slab,51511.41265022674
1035,slab,51549.51776799325
1036,slab,51587.62288575977
1037,slab,51649.84828250419
1038,slab,51715.84828250419
1039,slab,51792.058518037215
1040,slab,51830.16363580373
1041,slab,51861.276334175935
1042,slab,51899.38145194245
1043,slab,51937.48656970896
1044,slab,51968.59926808117
1045,slab,52006.70438584768
1046,slab,52044.8095036142
1047,end,52075.9222019864
1048,branch,51041.7232717617
1049,slab,51105.19647017767
1050,branch,51183.535477064404
1051,branch,51296.588561940494
1052,slab,51394.975552950484
1053,branch,51491.16364547351
1054,branch,51535.84429095586
1055,branch,51597.205843078715
1056,branch,51702.50039756244
1057,branch,51727.96075510012
1058,branch,51766.06587286663
1059,slab,51845.34196356204
1060,slab,51933.34196356204
1061,branch,51999.34196356204
1062,branch,52065.007784199566
1063,slab,52148.649878864875
1064,branch,52235.25184912391
1065,branch,52323.27462189779
1066,branch,52347.10299265808
1067,branch,52385.60299265808
1068,slab,52413.10299265808
1069,slab,52462.296488163076
1070,slab,52500.40160592959
1071,slab,52566.40160592959
1072,slab,52597.514304301796
1073,slab,52619.514304301796
1074,slab,52641.514304301796
1075,slab,52663.514304301796
1076,slab,52701.61942206831
1077,slab,52723.61942206831
1078,end,52754.732120440516
1079,branch,49457.10000671327
1080,branch,49622.4201582449
1081,branch,49685.033873551634
1082,branch,49788.402021759255
1083,slab,49858.04820795328
1084,slab,49982.49900144211
1085,slab,50013.61169981432
1086,slab,50051.71681758083
1087,slab,50082.82951595304
1088,branch,50148.82951595304
1089,slab,50239.53783971663
1090,slab,50283.53783971663
1091,slab,50409.91821794047
1092,slab,50505.813994698365
1093,slab,50543.91911246488
1094,slab,50593.11260796987
1095,slab,50631.21772573639
1096,branch,50701.02016263204
1097,branch,50769.664494219374
1098,slab,50883.86420006375
1099,branch,50937.752974404975
1100,slab,50986.94646990997
1101,slab,51025.051587676484
1102,slab,51047.051587676484
1103,slab,51085.156705443
1104,slab,51123.26182320951
1105,slab,51192.83193173321
1106,slab,51236.83193173321
1107,slab,51274.93704949973
1108,end,51296.93704949973
1109,slab,3014.186650022187
1110,branch,3106.271043325483
1111,slab,3237.87819259951
1112,slab,3325.87819259951
1113,slab,3388.103589343926
1114,branch,3456.7225279895674
1115,slab,3524.1128334652385
1116,branch,3614.821157228827
1117,branch,3672.1903630926067
1118,slab,3727.846141096249
1119,slab,3790.0715378406653
1120,slab,3880.7798616042537
1121,slab,3953.7456069920727
1122,slab,4026.7113523798917
1123,slab,4075.904847884887
1124,branch,4145.474956408591
1125,slab,4297.895427474653
1126,slab,4398.7120927636815
1127,slab,4464.7120927636815
1128,slab,4574.7120927636815
1129,slab,4715.580825987205
1130,slab,4869.580825987205
1131,slab,4942.546571375024
1132,slab,5024.86303388405
1133,slab,5172.443520399036
1134,slab,5345.671693627296
1135,slab,5455.671693627296
1136,branch,5609.546642855557
1137,slab,5708.962436369466
1138,end,5747.067554135981
1139,slab,50266.38203121898
1140,branch,50359.850982878634
1141,slab,50460.305980977806
1142,slab,50526.305980977806
1143,branch,50595.87608950151
1144,branch,50626.98878787371
1145,slab,50709.30525038274
1146,slab,50775.30525038274
1147,slab,50819.30525038274
1148,slab,50841.30525038274
1149,branch,50863.30525038274
1150,slab,50894.41794875495
1151,slab,50932.52306652146
1152,slab,50954.52306652146
1153,slab,50976.52306652146
1154,slab,50998.52306652146
1155,slab,51029.63576489367
1156,branch,51060.748463265874
1157,slab,51091.86116163808
1158,slab,51129.966279404594
1159,slab,51168.07139717111
1160,slab,51206.17651493762
1161,slab,51237.28921330983
1162,end,51268.401911682035
1163,branch,51840.9831853333
1164,branch,51970.19664003384
1165,branch,51978.86539458617
1166,branch,52009.028079171425
1167,branch,52043.54397229404
1168,branch,52073.706656879294
1169,slab,52135.97067105874
1170,branch,52243.989669688344
1171,slab,52300.23364994349
1172,branch,52331.346348315696
1173,slab,52441.346348315696
1174,branch,52496.37859491095
1175,branch,52560.805343841974
1176,slab,52609.99883934697
1177,slab,52641.111537719175
1178,slab,52679.21665548569
1179,slab,52717.3217732522
1180,slab,52739.3217732522
1181,slab,52761.3217732522
1182,slab,52783.3217732522
1183,slab,52814.43447162441
1184,slab,52845.547169996615
1185,end,52876.65986836882
1186,slab,3241.7351772642714
1187,slab,3295.623951605501
1188,slab,3357.8493483499174
1189,slab,3395.9544661164327
1190,slab,3417.9544661164327
1191,slab,3456.059583882948
1192,slab,3500.059583882948
1193,slab,3595.955360640843
1194,slab,3686.6636844044315
1195,slab,3829.2399797694043
1196,slab,3895.2399797694043
1197,slab,3961.2399797694043
1198,slab,4085.6907732582367
1199,slab,4151.690773258237
1200,slab,4195.690773258237
1201,slab,4239.690773258237
1202,slab,4293.579547599466
1203,slab,4405.757976898508
1204,branch,4596.283565731084
1205,slab,4769.511738959344
1206,slab,4848.833867019552
1207,slab,4886.938984786067
1208,end,4908.938984786067
1209,branch,52637.37859581254
1210,branch,52690.73644364282
1211,branch,52728.086944644536
1212,slab,52838.086944644536
1213,slab,52928.795268408125
1214,slab,53069.664001631645
1215,slab,53135.664001631645
1216,slab,53184.85749713664
1217,branch,53238.74627147787
1218,slab,53334.642048235764
1219,branch,53396.867444980184
1220,branch,53461.56896341352
1221,branch,53494.60300607251
1222,slab,53563.068192262064
1223,slab,53601.17331002858
1224,slab,53623.17331002858
1225,slab,53654.286008400784
1226,slab,53676.286008400784
1227,slab,53707.39870677299
1228,slab,53773.39870677299
1229,slab,53822.592202277985
1230,end,53860.6973200445
1231,branch,50467.23448116053
1232,branch,50549.48221431791
1233,branch,50633.090376864166
1234,slab,50671.590376864166
1235,slab,50741.16048538787
1236,slab,50841.977150676896
1237,branch,50947.5378876035
1238,branch,50999.408471384086
1239,slab,51061.633868128505
1240,branch,51154.97196324513
1241,slab,51255.78862853416
1242,slab,51384.06957022075
1243,slab,51437.95834456198
1244,slab,51487.151840066974
1245,slab,51587.968505356
1246,branch,51738.471090469226
1247,slab,51794.127794923974
1248,slab,51843.32129042897
1249,slab,51881.42640819548
1250,slab,51947.42640819548
1251,slab,51978.53910656769
1252,end,52009.651804939895
1253,slab,50981.355668202355
1254,branch,51019.46078596887
1255,slab,51110.16910973246
1256,slab,51141.281808104664
1257,branch,51223.06759371079
1258,slab,51302.94902855933
1259,slab,51356.837802900554
1260,slab,51452.73357965845
1261,branch,51514.95897640287
1262,branch,51659.32742863535
1263,slab,51740.34748787996
1264,slab,51819.66961594017
1265,slab,51940.16857859131
1266,slab,51978.27369635782
1267,slab,52022.27369635782
1268,slab,52060.378814124335
1269,slab,52082.378814124335
1270,slab,52120.48393189085
1271,slab,52169.67742739584
1272,slab,52223.56620173707
1273,end,52261.671319503585
1274,branch,51139.28773988615
1275,slab,51198.43829199764
1276,slab,51247.631787502636
1277,branch,51338.340111266225
1278,branch,51476.783624118085
1279,slab,51516.137547058024
1280,branch,51578.36294380244
1281,branch,51630.540525195225
1282,slab,51705.55052452865
1283,slab,51727.55052452865
1284,slab,51749.55052452865
1285,slab,51771.55052452865
1286,slab,51809.65564229516
1287,slab,51831.65564229516
1288,slab,51862.76834066737
1289,slab,51884.76834066737
1290,slab,51915.881039039574
1291,slab,51946.99373741178
1292,slab,51968.99373741178
1293,end,51990.99373741178
1294,slab,51679.45079437439
1295,branch,51728.64428987938
1296,slab,51798.214398403084
1297,branch,51868.682828854224
1298,slab,51937.47897020857
1299,branch,52016.80109826878
1300,branch,52046.20083786653
1301,slab,52120.19799364576
1302,slab,52210.906317409346
1303,slab,52283.87206279716
1304,slab,52337.76083713839
1305,slab,52386.954332643385
1306,slab,52425.0594504099
1307,slab,52518.397545526524
1308,slab,52562.397545526524
1309,slab,52593.51024389873
1310,slab,52631.615361665245
1311,slab,52662.72806003745
1312,slab,52700.833177803965
1313,end,52731.94587617617
1314,branch,50967.78098655796
1315,branch,51092.958860002116
1316,branch,51183.667183765705
1317,branch,51277.08532161726
1318,branch,51353.80630915087
1319,slab,51402.22483043945
1320,slab,51478.43506597248
1321,slab,51548.00517449618
1322,slab,51592.00517449618
1323,slab,51636.00517449618
1324,branch,51667.11787286839
1325,slab,51698.230571240594
1326,slab,51720.230571240594
1327,slab,51742.230571240594
1328,slab,51764.230571240594
1329,slab,51786.230571240594
1330,slab,51840.11934558182
1331,slab,51889.312841086816
1332,slab,51927.41795885333
1333,end,51976.611454358324
1334,branch,51463.775895897255
1335,branch,51542.03038509435
1336,branch,51663.01150578816
1337,slab,51745.32796829719
1338,slab,51871.70834652103
1339,slab,51925.59712086226
1340,slab,51974.79061636725
1341,slab,52040.79061636725
1342,slab,52103.01601311167
1343,slab,52134.12871148388
1344,slab,52172.23382925039
1345,slab,52203.3465276226
1346,slab,52225.3465276226
1347,slab,52247.3465276226
1348,slab,52269.3465276226
1349,slab,52291.3465276226
1350,slab,52313.3465276226
1351,slab,52335.3465276226
1352,slab,52366.459225994804
1353,end,52397.57192436701
1354,branch,50790.42095244903
1355,branch,50814.0381138632
1356,branch,50849.5924681695
1357,slab,50880.22593002314
1358,slab,50929.41942552813
1359,slab,50960.53212390034
1360,slab,50991.644822272545
1361,branch,51029.74994003906
1362,branch,51099.096952420696
1363,slab,51131.66029695883
1364,slab,51153.66029695883
1365,slab,51175.66029695883
1366,slab,51213.76541472534
1367,branch,51235.76541472534
1368,branch,51257.76541472534
1369,slab,51295.870532491856
1370,slab,51333.97565025837
1371,slab,51355.97565025837
1372,slab,51387.088348630576
1373,end,51425.19346639709
1374,branch,51580.13682505301
1375,slab,51642.53656464313
1376,slab,51664.53656464313
1377,branch,51697.53656464313
1378,slab,51742.89072652492
1379,slab,51764.89072652492
1380,slab,51802.995844291436
1381,slab,51846.995844291436
1382,slab,51885.10096205795
1383,slab,51975.80928582154
1384,slab,52019.80928582154
1385,slab,52041.80928582154
1386,branch,52107.80119822561
1387,slab,52143.38202175102
1388,slab,52165.38202175102
1389,slab,52187.38202175102
1390,slab,52209.38202175102
1391,slab,52258.57551725602
1392,slab,52312.46429159724
1393,end,52334.46429159724
1394,slab,49612.68488282621
1395,slab,49678.68488282621
1396,slab,49761.00134533524
1397,slab,49868.7788940177
1398,slab,49938.3490025414
1399,branch,50048.3490025414
1400,branch,50092.3490025414
1401,branch,50171.67113060161
1402,branch,50336.09639810743
1403,branch,50455.09446400814
1404,branch,50513.089944731226
1405,branch,50579.103969073876
1406,slab,50673.24912545794
1407,slab,50746.21487084576
1408,branch,50808.44026759018
1409,branch,50881.32127935745
1410,slab,50959.673357353
1411,slab,51008.866852857995
1412,slab,51039.9795512302
1413,end,51078.084668996715
1414,branch,51660.476120412546
1415,branch,51734.65658291035
1416,branch,51802.6992849398
1417,slab,51868.76870158746
1418,branch,51899.88139995967
1419,branch,51930.994098331874
1420,slab,51980.18759383687
1421,slab,52092.36602313591
1422,slab,52171.68815119612
1423,slab,52193.68815119612
1424,slab,52215.68815119612
1425,slab,52237.68815119612
1426,slab,52259.68815119612
1427,slab,52290.800849568324
1428,slab,52328.90596733484
1429,slab,52360.018665707044
1430,slab,52382.018665707044
1431,slab,52404.018665707044
1432,end,52442.12378347356
1433,slab,50977.19273882979
1434,branch,51071.00105402626
1435,branch,51080.3818855459
1436,branch,51191.47643986789
1437,branch,51269.25818579841
1438,slab,51342.22393118623
1439,slab,51408.22393118623
1440,slab,51430.22393118623
1441,slab,51474.22393118623
1442,branch,51509.52906541915
1443,branch,51619.51467954984
1444,slab,51685.51467954984
1445,slab,51751.51467954984
1446,slab,51805.403453891064
1447,slab,51867.62885063548
1448,slab,51916.82234614048
1449,slab,51954.92746390699
1450,slab,51976.92746390699
1451,end,51998.92746390699
1452,slab,2274.1827097974
1453,slab,2384.1827097974
1454,branch,2588.776869857426
1455,slab,2712.6645963204114
1456,branch,2833.1627031551784
1457,slab,2940.0388946725734
1458,slab,3038.425885682564
1459,slab,3087.6193811875596
1460,slab,3118.7320795597675
1461,branch,3174.100785528524
1462,slab,3210.0139056158205
1463,slab,3289.3360336760284
1464,slab,3327.4411514425437
1465,slab,3365.546269209059
1466,slab,3419.4350435502893
1467,slab,3485.4350435502893
1468,slab,3609.1767099363533
1469,slab,3727.650335693312
1470,end,3921.9490747525247
1471,slab,52074.21329519429
1472,branch,52135.7803185155
1473,branch,52199.28425540133
1474,slab,52215.39311727753
1475,slab,52246.50581564973
1476,slab,52277.61851402194
1477,slab,52299.61851402194
1478,slab,52330.731212394145
1479,slab,52352.731212394145
1480,slab,52374.731212394145
1481,slab,52396.731212394145
1482,slab,52418.731212394145
1483,slab,52440.731212394145
1484,slab,52462.731212394145
1485,slab,52506.731212394145
1486,slab,52550.731212394145
1487,slab,52599.92470789914
1488,end,52638.02982566565
1489,slab,51207.274213301665
1490,branch,51275.879719702105
1491,branch,51391.71964107406
1492,branch,51402.754047505994
1493,branch,51474.97542783959
1494,branch,51546.96868142347
1495,branch,51622.276956209564
1496,slab,51701.5989966295
1497,branch,51763.82439337392
1498,slab,51813.017888878916
1499,slab,51844.13058725112
1500,slab,51882.235705017636
1501,slab,51904.235705017636
1502,slab,51935.34840338984
1503,slab,51973.453521156356
1504,slab,52011.55863892287
1505,slab,52033.55863892287
1506,end,52064.671337295076
1507,slab,51642.28580795108
1508,branch,51686.26867840332
1509,branch,51704.51120476945
1510,slab,51797.849299886075
1511,slab,51877.17142794628
1512,slab,51926.36492345128
1513,slab,51964.47004121779
1514,slab,51986.47004121779
1515,slab,52008.47004121779
1516,slab,52046.575158984306
1517,slab,52084.68027675082
1518,slab,52115.792975123026
1519,slab,52137.792975123026
1520,slab,52175.89809288954
1521,slab,52214.003210656054
1522,slab,52236.003210656054
1523,slab,52274.10832842257
1524,end,52305.221026794774
1525,branch,51448.10210532511
1526,branch,51473.24465834001
1527,branch,51516.238655184316
1528,branch,51540.56026670048
1529,branch,51594.77481014208
1530,slab,51643.968305647075
1531,slab,51675.08100401928
1532,slab,51697.08100401928
1533,slab,51719.08100401928
1534,slab,51757.186121785795
1535,slab,51788.298820158
1536,slab,51837.492315662996
1537,branch,51892.492315662996
1538,slab,51937.84647754479
1539,slab,51968.95917591699
1540,slab,51990.95917591699
1541,slab,52022.0718742892
1542,end,52060.17699205571
1543,slab,50214.82951595304
1544,branch,50264.226794563016
1545,slab,50334.50835248592
1546,slab,50372.613470252436
1547,slab,50394.613470252436
1548,slab,50425.72616862464
1549,branch,50491.72616862464
1550,branch,50557.72616862464
1551,slab,50595.831286391156
1552,slab,50626.94398476336
1553,slab,50658.05668313557
1554,slab,50689.169381507774
1555,branch,50720.28207987998
1556,slab,50742.28207987998
1557,slab,50764.28207987998
1558,slab,50786.28207987998
1559,slab,50808.28207987998
1560,end,50846.387197646494
1561,slab,49863.164310333465
1562,slab,49932.734418857166
1563,slab,49954.734418857166
1564,slab,49976.734418857166
1565,slab,50007.84711722937
1566,slab,50045.952234995886
1567,slab,50084.0573527624
1568,slab,50106.0573527624
1569,branch,50137.170051134606
1570,slab,50186.3635466396
1571,slab,50248.58894338402
1572,slab,50310.81434012844
1573,slab,50332.81434012844
1574,slab,50354.81434012844
1575,slab,50385.927038500646
1576,slab,50407.927038500646
1577,slab,50446.03215626716
1578,end,50468.03215626716
1579,slab,3746.0638882172652
1580,slab,3853.3697000347224
1581,slab,3875.3697000347224
1582,slab,3913.474817801238
1583,slab,3951.579935567753
1584,slab,3973.579935567753
1585,slab,4039.579935567753
1586,slab,4130.288259331342
1587,slab,4220.99658309493
1588,branch,4381.159000659101
1589,slab,4511.312755887293
1590,slab,4694.05848087149
1591,slab,4804.05848087149
1592,slab,4951.638967386476
1593,slab,5052.455632675505
1594,slab,5143.163956439093
1595,slab,5222.486084499301
1596,end,5381.130340619717
1597,slab,52389.47855681779
1598,slab,52501.65698611683
1599,branch,52550.85048162183
1600,slab,52594.85048162183
1601,branch,52683.18049228895
1602,branch,52763.6333259223
1603,slab,52807.42425321624
1604,slab,52845.52937098275
1605,slab,52876.64206935496
1606,slab,52898.64206935496
1607,slab,52920.64206935496
1608,slab,52942.64206935496
1609,slab,52964.64206935496
1610,slab,53013.83556485995
1611,slab,53063.02906036495
1612,slab,53085.02906036495
1613,end,53107.02906036495
1614,slab,51743.347294101666
1615,slab,51781.45241186818
1616,slab,51803.45241186818
1617,slab,51841.557529634694
1618,slab,51863.557529634694
1619,slab,51885.557529634694
1620,branch,51946.02434421361
1621,branch,52033.3344694681
1622,branch,52094.57033104313
1623,slab,52154.819812368696
1624,slab,52192.92493013521
1625,slab,52255.15032687963
1626,slab,52286.263025251836
1627,slab,52324.36814301835
1628,slab,52393.93825154205
1629,slab,52432.043369308565
1630,end,52463.15606768077
1631,branch,51920.566970324406
1632,branch,52003.06729585038
1633,slab,52081.31035240939
1634,slab,52201.80931506053
1635,slab,52267.80931506053
1636,branch,52354.54944013263
1637,branch,52411.87694703397
1638,branch,52442.9436268627
1639,slab,52505.21506771307
1640,branch,52564.64149281167
1641,slab,52607.50756331038
1642,slab,52645.61268107689
1643,slab,52667.61268107689
1644,slab,52698.7253794491
1645,slab,52729.8380778213
1646,slab,52767.94319558782
1647,end,52817.13669109281
1648,slab,50673.19232021042
1649,slab,50704.30501858263
1650,branch,50768.31464038105
1651,branch,50837.54352115185
1652,branch,50882.71823366969
1653,slab,50985.02455202819
1654,slab,51007.02455202819
1655,slab,51029.02455202819
1656,slab,51051.02455202819
1657,slab,51073.02455202819
1658,slab,51104.137250400396
1659,branch,51119.6935995865
1660,slab,51135.2499487726
1661,slab,51173.355066539116
1662,slab,51222.54856204411
1663,slab,51253.66126041632
1664,end,51275.66126041632
1665,branch,52147.53330843969
1666,branch,52214.30285323719
1667,slab,52340.65074320756
1668,branch,52381.79352055037
1669,slab,52411.21498650177
1670,slab,52477.21498650177
1671,slab,52526.408482006766
1672,slab,52548.408482006766
1673,branch,52570.408482006766
1674,slab,52592.408482006766
1675,slab,52614.408482006766
1676,slab,52645.52118037897
1677,slab,52676.63387875118
1678,slab,52698.63387875118
1679,slab,52720.63387875118
1680,end,52751.746577123384
1681,slab,51999.00706157392
1682,slab,52061.232458318336
1683,slab,52083.232458318336
1684,slab,52105.232458318336
1685,slab,52127.232458318336
1686,slab,52165.33757608485
1687,slab,52203.442693851364
1688,slab,52265.668090595784
1689,slab,52296.78078896799
1690,branch,52334.885906734504
1691,slab,52404.456015258205
1692,slab,52453.6495107632
1693,slab,52484.762209135406
1694,slab,52533.9557046404
1695,slab,52565.06840301261
1696,end,52587.06840301261
1697,branch,51884.34514062704
1698,slab,51917.34514062704
1699,slab,51966.538636132034
1700,slab,51988.538636132034
1701,slab,52010.538636132034
1702,slab,52032.538636132034
1703,branch,52054.538636132034
1704,slab,52076.538636132034
1705,slab,52114.64375389855
1706,slab,52136.64375389855
1707,slab,52158.64375389855
1708,slab,52196.74887166506
1709,slab,52227.86157003727
1710,slab,52265.96668780378
1711,slab,52287.96668780378
1712,end,52319.07938617599
1713,branch,52655.75783943332
1714,branch,52693.86295719983
1715,branch,52731.968074966346
1716,slab,52785.85684930757
1717,slab,52807.85684930757
1718,slab,52838.96954767978
1719,branch,52901.1949444242
1720,branch,52983.51140693323
1721,slab,53037.400181274454
1722,slab,53059.400181274454
1723,slab,53081.400181274454
1724,slab,53112.51287964666
1725,slab,53134.51287964666
1726,slab,53156.51287964666
1727,slab,53178.51287964666
1728,end,53216.617997413174
1729,branch,50531.717376549364
1730,branch,50580.41583488752
1731,slab,50646.41583488752
1732,slab,50684.520952654035
1733,branch,50755.70869191788
1734,branch,50794.166047579674
1735,branch,50874.44876385929
1736,slab,50935.135474734336
1737,slab,50957.135474734336
1738,slab,50979.135474734336
1739,slab,51017.24059250085
1740,slab,51071.12936684208
1741,slab,51115.12936684208
1742,slab,51137.12936684208
1743,slab,51168.24206521428
1744,end,51190.24206521428
1745,branch,53255.533060005204
1746,slab,53322.59653041735
1747,slab,53432.59653041735
1748,slab,53454.59653041735
1749,slab,53485.70922878956
1750,slab,53523.81434655607
1751,slab,53561.919464322586
1752,slab,53593.03216269479
1753,slab,53624.144861067
1754,slab,53655.257559439204
1755,slab,53677.257559439204
1756,slab,53699.257559439204
1757,slab,53737.36267720572
1758,slab,53775.46779497223
1759,end,53806.58049334444
1760,branch,51449.568427114355
1761,slab,51487.80431606555
1762,slab,51509.80431606555
1763,branch,51558.997811570545
1764,slab,51602.997811570545
1765,slab,51721.471437327506
1766,slab,51787.471437327506
1767,slab,51825.57655509402
1768,slab,51847.57655509402
1769,slab,51885.68167286053
1770,slab,51923.78679062705
1771,slab,51954.899488999254
1772,slab,51986.01218737146
1773,slab,52024.117305137974
1774,end,52062.22242290449
1775,slab,51138.7852498637
1776,branch,51208.3553583874
1777,branch,51274.3553583874
1778,branch,51307.3553583874
1779,slab,51340.3553583874
1780,slab,51406.3553583874
1781,branch,51518.53378768644
1782,slab,51584.53378768644
1783,slab,51606.53378768644
1784,slab,51628.53378768644
1785,slab,51650.53378768644
1786,slab,51672.53378768644
1787,slab,51710.63890545296
1788,slab,51732.63890545296
1789,end,51763.75160382516
1790,slab,50921.991662641114
1791,slab,50971.18515814611
1792,slab,51002.297856518315
1793,slab,51040.40297428483
1794,slab,51062.40297428483
1795,slab,51084.40297428483
1796,slab,51122.50809205134
1797,branch,51160.61320981786
1798,slab,51191.72590819006
1799,slab,51213.72590819006
1800,slab,51235.72590819006
1801,slab,51266.83860656227
1802,slab,51304.94372432878
1803,slab,51336.05642270099
1804,end,51374.1615404675
1805,branch,51920.15287207768
1806,slab,51966.89788936872
1807,slab,52020.78666370995
1808,slab,52051.89936208216
1809,slab,52083.01206045436
1810,slab,52114.12475882657
1811,branch,52163.31825433156
1812,slab,52256.65634944819
1813,slab,52300.65634944819
1814,slab,52338.7614672147
1815,slab,52376.86658498122
1816,slab,52414.97170274773
1817,slab,52436.97170274773
1818,end,52475.076820514245
1819,slab,52523.16715189674
1820,branch,52613.87547566033
1821,branch,52693.22763922544
1822,branch,52744.527769463726
1823,branch,52851.96806538518
1824,slab,52886.40351224145
1825,slab,52935.597007746444
1826,slab,52957.597007746444
1827,slab,52979.597007746444
1828,slab,53017.70212551296
1829,slab,53048.814823885165
1830,slab,53098.00831939016
1831,slab,53164.00831939016
1832,end,53230.00831939016
1833,slab,51302.10263255134
1834,slab,51351.29612805633
1835,branch,51438.59103771747
1836,branch,51460.58898531461
1837,slab,51503.71659939766
1838,slab,51547.71659939766
1839,slab,51591.71659939766
1840,slab,51653.94199614208
1841,slab,51692.04711390859
1842,slab,51730.15223167511
1843,slab,51752.15223167511
1844,slab,51790.25734944162
1845,slab,51812.25734944162
1846,end,51843.37004781383
1847,branch,51273.481028360766
1848,slab,51367.67242323549
1849,slab,51433.67242323549
1850,branch,51519.210619214726
1851,branch,51581.61133537754
1852,slab,51625.61133537754
1853,branch,51721.82204164249
1854,slab,51776.26926379385
1855,branch,51820.26926379385
1856,slab,51889.839372317554
1857,branch,51922.839372317554
1858,slab,51955.839372317554
1859,slab,51993.94449008407
1860,end,52025.057188456274
1861,branch,52140.87771069395
1862,slab,52211.54617299333
1863,branch,52265.43494733456
1864,slab,52338.400692722375
1865,branch,52426.400692722375
1866,branch,52456.61525488081
1867,slab,52569.31115134082
1868,branch,52625.40036599034
1869,branch,52669.445014872166
1870,slab,52717.432983756284
1871,slab,52755.5381015228
1872,slab,52777.5381015228
1873,slab,52799.5381015228
1874,end,52830.650799895004
1875,branch,51001.390595028686
1876,slab,51079.45329719211
1877,slab,51110.56599556431
1878,slab,51148.67111333083
1879,slab,51239.379437094416
1880,branch,51277.48455486093
1881,slab,51299.48455486093
1882,slab,51321.48455486093
1883,slab,51343.48455486093
1884,slab,51405.70995160535
1885,slab,51443.81506937186
1886,slab,51465.81506937186
1887,slab,51487.81506937186
1888,end,51509.81506937186
1889,slab,50772.75248232663
1890,slab,50794.75248232663
1891,slab,50816.75248232663
1892,slab,50854.85760009314
1893,slab,50924.427708616844
1894,slab,50955.54040698905
1895,slab,51017.76580373347
1896,branch,51071.6545780747
1897,slab,51109.75969584121
1898,slab,51140.87239421342
1899,slab,51171.98509258562
1900,slab,51193.98509258562
1901,slab,51232.09021035214
1902,end,51281.28370585713
1903,slab,50928.35346716275
1904,branch,50972.35346716275
1905,slab,51021.546962667744
1906,slab,51043.546962667744
1907,slab,51065.546962667744
1908,slab,51103.65208043426
1909,slab,51125.65208043426
1910,slab,51147.65208043426
1911,slab,51185.75719820077
1912,slab,51207.75719820077
1913,slab,51229.75719820077
1914,slab,51251.75719820077
1915,slab,51273.75719820077
1916,end,51304.86989657298
1917,branch,51424.245421714106
1918,branch,51490.23941294559
1919,branch,51539.43290845059
1920,slab,51593.321682791815
1921,slab,51615.321682791815
1922,slab,51653.42680055833
1923,branch,51684.539498930535
1924,slab,51760.74973446356
1925,slab,51791.86243283577
1926,slab,51829.96755060228
1927,slab,51851.96755060228
1928,slab,51883.08024897449
1929,slab,51921.185366741
1930,end,51943.185366741
1931,slab,50141.237672843024
1932,branch,50203.463069587444
1933,slab,50265.68846633186
1934,slab,50287.68846633186
1935,slab,50325.79358409838
1936,slab,50347.79358409838
1937,branch,50379.49090323299
1938,slab,50451.67768164719
1939,slab,50500.871177152185
1940,slab,50522.871177152185
1941,slab,50544.871177152185
1942,slab,50575.98387552439
1943,slab,50597.98387552439
1944,end,50619.98387552439
1945,branch,52287.89537398504
1946,branch,52380.40476034983
1947,slab,52427.07380790814
1948,branch,52485.40508503618
1949,slab,52523.64097398738
1950,slab,52545.64097398738
1951,slab,52567.64097398738
1952,slab,52589.64097398738
1953,slab,52627.74609175389
1954,slab,52649.74609175389
1955,slab,52671.74609175389
1956,slab,52702.8587901261
1957,end,52740.96390789261
1958,slab,52152.506355616475
1959,slab,52190.61147338299
1960,branch,52221.724171755195
1961,slab,52243.724171755195
1962,slab,52265.724171755195
1963,slab,52287.724171755195
1964,slab,52341.61294609642
1965,slab,52414.57869148424
1966,slab,52463.772186989234
1967,branch,52485.772186989234
1968,slab,52529.772186989234
1969,slab,52567.87730475575
1970,end,52589.87730475575
1971,branch,2698.7499116300583
1972,branch,2788.195858726304
1973,slab,2949.8621817499934
1974,slab,2987.967299516509
1975,slab,3026.072417283024
1976,slab,3057.185115655232
1977,slab,3133.395351188263
1978,branch,3201.4247914679545
1979,slab,3305.3749882770185
1980,slab,3431.755366500855
1981,slab,3514.0718290098816
1982,branch,3620.8586588786643
1983,end,3684.921656454678
1984,branch,52929.06455533786
1985,branch,53066.868764272134
1986,branch,53077.808699826855
1987,branch,53152.60108540147
1988,branch,53262.60108540147
1989,slab,53353.30940916506
1990,slab,53384.42210753726
1991,slab,53422.52722530378
1992,slab,53453.63992367598
1993,slab,53484.75262204819
1994,slab,53515.865320420395
1995,end,53537.865320420395
1996,slab,52567.70842398726
1997,slab,52589.70842398726
1998,slab,52611.70842398726
1999,slab,52633.70842398726
2000,branch,52688.15564613862
2001,slab,52716.20025346338
2002,slab,52754.30537122989
2003,slab,52776.30537122989
2004,slab,52798.30537122989
2005,slab,52820.30537122989
2006,slab,52842.30537122989
2007,end,52864.30537122989
2008,branch,51006.24329754793
2009,branch,51039.88741154816
2010,slab,51094.919658143415
2011,branch,51116.919658143415
2012,slab,51148.03235651562
2013,slab,51179.14505488783
2014,slab,51210.25775326003
2015,slab,51232.25775326003
2016,slab,51263.37045163224
2017,slab,51285.37045163224
2018,slab,51323.47556939875
2019,end,51354.58826777096
2020,branch,51686.351367448864
2021,slab,51784.73835845885
2022,slab,51850.73835845885
2023,branch,51912.96375520327
2024,slab,51966.8525295445
2025,slab,52004.957647311014
2026,slab,52054.15114281601
2027,slab,52130.36137834904
2028,branch,52275.47383905183
2029,slab,52387.33396935401
2030,slab,52418.44666772622
2031,end,52449.55936609842
2032,slab,50722.88456463161
2033,branch,50786.56618912034
2034,slab,50837.760305762524
2035,slab,50859.760305762524
2036,slab,50881.760305762524
2037,slab,50919.86542352904
2038,slab,50950.978121901244
2039,slab,50989.08323966776
2040,slab,51011.08323966776
2041,slab,51033.08323966776
2042,slab,51055.08323966776
2043,end,51093.18835743427
2044,slab,50262.6123066933
2045,slab,50284.6123066933
2046,slab,50306.6123066933
2047,slab,50328.6123066933
2048,slab,50359.725005065506
2049,slab,50381.725005065506
2050,slab,50403.725005065506
2051,slab,50434.83770343771
2052,slab,50465.95040180992
2053,slab,50497.063100182124
2054,slab,50519.063100182124
2055,end,50541.063100182124
2056,slab,52682.949360488805
2057,slab,52765.26582299783
2058,slab,52803.37094076435
2059,slab,52841.47605853086
2060,slab,52872.58875690307
2061,slab,52934.81415364749
2062,slab,52965.92685201969
2063,slab,52987.92685201969
2064,slab,53026.03196978621
2065,slab,53057.14466815841
2066,end,53088.25736653062
2067,slab,52237.06816935637
2068,slab,52306.63827788007
2069,slab,52372.63827788007
2070,slab,52489.2080102399
2071,branch,52547.806506401845
2072,branch,52675.3587680687
2073,branch,52711.42059868559
2074,slab,52762.77986483604
2075,slab,52832.34997335974
2076,slab,52886.23874770097
2077,end,52917.351446073175
2078,slab,51429.048435029814
2079,branch,51511.36489753884
2080,branch,51594.99383991558
2081,slab,51662.623714993475
2082,slab,51700.72883275999
2083,slab,51722.72883275999
2084,slab,51798.93906829302
2085,slab,51830.05176666522
2086,slab,51896.05176666522
2087,slab,52006.05176666522
2088,end,52037.16446503743
2089,branch,52296.5013976821
2090,branch,52358.773069057985
2091,branch,52454.794516451606
2092,slab,52496.82581524567
2093,branch,52526.96304828466
2094,slab,52554.348371730746
2095,slab,52585.46107010295
2096,branch,52610.92142764063
2097,slab,52661.67130565473
2098,slab,52699.776423421245
2099,end,52721.776423421245
2100,branch,51959.72445227019
2101,branch,51994.95068762348
2102,slab,52082.95068762348
2103,slab,52165.26715013251
2104,slab,52214.460645637504
2105,branch,52258.460645637504
2106,slab,52289.57334400971
2107,slab,52311.57334400971
2108,slab,52365.46211835094
2109,slab,52419.350892692164
2110,end,52450.46359106437
2111,branch,51837.54769634334
2112,slab,51933.67923222046
2113,branch,51955.67492431189
2114,slab,51971.78434998698
2115,slab,52009.88946775349
2116,slab,52041.0021661257
2117,slab,52079.10728389221
2118,slab,52117.212401658726
2119,slab,52139.212401658726
2120,slab,52161.212401658726
2121,end,52192.32510003093
2122,slab,51802.69520597858
2123,slab,51878.90544151161
2124,slab,51961.22190402064
2125,branch,52046.60486485007
2126,slab,52074.10486485007
2127,slab,52096.10486485007
2128,slab,52118.10486485007
2129,slab,52162.10486485007
2130,slab,52215.9936391913
2131,slab,52247.106337563506
2132,end,52269.106337563506
2133,slab,50098.27189665988
2134,slab,50120.27189665988
2135,slab,50151.38459503208
2136,slab,50213.6099917765
2137,slab,50235.6099917765
2138,slab,50266.72269014871
2139,slab,50297.835388520914
2140,slab,50335.94050628743
2141,slab,50367.053204659635
2142,slab,50389.053204659635
2143,end,50411.053204659635
2144,branch,52416.69336972396
2145,slab,52460.96751568707
2146,slab,52492.08021405928
2147,slab,52514.08021405928
2148,slab,52545.192912431485
2149,slab,52576.30561080369
2150,slab,52614.410728570205
2151,slab,52645.52342694241
2152,slab,52676.63612531462
2153,end,52730.524899655844
2154,branch,52392.976257317154
2155,branch,52482.33677167372
2156,slab,52539.589046487425
2157,slab,52577.69416425394
2158,slab,52599.69416425394
2159,slab,52621.69416425394
2160,slab,52643.69416425394
2161,slab,52665.69416425394
2162,slab,52687.69416425394
2163,end,52718.806862626145
2164,branch,52411.76757799379
2165,slab,52478.52045189913
2166,slab,52500.52045189913
2167,slab,52531.63315027134
2168,slab,52553.63315027134
2169,slab,52584.74584864354
2170,slab,52606.74584864354
2171,slab,52628.74584864354
2172,slab,52659.85854701575
2173,end,52690.971245387955
2174,slab,51868.65310380109
2175,slab,51899.76580217329
2176,slab,51930.8785005455
2177,slab,51968.98361831201
2178,slab,52000.09631668422
2179,slab,52022.09631668422
2180,slab,52044.09631668422
2181,slab,52075.209015056425
2182,slab,52106.32171342863
2183,end,52144.426831195145
2184,slab,51845.20845730189
2185,branch,51948.787749853924
2186,branch,52018.93523623498
2187,branch,52040.303115172894
2188,slab,52174.62833967598
2189,branch,52242.97094512465
2190,slab,52299.70312157253
2191,slab,52321.70312157253
2192,slab,52343.70312157253
2193,end,52374.815819944735
2194,slab,52454.31137198804
2195,slab,52485.42407036025
2196,slab,52523.52918812676
2197,slab,52561.634305893276
2198,slab,52599.73942365979
2199,slab,52621.73942365979
2200,slab,52643.73942365979
2201,slab,52674.852122031996
2202,slab,52705.9648204042
2203,end,52737.07751877641
2204,branch,51000.943165134784
2205,slab,51118.26711419992
2206,branch,51222.761719330396
2207,branch,51288.61499374689
2208,slab,51342.503768088114
2209,slab,51364.503768088114
2210,slab,51395.61646646032
2211,slab,51426.729164832526
2212,slab,51457.84186320473
2213,end,51495.94698097125
2214,slab,51755.921475972566
2215,slab,51794.02659373908
2216,slab,51816.02659373908
2217,slab,51838.02659373908
2218,slab,51860.02659373908
2219,slab,51882.02659373908
2220,slab,51913.139292111286
2221,slab,51935.139292111286
2222,slab,51966.25199048349
2223,end,52004.357108250006
2224,slab,51753.51310721136
2225,slab,51797.51310721136
2226,branch,51842.81200519002
2227,slab,51897.8445765281
2228,slab,51928.957274900305
2229,slab,51950.957274900305
2230,slab,51972.957274900305
2231,slab,52011.06239266682
2232,slab,52049.16751043333
2233,end,52080.28020880554
2234,branch,51619.90402428238
2235,branch,51720.84590152306
2236,slab,51817.197605918685
2237,branch,51893.49705607634
2238,branch,51974.88307708034
2239,branch,51997.0526526046
2240,slab,52057.18113353802
2241,slab,52095.28625130453
2242,slab,52126.39894967674
2243,end,52148.39894967674
2244,slab,51646.72802873455
2245,branch,51792.81168827926
2246,slab,51897.84182736908
2247,branch,51978.27276874492
2248,slab,52037.01734630834
2249,slab,52059.01734630834
2250,slab,52081.01734630834
2251,slab,52130.210841813336
2252,slab,52196.210841813336
2253,end,52218.210841813336
2254,branch,50378.58214207766
2255,branch,50407.86090868178
2256,branch,50413.095200964824
2257,slab,50546.06206508705
2258,slab,50622.272300620076
2259,slab,50644.272300620076
2260,slab,50666.272300620076
2261,slab,50688.272300620076
2262,slab,50719.38499899228
2263,end,50750.49769736449
2264,slab,50572.7732051204
2265,slab,50594.7732051204
2266,slab,50625.885903492606
2267,slab,50656.99860186481
2268,slab,50688.11130023702
2269,branch,50710.11130023702
2270,slab,50732.11130023702
2271,slab,50770.21641800353
2272,slab,50801.32911637574
2273,end,50839.43423414225
2274,branch,50551.259557607875
2275,branch,50623.19243647902
2276,branch,50652.70897051404
2277,slab,50690.81408828055
2278,slab,50721.92678665276
2279,slab,50743.92678665276
2280,branch,50779.43382820792
2281,slab,50843.79802633079
2282,slab,50909.79802633079
2283,end,50931.79802633079
2284,branch,49828.520485811234
2285,branch,49848.98396700708
2286,branch,49995.18440145192
2287,slab,50068.12109007732
2288,slab,50112.12109007732
2289,slab,50150.226207843836
2290,slab,50212.451604588256
2291,slab,50266.34037892948
2292,slab,50304.445496696
2293,end,50326.445496696
2294,slab,53172.34362721939
2295,branch,53231.01031418053
2296,slab,53276.20484685868
2297,slab,53298.20484685868
2298,slab,53329.317545230886
2299,slab,53383.20631957211
2300,slab,53449.20631957211
2301,slab,53471.20631957211
2302,end,53502.31901794432
2303,slab,53042.219316616385
2304,slab,53080.3244343829
2305,slab,53142.54983112732
2306,slab,53173.662529499525
2307,slab,53211.76764726604
2308,slab,53249.87276503255
2309,slab,53287.97788279907
2310,slab,53364.188118332095
2311,end,53386.188118332095
2312,slab,51811.24222977904
2313,slab,51842.354928151246
2314,slab,51873.46762652345
2315,slab,51904.58032489566
2316,branch,51966.98006448578
2317,slab,52032.67782891438
2318,slab,52054.67782891438
2319,slab,52076.67782891438
2320,end,52114.78294668089
2321,slab,52214.976193672504
2322,slab,52253.08131143902
2323,branch,52275.08131143902
2324,slab,52297.08131143902
2325,slab,52319.08131143902
2326,slab,52341.08131143902
2327,slab,52372.194009811225
2328,slab,52394.194009811225
2329,end,52425.30670818343
2330,branch,52801.32865175034
2331,slab,52897.82106078235
2332,slab,52963.82106078235
2333,branch,53007.82106078235
2334,slab,53057.014556287344
2335,slab,53110.90333062857
2336,slab,53149.008448395085
2337,slab,53180.12114676729
2338,end,53211.2338451395
2339,slab,51647.61133537754
2340,branch,51709.83673212196
2341,slab,51747.94184988848
2342,slab,51786.04696765499
2343,slab,51808.04696765499
2344,slab,51839.1596660272
2345,slab,51888.35316153219
2346,slab,51950.57855827661
2347,end,51988.683676043125
2348,branch,51712.45543677392
2349,branch,51746.78885139478
2350,slab,51784.89396916129
2351,slab,51822.999086927804
2352,slab,51872.1925824328
2353,slab,51910.29770019931
2354,slab,51941.41039857152
2355,slab,51979.51551633803
2356,end,52001.51551633803
2357,slab,51761.07885352715
2358,slab,51783.07885352715
2359,slab,51805.07885352715
2360,slab,51827.07885352715
2361,branch,51852.539211064824
2362,slab,51865.18397133129
2363,slab,51903.2890890978
2364,slab,51934.40178747001
2365,end,51956.40178747001
2366,slab,51647.29230550798
2367,slab,51701.18107984921
2368,slab,51750.3745753542
2369,slab,51799.5680708592
2370,slab,51830.6807692314
2371,slab,51879.8742647364
2372,slab,51929.06776024139
2373,slab,52005.27799577442
2374,end,52059.16677011565
2375,slab,51267.15039254417
2376,slab,51343.3606280772
2377,slab,51397.24940241843
2378,slab,51441.24940241843
2379,slab,51503.47479916285
2380,slab,51552.66829466784
2381,slab,51583.78099304005
2382,slab,51605.78099304005
2383,end,51636.89369141225
2384,branch,51100.783582076925
2385,slab,51269.633051379744
2386,slab,51388.106677136704
2387,slab,51419.21937550891
2388,slab,51473.10814985014
2389,slab,51511.21326761665
2390,slab,51533.21326761665
2391,slab,51564.32596598886
2392,end,51586.32596598886
2393,slab,17234.114589935358
2394,slab,17256.114589935358
2395,slab,17294.21970770187
2396,slab,17325.33240607408
2397,slab,17391.33240607408
2398,branch,17580.77579842738
2399,branch,17703.326952447867
2400,branch,17808.282627804096
2401,end,17904.934609402775
2402,slab,2635.08454421999
2403,slab,2747.2629735190317
2404,slab,2859.441402818073
2405,branch,2993.7348467995744
2406,slab,3114.6620855225465
2407,slab,3193.9842135827544
2408,slab,3334.852946806277
2409,slab,3473.993163853686
2410,end,3505.105862225894
2411,slab,53394.011779120185
2412,slab,53416.011779120185
2413,slab,53454.1168968867
2414,slab,53516.34229363112
2415,branch,53560.34229363112
2416,slab,53633.308039018935
2417,slab,53768.92514708425
2418,end,53800.037845456456
2419,slab,53466.437553503885
2420,slab,53488.437553503885
2421,slab,53510.437553503885
2422,slab,53532.437553503885
2423,slab,53554.437553503885
2424,slab,53576.437553503885
2425,slab,53598.437553503885
2426,end,53636.5426712704
2427,slab,52669.50678568961
2428,slab,52781.685214988654
2429,branch,52830.87871049365
2430,branch,52959.63040951156
2431,branch,53007.49748866831
2432,slab,53101.441929952765
2433,slab,53183.758392461794
2434,end,53205.758392461794
2435,branch,53281.89164755226
2436,branch,53293.71819347462
2437,branch,53381.38652932137
2438,slab,53447.38652932137
2439,slab,53496.58002482636
2440,slab,53545.77352033136
2441,slab,53583.87863809787
2442,end,53605.87863809787
2443,branch,52307.29548691997
2444,branch,52414.94243481343
2445,branch,52445.91116906192
2446,branch,52525.16436152618
2447,branch,52625.98102681521
2448,slab,52716.689350578796
2449,slab,52760.689350578796
2450,end,52782.689350578796
2451,slab,51954.7795072388
2452,slab,51985.89220561101
2453,slab,52007.89220561101
2454,slab,52039.004903983216
2455,slab,52070.11760235542
2456,slab,52101.23030072763
2457,slab,52132.342999099834
2458,end,52163.45569747204
2459,slab,52719.98535110372
2460,slab,52751.09804947593
2461,slab,52804.986823817155
2462,slab,52854.18031932215
2463,slab,52903.373814827144
2464,slab,52925.373814827144
2465,slab,52963.47893259366
2466,end,52985.47893259366
2467,branch,51779.43278672718
2468,slab,51826.95119108375
2469,slab,51848.95119108375
2470,branch,51874.41154862142
2471,slab,51887.056308887884
2472,slab,51925.1614266544
2473,slab,51947.1614266544
2474,end,51978.274125026604
2475,slab,51859.40767305429
2476,slab,51897.5127908208
2477,slab,51919.5127908208
2478,slab,51941.5127908208
2479,slab,51963.5127908208
2480,slab,51985.5127908208
2481,slab,52007.5127908208
2482,end,52045.617908587315
2483,branch,51652.33590668717
2484,slab,51690.441024453685
2485,slab,51756.441024453685
2486,branch,51781.90138199136
2487,slab,51794.54614225782
2488,slab,51816.54614225782
2489,slab,51838.54614225782
2490,end,51869.65884063003
2491,slab,52067.43045042135
2492,slab,52179.60887972039
2493,branch,52262.95619334669
2494,branch,52281.59532397427
2495,slab,52326.50267131945
2496,slab,52402.71290685248
2497,slab,52451.906402357476
2498,end,52495.906402357476
2499,slab,51417.90399021973
2500,slab,51456.00910798625
2501,slab,51487.12180635845
2502,slab,51525.22692412497
2503,slab,51563.33204189148
2504,slab,51594.44474026369
2505,slab,51616.44474026369
2506,end,51638.44474026369
2507,slab,51483.05966686296
2508,slab,51514.172365235165
2509,slab,51536.172365235165
2510,slab,51567.28506360737
2511,slab,51605.390181373885
2512,slab,51643.4952991404
2513,slab,51674.607997512605
2514,end,51696.607997512605
2515,slab,51941.25389343442
2516,slab,51963.25389343442
2517,slab,51985.25389343442
2518,slab,52029.25389343442
2519,slab,52067.35901120093
2520,slab,52098.47170957314
2521,slab,52120.47170957314
2522,end,52158.57682733965
2523,branch,51930.941071913025
2524,slab,52001.991730025526
2525,slab,52040.09684779204
2526,slab,52062.09684779204
2527,slab,52084.09684779204
2528,slab,52115.209546164246
2529,slab,52153.31466393076
2530,end,52175.31466393076
2531,slab,51492.53630636309
2532,slab,51530.6414241296
2533,slab,51568.746541896115
2534,slab,51599.85924026832
2535,slab,51637.964358034835
2536,slab,51676.06947580135
2537,slab,51698.06947580135
2538,end,51720.06947580135
2539,slab,51802.46488455772
2540,slab,51893.17320832131
2541,slab,51962.74331684501
2542,slab,52045.05977935404
2543,slab,52083.16489712055
2544,slab,52105.16489712055
2545,slab,52143.270014887064
2546,end,52174.38271325927
2547,slab,51487.4046259362
2548,slab,51549.63002268062
2549,slab,51580.742721052826
2550,slab,51602.742721052826
2551,slab,51651.93621655782
2552,slab,51714.16161330224
2553,slab,51763.355108807235
2554,end,51829.355108807235
2555,branch,51441.495117228704
2556,branch,51448.92130635316
2557,slab,51492.92130635316
2558,slab,51524.03400472536
2559,slab,51546.03400472536
2560,slab,51577.14670309757
2561,slab,51599.14670309757
2562,end,51648.340198602564
2563,slab,51011.388129725725
2564,slab,51090.71025778593
2565,slab,51139.90375329093
2566,slab,51189.09724879592
2567,slab,51238.29074430092
2568,slab,51276.39586206743
2569,slab,51298.39586206743
2570,end,51329.50856043964
2571,slab,50473.622477900666
2572,slab,50522.81597340566
2573,slab,50553.92867177787
2574,branch,50580.516991604825
2575,slab,50616.15406852228
2576,slab,50647.266766894485
2577,slab,50669.266766894485
2578,end,50700.37946526669
2579,slab,50149.16566783043
2580,branch,50187.27078559694
2581,slab,50305.7444113539
2582,slab,50343.849529120416
2583,slab,50365.849529120416
2584,branch,50403.95464688693
2585,slab,50425.95464688693
2586,end,50457.067345259136
2587,branch,49821.03047351229
2588,slab,49907.49623536294
2589,slab,49929.49623536294
2590,slab,49951.49623536294
2591,slab,49973.49623536294
2592,slab,49995.49623536294
2593,slab,50017.49623536294
2594,end,50055.60135312945
2595,branch,4383.441340589215
2596,slab,4453.011449112919
2597,slab,4497.011449112919
2598,slab,4579.3279116219455
2599,slab,4675.2236883798405
2600,slab,4757.540150888867
2601,slab,4974.215022528381
2602,end,5158.2802283658775
2603,branch,2909.9435486427865
2604,slab,3018.0014035169233
2605,slab,3142.452197005756
2606,branch,3268.8325752295923
2607,branch,3326.771120679714
2608,slab,3397.0700433274924
2609,slab,3488.11124279235
2610,end,3519.223941164558
2611,slab,52448.21331438249
2612,slab,52470.21331438249
2613,slab,52492.21331438249
2614,slab,52530.318432149004
2615,slab,52552.318432149004
2616,slab,52574.318432149004
2617,end,52605.43113052121
2618,slab,53129.23681005799
2619,slab,53160.3495084302
2620,slab,53198.45462619671
2621,slab,53220.45462619671
2622,slab,53242.45462619671
2623,slab,53280.559743963226
2624,end,53318.66486172974
2625,slab,53271.07471115843
2626,slab,53293.07471115843
2627,slab,53315.07471115843
2628,slab,53337.07471115843
2629,slab,53368.187409530634
2630,slab,53390.187409530634
2631,end,53412.187409530634
2632,slab,52087.091607435956
2633,branch,52109.091607435956
2634,slab,52131.091607435956
2635,slab,52153.091607435956
2636,slab,52184.20430580816
2637,slab,52215.31700418037
2638,end,52253.42212194688
2639,slab,52749.09593454994
2640,slab,52787.20105231646
2641,slab,52809.20105231646
2642,slab,52847.30617008297
2643,slab,52896.499665587966
2644,slab,52927.61236396017
2645,end,52965.717481726686
2646,branch,52784.95908232752
2647,slab,52864.28121038773
2648,slab,52926.50660713215
2649,slab,52948.50660713215
2650,slab,52986.61172489866
2651,slab,53008.61172489866
2652,end,53039.72442327087
2653,branch,52003.99435057455
2654,slab,52066.219747318966
2655,slab,52097.33244569117
2656,slab,52135.437563457686
2657,slab,52157.437563457686
2658,slab,52179.437563457686
2659,end,52210.55026182989
2660,slab,52292.00230679297
2661,slab,52330.10742455949
2662,slab,52361.22012293169
2663,slab,52383.22012293169
2664,slab,52421.32524069821
2665,slab,52459.43035846472
2666,end,52481.43035846472
2667,slab,52090.90577010496
2668,slab,52122.01846847717
2669,slab,52144.01846847717
2670,slab,52166.01846847717
2671,slab,52188.01846847717
2672,slab,52210.01846847717
2673,end,52241.13116684937
2674,slab,51656.343253606996
2675,slab,51678.343253606996
2676,slab,51716.44837137351
2677,slab,51738.44837137351
2678,slab,51760.44837137351
2679,slab,51791.561069745716
2680,end,51829.66618751223
2681,branch,52131.44340855522
2682,branch,52143.56273740902
2683,branch,52252.36108586818
2684,slab,52307.39365720626
2685,slab,52345.49877497277
2686,slab,52383.60389273929
2687,end,52405.60389273929
2688,slab,52109.28474281395
2689,slab,52147.389860580464
2690,slab,52196.58335608546
2691,slab,52227.696054457665
2692,slab,52265.80117222418
2693,slab,52296.913870596385
2694,end,52318.913870596385
2695,slab,51619.04079612222
2696,slab,51650.15349449443
2697,slab,51688.25861226094
2698,slab,51719.37131063315
2699,slab,51750.484009005355
2700,slab,51788.58912677187
2701,end,51826.69424453838
2702,branch,51994.95155557225
2703,slab,52027.51490011038
2704,slab,52058.627598482584
2705,slab,52089.74029685479
2706,slab,52127.845414621304
2707,slab,52165.95053238782
2708,end,52187.95053238782
2709,slab,51334.63610894692
2710,slab,51470.253217012236
2711,slab,51532.478613756655
2712,slab,51563.59131212886
2713,slab,51594.70401050107
2714,slab,51625.81670887327
2715,end,51656.92940724548
2716,slab,51121.30350806068
2717,slab,51143.30350806068
2718,slab,51174.416206432885
2719,slab,51212.5213241994
2720,slab,51234.5213241994
2721,slab,51265.634022571605
2722,end,51296.74672094381
2723,slab,51586.92277712793
2724,slab,51625.02789489445
2725,slab,51647.02789489445
2726,slab,51685.13301266096
2727,slab,51747.35840940538
2728,slab,51778.47110777759
2729,end,51809.58380614979
2730,branch,52040.74376068475
2731,branch,52132.921469070505
2732,branch,52213.00267785259
2733,branch,52290.011114906214
2734,slab,52331.4763036486
2735,slab,52362.5890020208
2736,end,52400.69411978732
2737,branch,51643.908432612756
2738,slab,51714.584045029995
2739,slab,51752.68916279651
2740,slab,51783.801861168715
2741,slab,51814.91455954092
2742,slab,51853.019677307435
2743,end,51875.019677307435
2744,slab,51386.692537712974
2745,branch,51507.15612337892
2746,slab,51637.73944090166
2747,slab,51686.93293640666
2748,slab,51725.03805417317
2749,slab,51763.143171939686
2750,end,51785.143171939686
2751,branch,51088.868181014404
2752,slab,51123.07132760952
2753,slab,51161.17644537603
2754,slab,51183.17644537603
2755,slab,51205.17644537603
2756,slab,51236.28914374824
2757,end,51267.401842120446
2758,slab,50516.24189095025
2759,slab,50538.24189095025
2760,slab,50560.24189095025
2761,slab,50598.347008716766
2762,slab,50620.347008716766
2763,slab,50642.347008716766
2764,end,50680.45212648328
2765,branch,50953.270379000154
2766,slab,51020.35674592698
2767,slab,51042.35674592698
2768,slab,51073.46944429919
2769,slab,51111.5745620657
2770,slab,51149.67967983222
2771,end,51180.79237820442
2772,branch,50826.987688241876
2773,slab,50965.280302052066
2774,slab,51031.280302052066
2775,slab,51062.39300042427
2776,slab,51093.50569879648
2777,slab,51131.61081656299
2778,end,51162.7235149352
2779,slab,49971.9338807832
2780,branch,50003.04657915541
2781,slab,50041.15169692192
2782,slab,50063.15169692192
2783,slab,50085.15169692192
2784,slab,50107.15169692192
2785,end,50145.25681468844
2786,slab,50003.20054867926
2787,slab,50065.42594542368
2788,slab,50103.531063190196
2789,slab,50141.63618095671
2790,slab,50190.829676461704
2791,slab,50221.94237483391
2792,end,50253.05507320612
2793,slab,50561.63462682124
2794,slab,50610.82812232623
2795,slab,50664.71689666746
2796,slab,50702.82201443397
2797,slab,50740.927132200486
2798,slab,50772.03983057269
2799,end,50794.03983057269
2800,slab,53482.04104400946
2801,slab,53504.04104400946
2802,slab,53535.15374238166
2803,slab,53557.15374238166
2804,slab,53595.25886014818
2805,end,53617.25886014818
2806,slab,52489.16074385372
2807,slab,52527.26586162023
2808,slab,52549.26586162023
2809,slab,52587.370979386746
2810,slab,52653.370979386746
2811,end,52684.48367775895
2812,slab,52648.62317169087
2813,slab,52710.84856843529
2814,slab,52741.9612668075
2815,slab,52780.06638457401
2816,slab,52811.17908294622
2817,end,52842.291781318425
2818,branch,52103.73213163703
2819,branch,52133.24822895295
2820,slab,52152.925627174336
2821,slab,52191.03074494085
2822,slab,52213.03074494085
2823,end,52251.135862707364
2824,slab,52404.86888201663
2825,slab,52435.981580388834
2826,slab,52467.09427876104
2827,slab,52498.206977133246
2828,slab,52520.206977133246
2829,end,52558.31209489976
2830,branch,53061.041841839564
2831,slab,53123.26723858398
2832,slab,53154.37993695619
2833,slab,53176.37993695619
2834,slab,53198.37993695619
2835,end,53229.492635328395
2836,branch,52552.53522586855
2837,slab,52590.64034363507
2838,slab,52621.75304200727
2839,slab,52659.85815977379
2840,slab,52681.85815977379
2841,end,52712.97085814599
2842,branch,52498.03565755418
2843,branch,52604.53821915527
2844,slab,52639.32870145782
2845,slab,52677.43381922434
2846,slab,52699.43381922434
2847,end,52721.43381922434
2848,branch,51821.65790665952
2849,slab,51911.80563395061
2850,slab,52002.513957714196
2851,slab,52051.70745321919
2852,slab,52089.812570985705
2853,end,52111.812570985705
2854,slab,51778.264982256114
2855,slab,51809.37768062832
2856,slab,51831.37768062832
2857,slab,51853.37768062832
2858,slab,51884.49037900053
2859,end,51922.59549676704
2860,slab,51847.43995778357
2861,slab,51909.66535452799
2862,slab,51940.7780529002
2863,slab,51962.7780529002
2864,slab,52000.88317066671
2865,end,52038.988288433226
2866,slab,52042.57989622334
2867,slab,52073.692594595545
2868,slab,52104.80529296775
2869,slab,52142.910410734265
2870,slab,52174.02310910647
2871,end,52196.02310910647
2872,branch,52198.00917330297
2873,branch,52286.18165298483
2874,slab,52324.28677075134
2875,slab,52373.48026625634
2876,slab,52404.592964628544
2877,end,52426.592964628544
2878,branch,51787.70350541685
2879,slab,51836.408159815976
2880,slab,51902.408159815976
2881,slab,51964.633556560395
2882,slab,51995.7462549326
2883,end,52033.851372699115
2884,slab,52193.31653037557
2885,slab,52215.31653037557
2886,slab,52237.31653037557
2887,slab,52275.42164814208
2888,slab,52297.42164814208
2889,end,52328.53434651429
2890,slab,51819.28228994917
2891,slab,51841.28228994917
2892,slab,51879.38740771569
2893,slab,51917.4925254822
2894,slab,51948.60522385441
2895,end,51986.71034162092
2896,slab,51504.92013910025
2897,slab,51543.025256866764
2898,slab,51574.13795523897
2899,slab,51605.250653611176
2900,slab,51636.36335198338
2901,end,51667.47605035559
2902,slab,51226.61320981786
2903,slab,51264.71832758437
2904,slab,51295.83102595658
2905,slab,51326.94372432878
2906,slab,51358.05642270099
2907,end,51380.05642270099
2908,slab,51980.18759383687
2909,slab,52011.300292209075
2910,slab,52042.41299058128
2911,slab,52064.41299058128
2912,slab,52086.41299058128
2913,end,52124.518108347795
2914,slab,51928.130074923094
2915,slab,51959.2427732953
2916,slab,51990.355471667506
2917,slab,52021.46817003971
2918,slab,52052.58086841192
2919,end,52074.58086841192
2920,slab,51160.919658143415
2921,slab,51199.02477590993
2922,slab,51237.12989367644
2923,slab,51259.12989367644
2924,slab,51297.23501144296
2925,end,51328.34770981516
2926,slab,51851.03689300972
2927,slab,51882.14959138192
2928,slab,51913.26228975413
2929,slab,51951.36740752064
2930,slab,51989.47252528716
2931,end,52027.57764305367
2932,slab,51638.77481014208
2933,slab,51669.887508514286
2934,slab,51723.77628285551
2935,slab,51786.00167959993
2936,slab,51824.10679736645
2937,end,51855.21949573865
2938,slab,51767.51768716869
2939,slab,51798.6303855409
2940,slab,51836.73550330741
2941,slab,51874.84062107393
2942,slab,51905.95331944613
2943,end,51944.05843721265
2944,branch,51818.73752668104
2945,slab,51919.5539362466
2946,slab,51968.747431751595
2947,slab,51999.8601301238
2948,slab,52030.97282849601
2949,end,52052.97282849601
2950,slab,50897.06768419098
2951,slab,50919.06768419098
2952,slab,50957.172801957495
2953,slab,50995.27791972401
2954,slab,51017.27791972401
2955,end,51048.390618096215
2956,branch,50582.17845636463
2957,slab,50636.067230705856
2958,slab,50658.067230705856
2959,slab,50689.17992907806
2960,slab,50727.285046844576
2961,end,50758.39774521678
2962,branch,51418.172878719146
2963,slab,51498.00578723158
2964,slab,51536.110904998095
2965,slab,51574.21602276461
2966,slab,51605.328721136815
2967,end,51643.43383890333
2968,branch,50788.709136019366
2969,slab,50819.82183439157
2970,slab,50863.82183439157
2971,slab,50901.926952158086
2972,slab,50923.926952158086
2973,end,50945.926952158086
2974,branch,51613.3699822545
2975,slab,51645.942639040884
2976,slab,51667.942639040884
2977,slab,51699.05533741309
2978,slab,51730.1680357853
2979,end,51768.27315355181
2980,slab,50257.35184392867
2981,slab,50288.46454230088
2982,slab,50319.57724067308
2983,slab,50341.57724067308
2984,slab,50372.68993904529
2985,end,50410.7950568118
2986,branch,51015.13837590053
2987,slab,51053.24349366705
2988,slab,51102.43698917204
2989,slab,51140.542106938556
2990,slab,51162.542106938556
2991,end,51184.542106938556
2992,slab,50760.54109399906
2993,slab,50809.734589504056
2994,slab,50847.83970727057
2995,slab,50869.83970727057
2996,slab,50907.944825037084
2997,end,50939.05752340929
2998,branch,50497.53709447146
2999,branch,50541.54244399908
3000,slab,50644.986880329045
3001,slab,50676.09957870125
3002,slab,50714.204696467765
3003,end,50736.204696467765
3004,slab,50648.52208893418
3005,slab,50679.634787306386
3006,slab,50701.634787306386
3007,slab,50732.74748567859
3008,slab,50763.8601840508
3009,end,50801.96530181731
3010,branch,50191.566586687884
3011,slab,50260.95347193656
3012,slab,50282.95347193656
3013,slab,50304.95347193656
3014,slab,50336.06617030877
3015,end,50367.178868680974
3016,slab,50344.28791761742
3017,branch,50434.996241381006
3018,branch,50500.996241381006
3019,slab,50570.56634990471
3020,slab,50601.679048276914
3021,end,50623.679048276914
3022,slab,4503.940303240352
3023,slab,4591.940303240352
3024,slab,4682.64862700394
3025,slab,4770.64862700394
3026,slab,4889.1222527609
3027,end,4971.438715269926
3028,branch,3468.3355781392875
3029,slab,3673.0797586939884
3030,slab,3813.948491917511
3031,slab,3940.3288701413476
3032,slab,3978.433987907863
3033,end,4000.433987907863
3034,slab,53547.81124886607
3035,slab,53613.81124886607
3036,slab,53651.916366632584
3037,slab,53673.916366632584
3038,end,53695.916366632584
3039,slab,52750.31726328435
3040,slab,52772.31726328435
3041,slab,52810.42238105086
3042,slab,52848.52749881738
3043,end,52886.63261658389
3044,branch,53322.701895259415
3045,slab,53398.65221517698
3046,slab,53447.84571068198
3047,slab,53478.95840905418
3048,end,53510.07110742639
3049,slab,52967.1949444242
3050,slab,52989.1949444242
3051,slab,53011.1949444242
3052,slab,53042.307642796404
3053,end,53096.19641713763
3054,slab,52430.02572260438
3055,slab,52468.1308403709
3056,slab,52490.1308403709
3057,slab,52512.1308403709
3058,end,52550.23595813741
3059,slab,52217.20702867279
3060,slab,52239.20702867279
3061,slab,52277.312146439304
3062,slab,52315.41726420582
3063,end,52346.529962578024
3064,slab,52260.812120670016
3065,slab,52326.812120670016
3066,slab,52357.92481904222
3067,slab,52389.03751741443
3068,end,52420.150215786634
3069,slab,52574.444099496155
3070,slab,52596.444099496155
3071,slab,52618.444099496155
3072,slab,52640.444099496155
3073,end,52678.54921726267
3074,slab,52102.80274267423
3075,slab,52146.80274267423
3076,slab,52216.37285119793
3077,slab,52278.59824794235
3078,end,52309.71094631455
3079,branch,51829.08019979487
3080,slab,51860.19289816708
3081,slab,51882.19289816708
3082,slab,51913.305596539285
3083,end,51951.4107143058
3084,slab,51572.42256202767
3085,slab,51621.616057532665
3086,slab,51659.72117529918
3087,slab,51713.609949640406
3088,end,51744.72264801261
3089,slab,52906.40076166563
3090,slab,52944.505879432145
3091,slab,52982.61099719866
3092,slab,53048.61099719866
3093,end,53070.61099719866
3094,slab,52793.72126496872
3095,slab,52824.83396334093
3096,slab,52855.94666171313
3097,slab,52877.94666171313
3098,end,52916.05177947965
3099,slab,52194.17956756264
3100,branch,52225.29226593485
3101,slab,52256.404964307054
3102,slab,52294.51008207357
3103,end,52316.51008207357
3104,slab,51676.74993481243
3105,slab,51698.74993481243
3106,slab,51720.74993481243
3107,slab,51742.74993481243
3108,end,51780.85505257895
3109,slab,52672.06941354865
3110,branch,52724.398742917525
3111,branch,52743.451301800786
3112,slab,52826.01731067593
3113,end,52857.13000904814
3114,slab,52577.587227317475
3115,slab,52639.812624061895
3116,slab,52677.91774182841
3117,slab,52709.030440200615
3118,end,52731.030440200615
3119,slab,51608.17472850001
3120,slab,51630.17472850001
3121,slab,51661.287426872215
3122,slab,51699.39254463873
3123,end,51730.505243010935
3124,slab,51595.76145740979
3125,slab,51617.76145740979
3126,slab,51648.874155781996
3127,slab,51686.97927354851
3128,end,51718.091971920716
3129,slab,52508.95450074407
3130,slab,52547.05961851058
3131,slab,52569.05961851058
3132,slab,52600.17231688279
3133,end,52631.285015254995
3134,slab,51133.879974819116
3135,slab,51155.879974819116
3136,slab,51177.879974819116
3137,slab,51208.99267319132
3138,end,51247.097790957836
3139,branch,51714.46512333498
3140,slab,51793.79793546689
3141,branch,51890.9473049965
3142,slab,51955.0877758398
3143,end,51993.19289360631
3144,slab,52362.51313995911
3145,slab,52384.51313995911
3146,slab,52415.62583833132
3147,slab,52437.62583833132
3148,end,52475.73095609783
3149,slab,52008.84295783833
3150,slab,52085.05319337136
3151,slab,52123.15831113787
3152,slab,52161.263428904385
3153,end,52210.45692440938
3154,slab,52039.34413342711
3155,slab,52077.449251193626
3156,slab,52099.449251193626
3157,slab,52130.56194956583
3158,end,52161.67464793804
3159,slab,52048.71855408129
3160,slab,52086.82367184781
3161,slab,52108.82367184781
3162,slab,52130.82367184781
3163,end,52161.93637022001
3164,slab,51299.66040978774
3165,slab,51348.85390529274
3166,slab,51386.95902305925
3167,slab,51425.064140825765
3168,end,51463.16925859228
3169,slab,51219.74429067659
3170,slab,51241.74429067659
3171,slab,51272.85698904879
3172,slab,51303.969687421
3173,end,51335.082385793205
3174,slab,50894.41794875495
3175,slab,50916.41794875495
3176,slab,50938.41794875495
3177,slab,50960.41794875495
3178,end,50998.52306652146
3179,slab,51340.8284124985
3180,slab,51371.941110870706
3181,slab,51393.941110870706
3182,slab,51425.05380924291
3183,end,51456.16650761512
3184,slab,51947.461426527516
3185,slab,51991.461426527516
3186,slab,52013.461426527516
3187,slab,52035.461426527516
3188,end,52066.57412489972
3189,slab,51321.84550951112
3190,slab,51343.84550951112
3191,slab,51365.84550951112
3192,slab,51396.95820788333
3193,end,51418.95820788333
3194,slab,51773.51467954984
3195,slab,51835.740076294256
3196,slab,51889.62885063548
3197,slab,51943.51762497671
3198,end,51965.51762497671
3199,branch,51008.64817070548
3200,slab,51112.03092095726
3201,slab,51150.13603872377
3202,slab,51181.24873709598
3203,end,51219.35385486249
3204,slab,51071.306646254816
3205,slab,51102.41934462702
3206,slab,51124.41934462702
3207,slab,51146.41934462702
3208,end,51177.53204299923
3209,branch,51259.0062985628
3210,slab,51352.440611008635
3211,slab,51406.32938534986
3212,slab,51437.44208372207
3213,end,51459.44208372207
3214,slab,52041.870807624706
3215,slab,52063.870807624706
3216,slab,52101.97592539122
3217,slab,52140.081043157734
3218,end,52171.19374152994
3219,branch,51633.76233742119
3220,slab,51680.25364964153
3221,slab,51718.35876740804
3222,slab,51740.35876740804
3223,end,51778.463885174555
3224,branch,51524.7662276847
3225,slab,51557.7662276847
3226,slab,51579.7662276847
3227,slab,51610.8789260569
3228,end,51648.98404382342
3229,branch,51940.5726003923
3230,slab,52041.389265681326
3231,slab,52107.389265681326
3232,slab,52161.27804002255
3233,end,52192.39073839476
3234,slab,50842.59791036059
3235,slab,50880.70302812711
3236,slab,50911.81572649931
3237,slab,50949.92084426583
3238,end,50981.03354263803
3239,branch,51382.83648136781
3240,slab,51448.83648136781
3241,slab,51498.02997687281
3242,slab,51536.13509463932
3243,end,51558.13509463932
3244,slab,50889.893098365676
3245,slab,50939.08659387067
3246,slab,50977.191711637184
3247,slab,50999.191711637184
3248,end,51030.30441000939
3249,branch,51298.43960979674
3250,slab,51346.858131085326
3251,slab,51368.858131085326
3252,slab,51390.858131085326
3253,end,51412.858131085326
3254,slab,51186.11007865743
3255,slab,51208.11007865743
3256,slab,51230.11007865743
3257,slab,51252.11007865743
3258,end,51274.11007865743
3259,branch,50989.139579408074
3260,branch,51081.95054994077
3261,slab,51148.866201146004
3262,slab,51179.97889951821
3263,end,51211.091597890416
3264,slab,51019.08793319565
3265,slab,51041.08793319565
3266,slab,51063.08793319565
3267,slab,51101.19305096217
3268,end,51132.30574933437
3269,slab,50926.88010448952
3270,slab,50957.99280286173
3271,slab,50979.99280286173
3272,slab,51011.105501233935
3273,end,51042.21819960614
3274,branch,50272.104001907115
3275,slab,50323.29742801068
3276,slab,50385.5228247551
3277,slab,50407.5228247551
3278,end,50473.5228247551
3279,slab,50604.407030394
3280,slab,50642.51214816052
3281,slab,50680.61726592703
3282,slab,50756.82750146006
3283,end,50794.93261922657
3284,slab,50306.58283774837
3285,slab,50376.15294627207
3286,slab,50398.15294627207
3287,slab,50420.15294627207
3288,end,50451.26564464428
3289,slab,20896.755298499145
3290,slab,20945.94879400414
3291,slab,20984.053911770654
3292,slab,21006.053911770654
3293,end,21044.159029537168
3294,slab,52921.58703425724
3295,slab,52987.58703425724
3296,slab,53025.69215202375
3297,end,53063.797269790266
3298,slab,52385.84093662731
3299,slab,52407.84093662731
3300,slab,52438.95363499952
3301,end,52470.066333371724
3302,slab,52727.27581685278
3303,slab,52749.27581685278
3304,slab,52822.2415622406
3305,end,52898.451797773625
3306,slab,53348.458461086484
3307,slab,53379.57115945869
3308,slab,53401.57115945869
3309,end,53423.57115945869
3310,branch,52559.97984943045
3311,slab,52624.80161951922
3312,slab,52646.80161951922
3313,end,52668.80161951922
3314,slab,52545.5183147896
3315,slab,52583.623432556116
3316,slab,52605.623432556116
3317,end,52627.623432556116
3318,slab,52698.38859158827
3319,branch,52771.35433697609
3320,slab,52820.54783248108
3321,end,52874.43660682231
3322,slab,53056.477152321044
3323,slab,53094.58227008756
3324,slab,53132.68738785407
3325,end,53170.792505620586
3326,slab,52890.09928975706
3327,slab,52928.204407523575
3328,slab,52966.30952529009
3329,end,52988.30952529009
3330,slab,52464.50195517907
3331,slab,52582.97558093603
3332,slab,52632.16907644102
3333,end,52663.28177481323
3334,slab,52301.0462998154
3335,slab,52332.15899818761
3336,slab,52363.271696559816
3337,end,52394.38439493202
3338,slab,53198.16803552601
3339,slab,53260.39343227043
3340,slab,53282.39343227043
3341,end,53313.506130642636
3342,slab,52323.11335059211
3343,slab,52345.11335059211
3344,slab,52367.11335059211
3345,end,52398.226048964316
3346,slab,53195.32887481233
3347,slab,53244.522370317325
3348,slab,53282.62748808384
3349,end,53320.73260585035
3350,slab,52704.930908881426
3351,slab,52736.04360725363
3352,slab,52767.15630562584
3353,end,52805.26142339235
3354,slab,52153.091607435956
3355,slab,52175.091607435956
3356,slab,52206.20430580816
3357,end,52237.31700418037
3358,slab,53058.37039433982
3359,slab,53154.26617109772
3360,slab,53192.37128886423
3361,end,53214.37128886423
3362,slab,52601.72872137355
3363,slab,52639.83383914006
3364,slab,52661.83383914006
3365,end,52699.938956906575
3366,slab,52819.65204316467
3367,slab,52863.65204316467
3368,slab,52917.5408175059
3369,end,52948.653515878104
3370,slab,52135.50777739712
3371,slab,52166.62047576933
3372,slab,52188.62047576933
3373,end,52219.73317414153
3374,slab,52306.194009811225
3375,slab,52337.30670818343
3376,slab,52368.41940655564
3377,end,52406.52452432215
3378,slab,52471.67878249363
3379,slab,52533.90417923805
3380,slab,52572.009297004566
3381,end,52638.009297004566
3382,slab,52091.9009816228
3383,slab,52113.9009816228
3384,slab,52135.9009816228
3385,end,52174.00609938931
3386,slab,52342.411033122
3387,slab,52380.516150888514
3388,slab,52418.62126865503
3389,end,52440.62126865503
3390,slab,51829.50412500123
3391,slab,51860.616823373435
3392,slab,51898.72194113995
3393,end,51947.915436644944
3394,slab,51288.87811309755
3395,slab,51310.87811309755
3396,slab,51348.98323086406
3397,end,51370.98323086406
3398,branch,51693.69344936416
3399,slab,51817.28980063817
3400,slab,51871.1785749794
3401,end,51902.291273351606
3402,slab,51700.477215973915
3403,slab,51738.58233374043
3404,slab,51776.68745150694
3405,end,51807.80014987915
3406,slab,52214.4607105174
3407,slab,52252.565828283914
3408,slab,52283.67852665612
3409,end,52305.67852665612
3410,slab,52192.06697755059
3411,slab,52230.1720953171
3412,slab,52252.1720953171
3413,end,52290.27721308362
3414,slab,51587.660054495616
3415,slab,51625.76517226213
3416,slab,51701.97540779516
3417,end,51767.97540779516
3418,slab,51441.0408841923
3419,slab,51479.14600195881
3420,slab,51510.25870033102
3421,end,51532.25870033102
3422,branch,51830.46987035318
3423,slab,51912.78633286221
3424,slab,51934.78633286221
3425,end,51965.89903123442
3426,slab,51571.76234815121
3427,slab,51609.86746591773
3428,slab,51631.86746591773
3429,end,51669.97258368424
3430,slab,52620.42059014553
3431,slab,52642.42059014553
3432,slab,52680.52570791204
3433,end,52702.52570791204
3434,slab,52580.75143687388
3435,slab,52611.86413524608
3436,slab,52633.86413524608
3437,end,52655.86413524608
3438,slab,51392.82898414436
3439,slab,51442.02247964936
3440,slab,51480.12759741587
3441,end,51511.24029578808
3442,slab,52078.954520797444
3443,slab,52117.05963856396
3444,slab,52139.05963856396
3445,end,52170.172336936164
3446,slab,52003.32237146891
3447,slab,52025.32237146891
3448,slab,52047.32237146891
3449,end,52069.32237146891
3450,slab,52428.343177581686
3451,slab,52482.23195192291
3452,slab,52504.23195192291
3453,end,52542.33706968943
3454,slab,52126.80109826878
3455,slab,52170.80109826878
3456,slab,52192.80109826878
3457,end,52230.90621603529
3458,branch,51424.86950362709
3459,slab,51478.758277968314
3460,slab,51527.95177347331
3461,end,51549.95177347331
3462,slab,51298.205752817965
3463,slab,51320.205752817965
3464,slab,51358.31087058448
3465,end,51389.423568956685
3466,slab,51598.77163451323
3467,slab,51647.1905551561
3468,slab,51685.29567292261
3469,end,51723.40079068913
3470,slab,51988.68301890316
3471,slab,52037.876514408155
3472,slab,52068.98921278036
3473,end,52090.98921278036
3474,slab,51888.464308398674
3475,slab,51910.464308398674
3476,slab,51948.56942616519
3477,end,51970.56942616519
3478,slab,51147.15884612308
3479,slab,51169.15884612308
3480,slab,51200.271544495285
3481,end,51238.3766622618
3482,slab,51988.71055037338
3483,slab,52026.81566813989
3484,slab,52080.70444248112
3485,end,52102.70444248112
3486,slab,52086.78716618741
3487,slab,52140.675940528636
3488,slab,52171.78863890084
3489,end,52193.78863890084
3490,slab,51461.641151404074
3491,slab,51483.641151404074
3492,slab,51505.641151404074
3493,end,51527.641151404074
3494,slab,51885.67602176301
3495,slab,51907.67602176301
3496,slab,51929.67602176301
3497,end,51967.78113952952
3498,slab,52012.768201347775
3499,slab,52043.88089971998
3500,slab,52065.88089971998
3501,end,52087.88089971998
3502,slab,51426.949179356794
3503,slab,51476.14267486179
3504,slab,51525.33617036678
3505,end,51563.4412881333
3506,slab,51624.438235176
3507,slab,51662.54335294251
3508,slab,51684.54335294251
3509,end,51722.64847070903
3510,slab,52195.0510825662
3511,slab,52233.15620033271
3512,slab,52255.15620033271
3513,end,52293.26131809923
3514,branch,51718.551806393945
3515,slab,51784.551806393945
3516,slab,51846.777203138365
3517,end,51884.88232090488
3518,slab,51810.96075238841
3519,slab,51887.17098792144
3520,slab,51909.17098792144
3521,end,51940.283686293646
3522,slab,51345.07848402709
3523,slab,51367.07848402709
3524,slab,51389.07848402709
3525,end,51427.18360179361
3526,slab,51767.70761525204
3527,slab,51789.70761525204
3528,slab,51820.820313624245
3529,end,51858.92543139076
3530,slab,51755.11598384551
3531,slab,51804.30947935051
3532,slab,51848.30947935051
3533,end,51886.41459711702
3534,slab,51580.95897640287
3535,slab,51653.92472179069
3536,slab,51716.15011853511
3537,end,51747.262816907314
3538,slab,51766.17710590777
3539,slab,51797.28980427998
3540,slab,51819.28980427998
3541,end,51841.28980427998
3542,slab,51807.34198418176
3543,slab,51838.454682553966
3544,slab,51876.55980032048
3545,end,51898.55980032048
3546,slab,50969.54285109543
3547,slab,51023.43162543666
3548,slab,51067.43162543666
3549,end,51121.320399777884
3550,slab,51708.97891552736
3551,slab,51758.172411032356
3552,slab,51796.27752879887
3553,end,51818.27752879887
3554,slab,50876.04498418528
3555,slab,50898.04498418528
3556,slab,50936.1501019518
3557,end,50967.262800324
3558,slab,51452.406589891514
3559,slab,51474.406589891514
3560,slab,51512.51170765803
3561,end,51543.624406030234
3562,slab,50622.349253109285
3563,slab,50660.4543708758
3564,slab,50682.4543708758
3565,end,50713.567069248005
3566,slab,51496.913034990874
3567,slab,51566.483143514575
3568,slab,51597.59584188678
3569,end,51635.700959653295
3570,slab,51279.438892444814
3571,slab,51301.438892444814
3572,slab,51332.55159081702
3573,end,51370.656708583534
3574,slab,50781.58991914974
3575,slab,50812.70261752194
3576,slab,50834.70261752194
3577,end,50856.70261752194
3578,slab,51383.830125408494
3579,slab,51421.93524317501
3580,slab,51443.93524317501
3581,end,51475.047941547215
3582,slab,51314.120481896
3583,slab,51380.120481896
3584,slab,51418.22559966252
3585,end,51456.33071742903
3586,slab,50472.99547188762
3587,slab,50494.99547188762
3588,slab,50516.99547188762
3589,end,50548.108170259824
3590,slab,50495.10238447591
3591,slab,50526.21508284812
3592,slab,50564.32020061463
3593,end,50586.32020061463
3594,slab,51077.36377264495
3595,slab,51099.36377264495
3596,slab,51137.46889041147
3597,end,51159.46889041147
3598,branch,51017.098169792574
3599,slab,51039.098169792574
3600,slab,51061.098169792574
3601,end,51099.20328755909
3602,slab,50708.63647405074
3603,slab,50757.829969555736
3604,slab,50801.829969555736
3605,end,50867.829969555736
3606,slab,50820.92970202196
3607,slab,50852.042400394166
3608,slab,50883.15509876637
3609,end,50905.15509876637
3610,branch,50534.270847276246
3611,slab,50645.48936846706
3612,slab,50694.682863972055
3613,end,50732.78798173857
3614,slab,50318.99184682689
3615,slab,50340.99184682689
3616,slab,50362.99184682689
3617,end,50394.104545199094
3618,branch,50273.58184252262
3619,slab,50374.55199707706
3620,slab,50405.66469544927
3621,end,50427.66469544927
3622,slab,50610.04750520774
3623,slab,50692.36396771677
3624,slab,50793.180633005795
3625,end,50859.180633005795
3626,slab,50684.97727309047
3627,slab,50716.08997146268
3628,slab,50782.08997146268
3629,end,50820.19508922919
3630,slab,50653.64523064235
3631,slab,50719.64523064235
3632,slab,50741.64523064235
3633,end,50779.75034840887
3634,slab,50161.9191110651
3635,slab,50193.03180943731
3636,slab,50224.14450780951
3637,end,50262.24962557603
3638,slab,49903.356270302116
3639,slab,49969.356270302116
3640,slab,49991.356270302116
3641,end,50022.46896867432
3642,slab,50300.900357025115
3643,slab,50322.900357025115
3644,slab,50354.01305539732
3645,end,50385.12575376953
3646,branch,49591.712679867705
3647,slab,49671.79461837851
3648,slab,49725.68339271974
3649,end,49805.005520779945
3650,slab,49775.74219731522
3651,slab,49797.74219731522
3652,slab,49828.85489568743
3653,end,49866.96001345394
3654,slab,49715.49921990494
3655,slab,49781.49921990494
3656,slab,49819.60433767145
3657,end,49841.60433767145
3658,branch,20930.115595410593
3659,branch,21063.4586187584
3660,slab,21199.13228226367
3661,end,21265.13228226367
3662,slab,5672.42456274281
3663,branch,5784.602992041851
3664,slab,5903.076617798811
3665,end,5993.7849415624
3666,slab,3536.2142983394237
3667,slab,3574.319416105939
3668,slab,3596.319416105939
3669,end,3627.432114478147
3670,slab,886.5199027814489
3671,slab,1063.889573244017
3672,slab,1126.1149699884331
3673,end,1188.3403667328494
3674,slab,52748.804760877174
3675,slab,52786.90987864369
3676,end,52808.90987864369
3677,slab,53112.646134573755
3678,slab,53150.75125234027
3679,end,53172.75125234027
3680,slab,53575.61979162772
3681,slab,53613.72490939424
3682,end,53644.83760776644
3683,slab,53586.0920619479
3684,slab,53608.0920619479
3685,end,53639.204760320106
3686,slab,52601.52118037897
3687,slab,52623.52118037897
3688,end,52661.626298145486
3689,slab,53353.9969307925
3690,slab,53375.9969307925
3691,end,53407.109629164705
3692,slab,53316.5511900054
3693,slab,53354.65630777191
3694,end,53376.65630777191
3695,slab,52648.805343841974
3696,slab,52686.91046160849
3697,end,52708.91046160849
3698,slab,52684.09774524339
3699,slab,52715.21044361559
3700,end,52737.21044361559
3701,slab,52429.94541027372
3702,slab,52451.94541027372
3703,end,52473.94541027372
3704,slab,52141.83724940354
3705,slab,52179.94236717006
3706,end,52211.05506554226
3707,slab,52547.523404621825
3708,slab,52640.86149973845
3709,end,52671.974198110656
3710,slab,52735.46843510735
3711,slab,52766.58113347956
3712,end,52804.68625124607
3713,slab,53110.23533734456
3714,slab,53164.124111685785
3715,end,53218.01288602701
3716,slab,52232.168703648116
3717,slab,52270.27382141463
3718,end,52292.27382141463
3719,branch,52208.446701266934
3720,slab,52230.47930144442
3721,end,52261.59199981663
3722,slab,52201.989421185295
3723,slab,52271.559529709
3724,end,52293.559529709
3725,slab,52232.96228845362
3726,slab,52264.07498682583
3727,end,52295.187685198034
3728,slab,52034.65657675862
3729,slab,52065.76927513083
3730,end,52096.881973503034
3731,slab,52832.89817675894
3732,slab,52886.78695110017
3733,end,52917.899649472376
3734,slab,52888.14822904364
3735,slab,52937.341724548634
3736,end,52959.341724548634
3737,slab,52318.06172872699
3738,slab,52349.1744270992
3739,end,52380.287125471405
3740,slab,52111.71469404985
3741,slab,52160.908189554844
3742,end,52199.01330732136
3743,slab,53073.82106078235
3744,slab,53123.014556287344
3745,end,53161.11967405386
3746,slab,52271.65650807743
3747,slab,52309.761625843945
3748,end,52347.86674361046
3749,slab,52111.06537325736
3750,slab,52133.06537325736
3751,end,52155.06537325736
3752,slab,51817.82767537025
3753,slab,51839.82767537025
3754,end,51861.82767537025
3755,slab,52355.75176150853
3756,slab,52386.86445988074
3757,end,52417.97715825294
3758,slab,52294.936088776296
3759,slab,52316.936088776296
3760,end,52338.936088776296
3761,slab,51707.146660719736
3762,slab,51751.146660719736
3763,end,51789.25177848625
3764,slab,52826.48562053645
3765,slab,52848.48562053645
3766,end,52879.598318908655
3767,slab,52733.25418962489
3768,slab,52764.366887997094
3769,end,52802.47200576361
3770,slab,52075.87578787284
3771,slab,52113.98090563936
3772,end,52135.98090563936
3773,slab,52337.78277369771
3774,slab,52368.89547206992
3775,end,52390.89547206992
3776,slab,51655.841138565986
3777,slab,51686.95383693819
3778,end,51718.0665353104
3779,slab,51082.748463265874
3780,slab,51113.86116163808
3781,end,51151.966279404594
3782,slab,51701.529402192165
3783,slab,51723.529402192165
3784,end,51754.64210056437
3785,slab,52227.65607470057
3786,slab,52281.5448490418
3787,end,52351.1149575655
3788,slab,52626.9592270452
3789,slab,52648.9592270452
3790,end,52680.071925417404
3791,slab,52679.87547566033
3792,slab,52717.980593426844
3793,end,52739.980593426844
3794,slab,51598.50710309073
3795,slab,51647.70059859572
3796,end,51713.70059859572
3797,slab,51491.80431951702
3798,slab,51557.80431951702
3799,end,51595.90943728353
3800,slab,52073.576905341
3801,slab,52139.576905341
3802,end,52170.6896037132
3803,slab,51239.672551491494
3804,slab,51261.672551491494
3805,end,51283.672551491494
3806,slab,51332.80615187623
3807,slab,51354.80615187623
3808,end,51385.91885024844
3809,slab,51331.37332920216
3810,slab,51407.583564735185
3811,end,51429.583564735185
3812,slab,51495.4904780963
3813,slab,51526.6031764685
3814,end,51564.70829423502
3815,slab,51527.1842410728
3816,slab,51549.1842410728
3817,end,51571.1842410728
3818,slab,52059.337756918234
3819,slab,52090.45045529044
3820,end,52112.45045529044
3821,slab,52051.696124534144
3822,slab,52095.696124534144
3823,end,52117.696124534144
3824,slab,51110.2853410477
3825,slab,51148.39045881421
3826,end,51186.495576580724
3827,slab,51095.74994003906
3828,slab,51117.74994003906
3829,end,51155.85505780557
3830,branch,52268.035249190674
3831,slab,52341.791538129866
3832,end,52385.791538129866
3833,slab,51880.1803926741
3834,slab,51911.293091046304
3835,end,51942.40578941851
3836,slab,51721.79542043915
3837,slab,51752.908118811356
3838,end,51791.01323657787
3839,slab,51790.78885139478
3840,slab,51828.89396916129
3841,end,51850.89396916129
3842,slab,50769.475575384975
3843,slab,50807.58069315149
3844,end,50829.58069315149
3845,slab,51328.45222261329
3846,slab,51377.645718118285
3847,end,51408.75841649049
3848,slab,52081.36525016399
3849,slab,52135.254024505215
3850,end,52166.36672287742
3851,slab,51743.64599714578
3852,slab,51774.75869551799
3853,end,51796.75869551799
3854,slab,51696.62960771718
3855,slab,51734.73472548369
3856,end,51765.8474238559
3857,slab,51261.91994443362
3858,slab,51300.02506220013
3859,end,51322.02506220013
3860,slab,52004.02739052311
3861,slab,52053.2208860281
3862,end,52091.32600379462
3863,slab,51750.539498930535
3864,slab,51781.65219730274
3865,end,51803.65219730274
3866,slab,51595.92120013467
3867,slab,51645.11469563966
3868,end,51676.22739401187
3869,slab,51620.51827477015
3870,slab,51651.63097314235
3871,end,51689.73609090887
3872,slab,51731.8391634442
3873,slab,51762.95186181641
3874,end,51784.95186181641
3875,slab,51003.752974404975
3876,slab,51034.86567277718
3877,end,51072.970790543695
3878,slab,50886.43992809337
3879,slab,50917.55262646558
3880,end,50939.55262646558
3881,slab,51021.546962667744
3882,slab,51052.65966103995
3883,end,51074.65966103995
3884,slab,51747.94489728764
3885,slab,51769.94489728764
3886,end,51801.05759565985
3887,slab,50646.87362215032
3888,slab,50700.76239649155
3889,end,50722.76239649155
3890,slab,50648.17845636463
3891,slab,50697.37195186962
3892,end,50719.37195186962
3893,slab,50427.43143158918
3894,slab,50458.54412996139
3895,end,50489.656828333595
3896,slab,51686.14357176647
3897,slab,51708.14357176647
3898,end,51746.248689532986
3899,slab,51660.27956784341
3900,slab,51691.39226621562
3901,end,51729.49738398213
3902,slab,51630.42719734381
3903,slab,51668.53231511032
3904,end,51706.637432876836
3905,slab,50649.764863842734
3906,slab,50680.87756221494
3907,end,50711.99026058715
3908,slab,50540.91966412964
3909,slab,50562.91966412964
3910,end,50584.91966412964
3911,slab,50942.7727439553
3912,slab,50991.96623946029
3913,end,51057.96623946029
3914,slab,50628.47222464795
3915,slab,50666.577342414465
3916,end,50697.69004078667
3917,slab,51520.96970930008
3918,slab,51570.163204805074
3919,end,51592.163204805074
3920,slab,51559.809521469295
3921,slab,51581.809521469295
3922,end,51619.91463923581
3923,slab,51137.69816110612
3924,slab,51168.810859478326
3925,end,51199.92355785053
3926,slab,50878.01037611388
3927,slab,50900.01037611388
3928,end,50931.12307448609
3929,slab,51329.74429585763
3930,slab,51395.74429585763
3931,end,51486.45261962122
3932,slab,51111.88629073873
3933,slab,51149.991408505244
3934,end,51188.09652627176
3935,slab,50759.30479574201
3936,slab,50781.30479574201
3937,end,50812.41749411422
3938,branch,51032.63514765617
3939,slab,51106.72825026495
3940,end,51172.72825026495
3941,branch,50553.24343471701
3942,slab,50658.2108418623
3943,end,50696.31595962882
3944,slab,50354.6570018174
3945,slab,50385.76970018961
3946,end,50423.87481795612
3947,slab,50771.406354584215
3948,slab,50844.37209997203
3949,end,50866.37209997203
3950,slab,50706.597744855266
3951,slab,50744.70286262178
3952,end,50775.815560993986
3953,slab,50932.96315785374
3954,slab,50964.07585622594
3955,end,50995.18855459815
3956,slab,50858.200620907926
3957,slab,50902.200620907926
3958,end,50924.200620907926
3959,slab,50181.170051134606
3960,slab,50219.27516890112
3961,end,50257.380286667634
3962,slab,50476.522780196494
3963,slab,50507.6354785687
3964,end,50538.748176940906
3965,slab,50714.432778434704
3966,slab,50763.6262739397
3967,end,50817.515048280926
3968,slab,50759.242316479606
3969,slab,50825.242316479606
3970,end,50856.35501485181
3971,branch,50876.85606741291
3972,slab,50989.03449671195
3973,end,51038.22799221695
3974,slab,50688.19338356998
3975,slab,50761.1591289578
3976,end,50810.352624462794
3977,slab,50274.860277317726
3978,slab,50296.860277317726
3979,end,50318.860277317726
3980,slab,50052.25418098299
3981,slab,50083.3668793552
3982,end,50121.47199712171
3983,slab,50121.37310408666
3984,slab,50187.37310408666
3985,end,50225.47822185318
3986,slab,50549.311594680556
3987,slab,50571.311594680556
3988,end,50593.311594680556
3989,slab,50616.06700699913
3990,slab,50638.06700699913
3991,end,50669.17970537134
3992,slab,50684.04968055459
3993,slab,50791.82722923705
3994,end,50829.93234700357
3995,slab,50353.10752146411
3996,slab,50422.67762998781
3997,end,50444.67762998781
3998,slab,50291.80658592962
3999,slab,50341.00008143461
4000,end,50372.11277980682
4001,slab,50380.00751798349
4002,slab,50411.120216355695
4003,end,50449.22533412221
4004,slab,50422.29555992104
4005,slab,50453.408258293246
4006,end,50475.408258293246
4007,slab,49713.6738340343
4008,slab,49735.6738340343
4009,end,49757.6738340343
4010,slab,20246.085016551082
4011,slab,20268.085016551082
4012,end,20290.085016551082
4013,slab,20176.340139658616
4014,slab,20245.91024818232
4015,end,20267.91024818232
4016,slab,17727.751954019288
4017,slab,17797.322062542993
4018,end,17828.434760915203
4019,slab,3773.140957764287
4020,slab,3846.106703152106
4021,end,3877.219401524314
4022,branch,3628.194824532312
4023,slab,3751.5119585773728
4024,end,3789.617076343888
4025,slab,3502.678837874032
4026,slab,3540.7839556405474
4027,end,3606.7839556405474
4028,slab,3348.1547032898
4029,slab,3397.3481987947957
4030,end,3419.3481987947957
4031,slab,3118.356832230166
4032,slab,3187.9269407538704
4033,end,3209.9269407538704
4034,branch,2984.6283448887507
4035,branch,3175.604414538279
4036,end,3279.7794090968655
4037,slab,1937.8642260118431
4038,slab,1991.753000353073
4039,end,2022.8656987252812
4040,slab,53656.238070389016
4041,end,53687.35076876122
4042,slab,53076.56201345164
4043,end,53130.45078779287
4044,slab,52523.87730475575
4045,end,52561.98242252226
4046,slab,53262.01866609742
4047,end,53300.123783863935
4048,slab,52853.67079948512
4049,end,52875.67079948512
4050,slab,52404.456015258205
4051,end,52426.456015258205
4052,slab,52593.99344049992
4053,end,52625.10613887213
4054,slab,53300.24039143382
4055,end,53338.345509200335
4056,slab,52825.84156281373
4057,end,52875.035058318725
4058,slab,52178.335002936714
4059,end,52216.44012070323
4060,slab,53452.27920508093
4061,end,53490.38432284744
4062,slab,52564.96865813034
4063,end,52603.07377589685
4064,slab,52395.90185000284
4065,end,52461.90185000284
4066,slab,52291.72877749334
4067,end,52313.72877749334
4068,slab,52279.06199414575
4069,end,52317.16711191226
4070,slab,52639.92179470333
4071,end,52705.92179470333
4072,slab,52677.5960055907
4073,end,52756.91813365091
4074,slab,52899.79905588704
4075,end,52937.90417365355
4076,slab,52784.57128096342
4077,end,52850.57128096342
4078,slab,51921.937767960815
4079,end,51960.04288572733
4080,slab,51933.225726216726
4081,end,51971.33084398324
4082,slab,52370.44700400792
4083,end,52408.55212177443
4084,slab,51973.247704962065
4085,end,52004.36040333427
4086,slab,52350.541733203325
4087,end,52412.767129947744
4088,slab,52666.27461995775
4089,end,52697.38731832996
4090,slab,52246.93106103609
4091,end,52285.036178802606
4092,slab,52329.89179838394
4093,end,52367.996916150456
4094,slab,52920.30991635471
4095,end,52942.30991635471
4096,slab,52789.164240288395
4097,end,52820.2769386606
4098,slab,52167.55139031092
4099,end,52198.66408868312
4100,slab,51902.58572630288
4101,end,51933.69842467509
4102,slab,52314.31360928798
4103,end,52345.426307660186
4104,slab,52323.8927596947
4105,end,52345.8927596947
4106,slab,51721.006647209615
4107,end,51752.11934558182
4108,slab,51829.82439337392
4109,end,51860.93709174613
4110,slab,51279.76541472534
4111,end,51317.870532491856
4112,slab,52768.013585348126
4113,end,52834.013585348126
4114,slab,52100.92223562042
4115,end,52132.034933992625
4116,slab,51676.71302417938
4117,end,51698.71302417938
4118,slab,51623.543326837884
4119,end,51702.86545489809
4120,slab,51759.03022762696
4121,end,51797.13534539347
4122,slab,51903.435615741
4123,end,51925.435615741
4124,slab,52035.58438714751
4125,end,52073.68950491402
4126,slab,51720.35089676021
4127,end,51758.456014526724
4128,slab,52109.072856653875
4129,end,52158.26635215887
4130,slab,52519.2800519975
4131,end,52557.38516976401
4132,slab,51367.937121807096
4133,end,51406.04223957361
4134,slab,52540.716046021924
4135,end,52562.716046021924
4136,slab,52515.06609375009
4137,end,52553.1712115166
4138,slab,52064.52079614718
4139,end,52095.63349451939
4140,slab,51949.07489546466
4141,end,51980.18759383687
4142,slab,51922.94240381052
4143,end,52023.75906909955
4144,slab,52367.64418213559
4145,end,52389.64418213559
4146,slab,51898.94065957235
4147,end,51930.053357944555
4148,slab,51809.260130157534
4149,end,51858.45362566253
4150,slab,51127.33838319848
4151,end,51149.33838319848
4152,slab,51367.99873790387
4153,end,51389.99873790387
4154,slab,51359.64474948048
4155,end,51390.75744785269
4156,slab,51822.98483052641
4157,end,51861.08994829292
4158,slab,52206.711712328
4159,end,52279.677457715814
4160,slab,51134.350264908884
4161,end,51188.23903925011
4162,slab,51588.76459238034
4163,end,51619.87729075255
4164,slab,52134.03490568656
4165,end,52213.35703374677
4166,slab,51762.9963531402
4167,end,51832.566461663904
4168,slab,51575.17456032921
4169,end,51613.27967809572
4170,slab,51166.36264714481
4171,end,51204.46776491132
4172,slab,51489.25939840857
4173,end,51527.36451617508
4174,slab,51619.24576943397
4175,end,51657.35088720048
4176,slab,51454.920604147585
4177,end,51493.0257219141
4178,slab,50611.61494296587
4179,end,50649.72006073238
4180,slab,51573.37209984199
4181,end,51642.94220836569
4182,slab,51404.875293863726
4183,end,51454.06878936872
4184,slab,51366.82410468611
4185,end,51404.92922245262
4186,slab,50396.50676062228
4187,end,50427.619458994486
4188,slab,51525.92815748406
4189,end,51598.893902871874
4190,slab,51274.652613703736
4191,end,51323.84610920873
4192,slab,51137.67098493746
4193,end,51168.783683309666
4194,slab,51184.052704271075
4195,end,51222.15782203759
4196,slab,51175.46968767694
4197,end,51257.786150185966
4198,slab,51070.9869441338
4199,end,51102.09964250601
4200,slab,50350.240420194925
4201,end,50399.43391569992
4202,slab,51176.58139470713
4203,end,51207.694093079335
4204,slab,50858.87018795734
4205,end,50896.975305723856
4206,slab,50616.244004580156
4207,end,50654.34912234667
4208,slab,50683.732105525945
4209,end,50714.84480389815
4210,slab,50457.84342122816
4211,end,50488.95611960036
4212,slab,51048.57658488522
4213,end,51127.898712945425
4214,slab,51046.051722814125
4215,end,51181.66883087944
4216,slab,50633.02285501594
4217,end,50664.13555338814
4218,slab,50901.30312284266
4219,end,50945.30312284266
4220,slab,50819.34333537282
4221,end,50912.68143048944
4222,slab,50859.75571696365
4223,end,50908.949212468644
4224,slab,50336.09205607407
4225,end,50374.197173840585
4226,slab,50370.28525765897
4227,end,50446.495493192
4228,slab,50492.38708231273
4229,end,50558.38708231273
4230,slab,50056.935353496636
4231,end,50095.04047126315
4232,slab,50601.812906670035
4233,end,50623.812906670035
4234,slab,21081.180361633113
4235,end,21171.8886853967
4236,slab,18872.907129129642
4237,end,18894.907129129642
4238,slab,5896.781421340893
4239,end,5927.894119713101
4240,slab,3789.4318473257517
4241,end,3811.4318473257517
4242,branch,3621.351638064018
4243,end,3689.097462807271
4244,slab,3291.226487379102
4245,end,3322.3391857513097
4246,slab,3423.3052186975947
4247,end,3461.41033646411
4248,slab,3128.8919924233946
4249,end,3194.8919924233946
4250,slab,1550.064999579505
4251,end,1572.064999579505
4252,end,53447.38652932137
4253,end,52744.45465257217
4254,end,52667.740656891154
4255,end,52785.669167142536
4256,end,52445.48998366807
4257,end,52378.49330228622
4258,end,53018.7344255101
4259,end,52804.93382035416
4260,end,52057.883124915774
4261,end,51952.89064021691
4262,end,52827.99133323751
4263,end,52274.48576143984
4264,end,51878.27369529987
4265,end,51978.40506209797
4266,end,51840.20993814869
4267,end,52215.212577602855
4268,end,51958.75585902916
4269,end,51543.05957004939
4270,end,52161.390747700716
4271,end,52527.26103081042
4272,end,51520.765280384985
4273,end,52363.7092864635
4274,end,51964.65689213424
4275,end,51496.06367855721
4276,end,51879.14164137765
4277,end,51873.29662521014
4278,end,51773.22360056393
4279,end,51798.62861385348
4280,end,52081.44133361582
4281,end,51597.276503619585
4282,end,51590.84706290909
4283,end,51790.806783751716
4284,end,51728.724227333994
4285,end,51321.09935913296
4286,end,51671.43290845059
4287,end,51431.70276132193
4288,end,50449.13643799271
4289,end,50877.18222972938
4290,end,50409.519862345136
4291,end,51087.526570418064
4292,end,50939.60963691077
4293,end,51102.597618100204
4294,end,50664.34080333034
4295,end,51209.18933138726
4296,end,50915.41121314453
4297,end,51002.63966632499
4298,end,51010.421645360446
4299,end,50554.30953609075
4300,end,50955.1968416357
4301,end,51012.473175478226
4302,end,50019.04607464381
4303,end,49915.66207749538
4304,end,49717.74784600205
4305,end,48522.926761775125
4306,end,47998.779675441045
4307,end,27078.35075226954
4308,end,21324.041286345706
4309,end,21214.100446138582
4310,end,20387.81152106506
4311,end,21098.490893176433
4312,end,20316.59735029885
4313,end,20982.083813072262
4314,end,20152.178737208887
4315,end,20863.542760117176
4316,end,20121.609907824182
4317,end,20002.44546686393
4318,end,19286.687566457247
4319,end,17929.45697630431
4320,end,17880.534585233192
4321,end,16916.544298417906
4322,end,5705.700165931938
4323,end,4780.348771568581
4324,end,4509.439942345698
4325,end,5384.983283607875
4326,end,3738.7392313966766
4327,end,3707.1760470971567
4328,end,3717.9511389272134
4329,end,3244.865955108301
4330,end,3309.626705270666
4331,end,3023.462269565813
4332,end,2828.7063019671414
