segment_id,length,tortuosity,root_dist,strahler_index,radius_mean,radius_min,radius_max,volume
0,163.1865373723417,1.0035837527197295,0.0,6,33.86599985758463,30.0,41.597999572753906,564046.9322318938
1,187.58754967680727,1.1595242562691235,17378.8097333388,1,29.79165029525757,10.0,60.882301330566406,834968.4784344108
2,531.9710568267121,1.0188344377428538,163.1865373723417,6,120.84266662597656,41.597999572753906,258.8190002441406,39493976.30992274
3,157.00069292486558,0.9999999428064258,695.1575941990538,6,316.9095001220703,258.8190002441406,375.0,50090924.72634682
4,20.96807851156813,0.9999999951491445,852.1582871239194,6,344.6405029296875,314.281005859375,375.0,7844459.964898195
5,113.9876528461451,1.0000000424246949,873.1263656354876,6,289.5435028076172,264.8059997558594,314.281005859375,30094748.538965307
6,34.57001557131045,1.000000017868004,987.1140184816327,6,257.2939987182617,249.78199768066406,264.8059997558594,7191709.489795756
7,8.381527307120106,1.0000000429633673,1021.6840340529432,6,247.96900177001953,246.156005859375,249.78199768066406,1619106.9772098423
8,201.1095967034084,0.999999964305894,1030.0655613600632,6,201.12950134277344,156.10299682617188,246.156005859375,25985404.32045086
9,160.21033295109825,0.9999999409767923,1231.1751580634716,6,120.01439666748047,83.92579650878906,156.10299682617188,7467988.224287683
10,189.34267855497058,0.9999999824139226,1391.3854910145699,6,67.19579887390137,50.46580123901367,83.92579650878906,2741352.399281139
11,107.55873763085165,1.0865073253439212,17334.83315557386,1,15.295074939727783,10.0,31.180299758911133,91673.46728058238
12,137.55959817592122,1.009736006254485,1580.7281695695406,6,42.344767252604164,30.0,50.46580123901367,677222.8127675091
13,78.85639342402108,1.0000000192410883,17231.250638993624,2,44.40694999694824,35.56829833984375,53.245601654052734,494978.2623034086
14,202.17074028053418,1.0058370247805868,17310.107032417647,1,39.32233428955078,30.0,53.245601654052734,1084423.0698768047
15,299.95690406953406,1.0084211149372182,1718.2877677454617,6,41.295125007629395,35.70859909057617,46.56850051879883,1613394.9670055942
16,97.27406610312546,1.0613470942865944,17967.21328338346,1,12.071074962615967,10.0,18.284299850463867,46830.41902335122
17,91.20955864630136,1.0462453959052718,17870.63458364939,1,12.071074962615967,10.0,18.284299850463867,40159.571121704685
18,135.03631290811924,1.041827827385656,16368.782179863809,1,19.142149925231934,10.0,30.0,186725.13872648566
19,88.58689985167143,1.160729128301036,15794.339492684698,1,16.45729970932007,10.0,19.26059913635254,87734.69803456974
20,330.4251813548425,1.0578974839706714,2018.2446718149956,6,26.771766980489094,18.284299850463867,36.33489990234375,916837.5214196868
21,44.721359549995796,1.0000000066426002,2348.669853169838,6,18.284299850463867,18.284299850463867,18.284299850463867,46970.10567539791
22,94.56012094036805,1.0116531976300471,17630.04995584365,1,19.849300384521484,10.0,32.8286018371582,148903.5268984022
23,176.7911877517177,1.6247603644105784,17213.759994572203,1,22.96547508239746,10.0,37.140499114990234,497461.1637262137
24,291.9103350573505,1.0238650417484638,2393.3912127198337,6,28.455467224121094,18.284299850463867,34.72140121459961,905006.6085093436
25,98.60465482116481,1.0603260823980742,17709.685715537085,2,24.573099772135418,10.0,33.71929931640625,151804.74692908218
26,42.42640687119285,1.0000000002555316,17808.290370358252,1,30.0,30.0,30.0,119957.83929962286
27,116.5685424949238,1.0145989522758412,17353.530162141935,1,17.071074962615967,10.0,30.0,139184.95353758693
28,104.79848110321316,0.9999999647033739,16956.564913805665,2,48.480350494384766,46.96070098876953,50.0,774067.0726771307
29,88.93815419439719,1.019458119744271,17061.36339490888,1,22.320233662923176,10.0,46.96070098876953,185138.89609065765
30,129.2820323027551,1.0095230665249753,16199.380506403626,1,17.071074962615967,10.0,30.0,126457.48774055943
31,99.36237570137334,1.204945796042106,15978.399299259174,1,14.142149925231934,10.0,18.284299850463867,78211.46229110437
32,132.3155136217904,1.0988205213820192,17694.690248526207,1,22.071074962615967,10.0,30.0,274003.44990008813
33,121.2899020449196,1.1072202721000406,17312.85438553811,1,19.142149925231934,10.0,30.0,165508.77792567984
34,151.45190736801678,1.0709267075092708,17622.374742656022,1,27.071074962615967,10.0,50.0,372087.0026744597
35,106.88045221916853,1.0869195719732991,17539.755467488485,1,19.74874973297119,10.0,32.42639923095703,164047.62356713106
36,158.72475140274668,1.0605243913135205,17424.150512223372,1,17.071074962615967,10.0,30.0,200259.5433420771
37,110.05379532352389,1.0586739226141881,16608.87074098192,1,13.333324909210205,10.0,23.33329963684082,68101.67276765125
38,213.55742167152738,1.069932327899354,17482.370167979094,1,31.521900177001953,30.0,34.72140121459961,700541.455726534
39,126.17084060220704,1.0663382404070607,17006.197350843322,1,18.451775074005127,10.0,35.52280044555664,177896.2194027595
40,106.80746365949888,1.070766420771963,17039.386856110927,1,10.717124938964844,10.0,12.868499755859375,37887.18325494349
41,111.46159240780062,1.0372463017853213,16750.8865785765,1,21.798924922943115,10.0,48.911399841308594,228454.9308814969
42,112.29365863796824,1.0494276510415717,17210.888395323273,1,14.142149925231934,10.0,18.284299850463867,78445.2384223582
43,151.0775237613071,1.1012604686551188,15633.740945307512,1,17.071074962615967,10.0,30.0,166598.2770488747
44,108.49224414142338,1.072919223091688,17321.825915183344,1,17.98097515106201,10.0,25.355300903320312,133474.85081464087
45,80.04196168592641,1.0000000001999518,17000.62637520623,2,53.38075065612793,46.190101623535156,60.5713996887207,720868.1789453778
46,163.73559030476287,1.2504375010226048,17080.668336892155,1,36.97050094604492,30.0,46.190101623535156,659482.6628710327
47,94.64101615137756,1.1153550719354193,16440.048416375794,1,10.0,10.0,10.0,29732.35266063117
48,141.59501322090918,1.3429346195680274,17386.453154081617,1,23.99387502670288,17.691200256347656,30.0,261806.4463254009
49,219.08498969178638,1.2079235161406048,17093.927250436624,1,26.213200092315674,10.0,46.56850051879883,516449.4985821042
50,237.4486101492249,1.0993697937330953,17510.36844077373,1,33.90387535095215,10.0,85.6155014038086,1777338.515809584
51,112.85906541469294,1.031607204442981,16543.012892382594,1,14.166675090789795,10.0,26.66670036315918,81303.74581862908
52,220.45302400597637,1.2837973938471021,17295.849149613554,1,25.795724868774414,10.0,48.46149826049805,753231.7870623011
53,100.0,1.091089472050447,17289.265902047144,1,15.0,10.0,30.0,94247.77960769378
54,153.97278407305683,1.0675369216175756,16799.9732969934,1,20.22594976425171,10.0,42.61949920654297,333450.2907165919
55,150.10326626965292,1.0613903748464344,16744.196794211075,1,20.557899951934814,10.0,43.94729995727539,266236.9520955485
56,89.30196703084587,1.1047314289461114,16627.32376503491,1,10.450200080871582,10.0,11.800800323486328,30514.86148106904
57,129.4572934174797,1.059186325219041,16310.296484112405,1,17.857974529266357,10.0,33.14759826660156,210236.27894009178
58,105.55833735058737,1.2440169361741782,15150.939949064805,1,12.071074962615967,10.0,18.284299850463867,49432.999590217776
59,105.55833735058737,1.0350846354712204,17147.039786922167,1,15.0,10.0,30.0,84464.12404527943
60,139.9325830395143,1.0212688780866492,16485.24840166793,1,23.25142526626587,10.0,34.72140121459961,211298.48248740434
61,88.2842712474619,1.0706040465053,16260.552971811556,1,12.071074962615967,10.0,18.284299850463867,41020.43098393877
62,154.68419745885797,1.0236829242338412,17256.820158756196,1,26.275224208831787,10.0,66.81659698486328,695373.9632718217
63,151.1853095494937,1.03834492920549,16228.232249556866,1,23.25142526626587,10.0,34.72140121459961,238700.7978690457
64,8114.582461142048,1.4789536425958374,2685.301547777184,6,31.06539747255658,10.0,70.0,29262047.7807305
65,203.9607805437114,0.9999999785821673,10799.884008919236,4,70.0,70.0,70.0,3139732.3471514243
66,109.91449580172005,1.0328851309986464,16033.927486282095,1,17.071074962615967,10.0,30.0,104636.87495794747
67,125.16255400327042,1.0000000169650392,15144.855920870628,2,60.829050064086914,59.54710006713867,62.111000061035156,1455159.6433809293
68,149.2820323027551,1.1252556428415337,15270.0184748739,1,43.85126749674479,34.72140121459961,62.111000061035156,826814.6424637937
69,250.46579677549994,1.0817912090958208,17036.95581087974,1,37.10424995422363,10.0,66.30599975585938,2008565.8555222717
70,93.24933939538707,0.9999999519923352,17190.44722912742,2,77.74450302124023,66.40160369873047,89.08740234375,1783223.291234232
71,127.45095846051859,1.0869157055640262,17283.69656852281,1,31.561967849731445,10.0,66.40160369873047,601408.8017380607
72,84.7213595499958,1.0273973956857414,16740.459932490394,1,10.0,10.0,10.0,26615.99998311455
73,247.1026507323781,1.1098204486575536,16947.553752615608,1,33.51872491836548,10.0,55.79059982299805,1527090.9868212673
74,103.01456264116885,1.1389954115248078,17098.738859437883,1,15.118024826049805,10.0,30.47209930419922,84704.97785468816
75,89.22805670512525,1.1395908811344302,16734.16536672724,1,12.071074962615967,10.0,18.284299850463867,46819.8014956774
76,97.27406610312546,1.1158100676272384,16452.380632164462,1,12.071074962615967,10.0,18.284299850463867,46830.41902335122
77,247.12877204235062,1.0729344821833113,16342.431069904458,1,26.005499839782715,10.0,54.02199935913086,995305.0227060756
78,106.13026217699498,1.0340211163057962,15973.907634932062,1,14.131199836730957,10.0,18.284299850463867,68498.41095044232
79,119.22447494512276,1.1040498866669968,16192.59673507091,1,16.180350303649902,10.0,34.72140121459961,117211.04529997811
80,186.183356463081,1.0038334019462318,15545.16990921856,1,29.431750774383545,10.0,79.44270324707031,1126327.5124360449
81,189.6219458681982,1.0367431535983143,15131.091813313762,1,30.63627529144287,10.0,67.82369995117188,1046929.7761070328
82,169.16450267539986,1.0330526696334354,16212.609144381322,1,30.0,10.0,70.0,934946.8120741901
83,132.52758550612268,1.0749406925227183,15400.019849685988,1,15.0,10.0,30.0,107865.35689595455
84,119.57178376074471,1.0535592756659589,15067.067865600893,1,16.47319984436035,10.0,27.60849952697754,108192.67846457771
85,249.33957349730517,1.1810335141993444,16807.531004836947,1,47.45857524871826,30.0,75.11289978027344,2121372.6043403205
86,81.32778104476678,0.9999999922230841,16783.39008474611,2,35.89349937438965,22.13010025024414,49.656898498535156,345303.2586584747
87,65.80526205760128,1.1177396295660862,16864.717865790873,1,14.04336675008138,10.0,22.13010025024414,45186.58280610913
88,112.31551362179039,1.0383572543765545,16595.134600694546,1,17.9563250541687,10.0,33.54100036621094,135836.14382449086
89,9156.320312447659,1.0565789395038154,11003.844789462948,4,61.3400170277741,46.56850051879883,79.44270324707031,113028524.90658984
90,84.8528137423857,1.0000000002555316,16670.761294140568,1,12.071074962615967,10.0,18.284299850463867,45445.27920911496
91,125.69470670474031,1.0645978707601185,16285.67321047162,1,17.071074962615967,10.0,30.0,126119.37467857297
92,978.7734672813008,1.002533085312823,20160.165101910603,4,63.74877112252371,46.56850051879883,70.0,12741212.363641849
93,107.64664694883524,1.0986639711808686,15607.455406684465,1,16.2132248878479,10.0,18.284299850463867,101632.7518457555
94,120.0,1.0954451311437117,16518.262343395363,1,20.0,10.0,30.0,230383.4612632515
95,112.08524925651409,1.03559961738557,16493.487708718625,1,18.996824741363525,10.0,29.418699264526367,149009.4437583388
96,240.69545735208703,1.089852256584632,16571.39193259907,1,35.53884983062744,30.0,47.433998107910156,1062629.5647314268
97,214.2955328423773,1.0216138929144076,15908.559310010045,1,30.0,30.0,30.0,605906.3427660752
98,113.52172996153352,1.0688689277697958,16445.63617303714,1,15.708200454711914,10.0,32.832801818847656,99580.1789022445
99,92.6816299853599,0.9999999675205813,16188.724117057858,2,41.33259963989258,33.77629852294922,48.88890075683594,502968.2570685492
100,84.6530115568865,1.034399229618287,16281.405747043218,1,17.925432840983074,10.0,33.77629852294922,102069.34971765241
101,120.39529675674169,1.0990536803731248,15789.15369682933,1,21.213200092315674,10.0,46.56850051879883,237685.53111007935
102,116.5685424949238,1.271867094884765,14727.702823378548,1,19.142149925231934,10.0,30.0,160005.69102789002
103,4608.320871493191,1.0244818311871342,21138.9385691919,4,58.000541555470434,46.56850051879883,72.46209716796875,50092548.75057869
104,152.8541130372721,1.0014919386357548,16376.891187132162,1,22.26199960708618,10.0,50.76369857788086,357661.76691122865
105,277.10417280128155,1.0043075606249339,25747.2594406851,4,51.92876688639323,50.778900146484375,53.245601654052734,2320811.58715342
106,153.7208033017505,1.1681237978218422,16395.009795665137,1,27.610750198364258,20.44300079345703,30.0,370969.87280660064
107,110.8652021575544,1.0118057700118739,14758.964009986947,1,17.071074962615967,10.0,30.0,151513.5745232688
108,140.17442392692124,1.09969632370291,14843.810965080002,1,18.82479953765869,10.0,45.299198150634766,265841.5754840304
109,190.39711837443184,1.067227919573936,15655.679704976204,1,28.681900024414062,10.0,44.72760009765625,567778.1381717514
110,137.10312866373076,1.070595568567869,15720.461384958182,1,22.88247537612915,10.0,53.245601654052734,386433.61232383555
111,124.29145058640715,1.0000000006912693,15689.92532478242,2,41.498050689697266,35.98929977416992,47.00680160522461,676378.9451266454
112,81.35905855978461,1.112019852581675,15814.216775368826,1,21.424533208211262,10.0,35.98929977416992,145423.22354888864
113,176.29626675734195,1.061178826356335,15583.155898795636,1,26.213200092315674,10.0,46.56850051879883,646514.8187554312
114,155.99863464092272,1.0458736175294563,15610.625876694729,2,49.471466700236,30.393400192260742,83.29959869384766,1350454.040855167
115,136.84219584570138,1.000000016385193,15766.624511335653,1,56.64979934692383,30.0,83.29959869384766,1481416.7051740307
116,106.24977823221965,1.079916913319977,15659.596251844041,1,17.30714988708496,10.0,30.944299697875977,137325.39828458097
117,179.49030091666,1.0374067557798456,15600.25070632205,1,23.888999938964844,10.0,48.98740005493164,517958.07348875195
118,225.45489679746575,1.0457488833460706,14741.643416154526,1,35.29139947891235,10.0,66.31279754638672,1594393.5601558518
119,106.96934841374787,1.2378190867908623,15532.723434628644,1,16.10260009765625,10.0,26.126100540161133,113661.10624863608
120,159.73617861547868,1.1183769564167747,15547.300881999285,1,22.071074962615967,10.0,30.0,342899.37056071794
121,75.5598821068203,0.9999999866217966,15758.371952697258,2,50.0,50.0,50.0,593445.9342714841
122,100.02264764389433,0.9999999597244336,15833.931834804078,2,42.89539909362793,35.79079818725586,50.0,583475.7471973993
123,40.75033167838635,0.9999999950852976,15933.954482447973,1,32.89539909362793,30.0,35.79079818725586,138890.14241500996
124,181.88541740152095,1.0213311542865189,15851.922788351452,1,24.683074951171875,10.0,52.163700103759766,522367.015826064
125,6818.474908785519,1.0198856521298474,26024.36361348638,4,52.80650011698405,30.0,72.46209716796875,62991102.595153235
126,57.28834961692521,1.0000000081223126,32842.83852227191,4,46.56850051879883,46.56850051879883,46.56850051879883,390301.9207169743
127,199.62045170575016,1.0399760691416644,15406.322346450448,1,38.939249992370605,10.0,89.1884994506836,1845208.927116256
128,268.7867625693581,1.0004119315010471,32900.12687188883,4,46.56850051879883,46.56850051879883,46.56850051879883,1831227.284942241
129,162.9455197370055,1.0400136328693381,16047.218136733172,1,25.064800262451172,10.0,70.25920104980469,751445.8201285073
130,179.78794798100955,1.0851490361129386,16082.998692543528,1,25.0,10.0,30.0,420373.86518219963
131,88.03731053374798,1.0215109182652746,15036.31076844853,1,11.993649959564209,10.0,17.974599838256836,42891.578088215705
132,124.3404820221996,0.9999999791142761,15312.7809117811,2,59.78500175476074,39.8484001159668,79.72160339355469,1447951.6511773155
133,123.76058948666162,1.159746978024657,15437.1213938033,1,22.710899988810223,10.0,39.8484001159668,283314.6154203033
134,213.82715973966208,1.0799110155590312,14373.360168647028,1,25.19782543182373,10.0,50.79130172729492,831872.5595580473
135,112.29011450087944,1.0566711950419658,14418.827066953609,1,19.166674613952637,10.0,46.66669845581055,199120.39930637475
136,2479.325289411847,1.0269588146656399,33168.913634458186,4,55.296484897011204,46.56850051879883,62.111000061035156,24353918.446904477
137,114.39049313653618,1.067160969303396,14455.00613390492,1,17.071074962615967,10.0,30.0,140222.93233315257
138,310.0737671422252,1.0097208906014428,35648.23892387003,4,55.11886723836263,50.0,62.111000061035156,2813917.1603711564
139,99.57901111198348,1.000000011068777,35958.31269101225,4,53.245601654052734,53.245601654052734,53.245601654052734,886921.4421810935
140,218.304356537386,1.1336078565323342,15077.57417417686,1,31.139575004577637,10.0,49.83689880371094,785104.2199960207
141,150.93227400632276,1.0941619434504983,15065.473086739426,1,22.77400016784668,10.0,44.527400970458984,320766.67928865436
142,1010.4690432851327,1.0091328538240207,36057.89170212424,4,53.584772382463726,50.0,62.111000061035156,9398849.060714107
143,109.44271909999159,1.0531130406307734,15028.299339473195,1,19.142149925231934,10.0,30.0,120777.57284136108
144,139.49382989376326,1.0514742920380056,14215.421984962051,1,27.169899940490723,10.0,62.111000061035156,516804.93176549824
145,870.7258180164463,1.0231449384836264,37068.360745409365,4,52.45330047607422,46.56850051879883,62.111000061035156,7850078.064629916
146,149.66629547095766,1.0000000346621443,37939.08656342581,4,51.62280082702637,50.0,53.245601654052734,1253429.835946588
147,127.85553181623392,1.0019954830369397,14955.18476434281,1,19.142149925231934,10.0,30.0,181078.38928672735
148,290.2081659975533,1.0053067304365457,38088.75285889677,4,52.163734436035156,50.0,53.245601654052734,2524882.0069226823
149,131.12447887636637,1.0606853815007566,14927.0640680546,1,14.217299938201904,10.0,18.58489990234375,113006.88944178144
150,356.11219261267433,1.0067088414030596,14879.651031981968,1,38.25142526626587,18.284299850463867,70.0,2589901.3395880777
151,156.619037896906,1.1074638378811432,14051.659445553656,1,23.02775001525879,10.0,62.111000061035156,571754.505367995
152,952.4636214969352,1.049109787066618,38378.96102489432,4,58.136813163757324,46.56850051879883,70.0,10497896.5081128
153,143.7465213657373,1.0064269625950222,14210.493726386188,1,20.0,10.0,50.0,300778.48516957177
154,591.2055893698889,1.0559362586784085,39331.424646391264,4,54.19998016357422,50.0,62.111000061035156,5154334.098009847
155,52.640994452529995,0.9999999891129571,39922.63023576115,4,62.111000061035156,62.111000061035156,62.111000061035156,637985.7910088158
156,89.79959839195493,1.0763903186277466,13975.201390460074,1,11.0,10.0,14.0,35303.77837636713
157,114.87874442926876,1.0591379969120076,14719.074861619889,1,18.637324810028076,10.0,36.26499938964844,169685.78678687452
158,184.63102724358077,1.1819790859119874,13927.825914096791,1,25.615524291992188,10.0,72.46209716796875,832520.3491729712
159,114.01416896030409,1.2085477493941095,14048.832424762117,1,17.071074962615967,10.0,30.0,114763.50692556742
160,236.0381232918794,1.0641420426895642,13856.531579707624,1,36.502800941467285,10.0,79.44270324707031,2002525.9810601722
161,216.27421042275216,1.1298655699211468,13836.939030881273,1,31.960549354553223,10.0,73.12079620361328,1428485.344026188
162,174.01438001451078,1.078155133413703,14333.605688276437,1,21.427674770355225,10.0,47.42639923095703,460039.28172571014
163,171.0195325948822,1.190143888254345,13529.856672396127,1,26.794925212860107,10.0,48.89540100097656,553189.9576680812
164,111.915082254503,1.11915082254503,13749.039752333081,1,17.071074962615967,10.0,30.0,107360.38833833397
165,175.90151329983968,1.1392864735636268,13518.289184797417,1,26.04092502593994,10.0,57.59510040283203,671356.8003619368
166,260.5261437637223,1.0622273122680124,1557.1211289903888,1,57.80150032043457,30.0,101.20600128173828,2710542.524546617
167,152.62838959001937,1.0155065424082306,57304.393312584754,1,25.408066431681316,10.0,47.93989944458008,475209.3019059753
168,127.36523349170474,1.0983674044173042,55803.53676167581,1,34.6007334391276,30.0,43.80220031738281,484108.8621142561
169,128.00704908977121,1.0220509670292015,55559.679860740274,1,31.794300079345703,30.0,35.38290023803711,412131.46881892066
170,177.7061650887455,1.1193909457438875,55053.9539388837,1,47.616766611735024,30.0,66.28179931640625,1488506.4257986457
171,153.65694802177558,1.014441932476367,54750.04864277784,1,27.806999842325848,10.0,55.13669967651367,626324.383174185
172,168.3936230534147,1.0790030325563724,54192.27842513759,1,40.70366668701172,30.0,62.111000061035156,809607.2367466697
173,156.34675599611887,1.0009075857753598,50882.37142379307,1,27.370333353678387,10.0,62.111000061035156,622945.1946632481
174,48.606806531174804,0.9999999757736522,44333.235738651805,2,73.5015983581543,66.60070037841797,80.40249633789062,827398.5506638683
175,106.94844461124151,1.0000000379573903,44381.84254518298,1,50.66105079650879,34.72140121459961,66.60070037841797,890783.5856981183
176,158.50086695374185,1.0033235266138953,44215.04205691344,1,42.63823382059733,10.0,99.63040161132812,1665839.4301075872
177,212.0769264805104,1.0766574615669595,44212.60115019549,1,70.0,50.0,90.0,3560893.488425064
178,197.22597111618785,1.0073170833702596,44113.54442223652,1,70.16420110066731,50.0,107.24700164794922,3383361.6949267546
179,164.60061227727675,1.015453177409393,39975.27123021368,1,42.27746709187826,30.0,62.111000061035156,1053761.3888096295
180,120.13167464050346,1.0110337233524074,38378.96102489432,1,27.176633834838867,10.0,53.245601654052734,447347.6377902936
181,108.60022573334675,1.014911092721278,37068.360745409365,1,26.09476661682129,10.0,50.0,360721.6865836149
182,130.2646615193176,1.0565859547659504,36057.89170212424,1,27.176633834838867,10.0,53.245601654052734,460722.3236131509
183,131.47051708013345,1.0148180455333995,33168.913634458186,1,24.9509334564209,10.0,46.56850051879883,380745.53727556625
184,107.92066369357322,1.0324609798653968,32900.12687188883,1,24.9509334564209,10.0,46.56850051879883,298021.1646196709
185,110.74638375981512,1.0282543906755701,32842.83852227191,1,24.9509334564209,10.0,46.56850051879883,307947.17170539044
186,100.40900681930492,1.0056331356387254,17884.291807593974,1,14.930999755859375,10.0,24.792999267578125,77180.62985980517
187,82.07518105390324,1.0064704586230304,18814.808105708045,1,15.522866566975912,10.0,18.284299850463867,72207.36116369176
188,151.6515138991168,1.1700168928098955,18307.061019706205,1,31.573800404866535,30.0,34.72140121459961,499806.79190249566
189,133.58079007108347,1.129634737431546,21138.9385691919,1,29.186065673828125,10.0,67.55819702148438,597673.6386914129
190,10907.100193579408,1.0632974023907393,39975.27123021368,4,57.007710741711904,34.72140121459961,97.70330047607422,121373028.15288356
191,74.29440007127471,1.018885816641456,18151.719126340886,1,14.939299901326498,10.0,18.284299850463867,62124.17461377563
192,139.5479048944571,1.0234452412232067,20160.165101910603,1,29.297566731770832,10.0,67.8927001953125,636708.8957169871
193,193.58826134310516,1.0159991875996162,17828.657741969524,1,41.08723386128744,10.0,94.97740173339844,1938304.551075892
194,824.8051499183905,1.0163096776836695,50882.37142379307,4,61.404467264811196,46.56850051879883,74.39070129394531,9795741.094799895
195,93.37771677373121,1.0040034034127752,17299.477816514533,1,20.805166244506836,10.0,34.13119888305664,152991.14672050055
196,185.50096570623492,1.0012818334485707,17815.50152600283,1,41.29473304748535,10.0,95.59989929199219,1957771.7606634083
197,61.94760779788169,1.1041722443665312,18009.006191494533,1,15.01783307393392,10.0,25.053499221801758,49253.55967159321
198,145.1879749557035,1.03678237321364,17618.941362756712,1,26.1038335164388,10.0,58.311500549316406,508774.1824547071
199,1154.161500310364,1.0186947466790495,51707.176573711455,4,61.47137747870551,46.56850051879883,74.39070129394531,13382642.994159538
200,189.58725777629374,1.0267751548144533,17907.741807807637,1,39.53466669718424,21.63949966430664,50.0,957429.9447293738
201,197.21882077087628,1.0096750132559222,52861.33807402181,4,77.48736572265625,70.0,90.0,4047952.199388409
202,74.64101615137756,1.1252556428415337,16957.85173613541,1,10.0,10.0,10.0,23449.167353451587
203,161.04259027839078,1.3157847606959137,17175.117839117673,1,23.333333333333332,10.0,30.0,353764.4402100623
204,714.3110554629827,1.0224490025964261,53058.55689479269,4,65.27737960815429,53.245601654052734,72.46209716796875,9721269.714919329
205,86.02987709294032,1.0000000044630535,53772.86795025567,4,85.60810089111328,60.67919921875,110.53700256347656,2036733.1226510196
206,113.21024367101617,1.000000003938853,53858.897827348614,4,97.23755264282227,83.93810272216797,110.53700256347656,3383789.29823867
207,208.84775098897796,1.0095037154887572,17774.67590105468,1,43.26803461710612,10.0,85.08270263671875,1847493.9290826702
208,160.7564786911528,1.1090660370092398,17840.535569333675,1,26.344300587972004,10.0,39.032901763916016,431848.81817473535
209,74.85063198787859,1.0978085656039205,17861.01004844179,1,13.165833155314127,10.0,18.284299850463867,50392.71012225932
210,504.7361722352106,1.0662810992928407,53972.10807101963,4,63.77008056640625,50.0,83.93810272216797,6040383.48922299
211,222.4797143153963,1.0000000382275291,54476.84424325485,4,79.68499946594238,61.66669845581055,97.70330047607422,4513701.745675317
212,220.4672874699563,1.0000000104945561,54699.32395757025,4,90.42219924926758,83.14109802246094,97.70330047607422,5675208.254045454
213,117.68184297896354,0.9999999690717906,54919.7912450402,3,82.43304824829102,81.7249984741211,83.14109802246094,2512307.22264147
214,190.2831096467456,0.9999999898807623,55037.473088019164,3,60.388898849487305,39.052799224853516,81.7249984741211,2270750.163306572
215,73.0056307974577,1.1006012813040833,17124.673828491304,1,19.42809995015462,10.0,30.0,101774.11028222054
216,102.46211251235322,1.0457495390628233,17270.041108200316,1,16.666666666666668,10.0,30.0,118543.54416691867
217,103.92304845413264,0.9999999858296579,16972.393356718898,1,21.00190035502116,10.0,34.72140121459961,180170.29697462945
218,94.64101615137756,1.0088766621634475,17700.34521357468,1,15.522866566975912,10.0,18.284299850463867,85405.04931253224
219,109.1573820740482,1.0185764142669167,17655.069019135106,1,15.979433059692383,10.0,19.65399932861328,106660.54563049169
220,152.43832881104677,1.0108804925147516,17701.913328291168,1,38.559465408325195,10.0,87.39409637451172,1340178.1909527234
221,124.80094323614456,1.051129207542491,17535.99670321637,1,26.745633443196613,20.236900329589844,30.0,311876.088080861
222,124.19546886032998,1.083448010321972,17230.106551636156,1,21.52286656697591,18.284299850463867,28.0,189272.13358522576
223,77.06742302257041,1.048754745009321,16650.035575925787,1,12.761433283487955,10.0,18.284299850463867,49807.67437491403
224,113.13708498984761,1.0327955741993404,17387.495401689488,1,15.522866566975912,10.0,18.284299850463867,107399.2667605821
225,91.20955864630136,1.0462453959052718,17413.530162141935,1,19.42809995015462,10.0,30.0,128000.97172253781
226,144.74299385416361,1.0108142163313794,17505.00261320219,1,40.43820063273112,34.72140121459961,51.87179946899414,756829.9916452303
227,77.84523823610382,1.079664903763171,17073.352492143305,1,10.0,10.0,10.0,24455.802697559353
228,75.87207240755416,1.083886748679345,17118.737957794823,1,14.142133394877115,10.0,18.284299850463867,56622.8299989522
229,76.5685424949238,1.0618146763615333,16264.144756359565,1,12.761433283487955,10.0,18.284299850463867,42842.69864224841
230,128.2842712474619,1.0017318616509678,16915.194205067954,1,30.13176663716634,10.0,62.111000061035156,576200.2329059539
231,118.38917409153875,1.0867824490689264,17061.36339490888,1,22.320233662923176,10.0,46.96070098876953,270720.130450732
232,168.80509480136493,1.008803421117869,17395.035806592437,1,33.58213233947754,10.0,72.46209716796875,993216.0040399176
233,90.03320734816137,1.052294973990816,16870.58935436731,1,18.816433588663738,10.0,28.165000915527344,117667.32159378461
234,2000.2809387849043,1.3763645653142464,55227.75619766591,2,26.05151393678453,18.284299850463867,61.2244987487793,5397820.662735211
235,152.5506299490838,1.031950177285188,16860.890346409047,1,43.80866622924805,30.0,54.85749816894531,1067688.500311445
236,161.65337742318513,1.0015786218154432,17367.95716387275,1,45.90999984741211,30.0,73.00859832763672,1163341.958535636
237,113.13708498984761,1.0000000002555316,17491.529956351027,1,22.18950017293294,10.0,46.56850051879883,251850.17258210023
238,97.566303550217,1.0400603318536528,17047.033617659687,1,19.42809995015462,10.0,30.0,147628.66052848095
239,822.388764415902,1.0713856062536697,57228.03713645082,1,51.434325218200684,30.0,74.89350128173828,7972380.537783589
240,94.64101615137756,1.0088766621634475,17442.540161495363,1,21.00190035502116,10.0,34.72140121459961,159031.4757705066
241,370.3456919285853,1.0080495886571927,10799.884008919236,6,68.1697998046875,64.5093994140625,70.0,5459478.643278867
242,119.21785106994032,1.0123251322059477,16713.796196563362,1,17.503599802652996,10.0,24.226499557495117,148186.60738218174
243,83.6308110070411,1.1597507230750934,17410.135846551813,1,12.761433283487955,10.0,18.284299850463867,54049.5072157379
244,629.2781767548328,1.0138195474581906,11170.229700847822,6,66.61424026489257,54.33980178833008,90.0,9312899.976661002
245,83.93089030195927,1.0008464264407122,17453.965878866522,1,16.34123357137044,10.0,29.023700714111328,80713.77965205317
246,608.7440765425185,1.0292324642563497,11799.507877602655,6,70.72790050506592,54.33980178833008,90.0,10638388.610835057
247,132.52758550612268,1.0749406925227183,15860.571316017864,1,31.573800404866535,30.0,34.72140121459961,407159.45852270443
248,319.739663658043,1.057076684331318,12408.251954145173,6,70.34463246663411,62.111000061035156,76.46080017089844,4768640.36113879
249,99.70658346212181,1.0309507746994064,17095.895715932664,1,15.907599767049154,10.0,19.438499450683594,95129.90400005926
250,152.09844813622905,1.0106264509419547,17510.36844077373,1,37.96660041809082,10.0,85.6155014038086,1289706.2333544826
251,454.939015319192,1.0060197877750037,12727.991617803216,6,80.15429973602295,60.45180130004883,97.70330047607422,10034818.838380009
252,157.97787340455776,1.0032615582650743,17278.896024843154,1,39.939432779947914,10.0,79.81829833984375,923016.3175428696
253,435.03144572374225,1.0030585070577047,13182.930633122409,6,83.10805034637451,60.45180130004883,91.98040008544922,10136745.958692532
254,119.55450728547463,1.1955450728547463,16744.196794211075,1,27.982433319091797,10.0,43.94729995727539,254509.17403388667
255,139.18963631155606,1.040352212979105,16828.539203827837,1,17.847000122070312,10.0,33.54100036621094,190111.3628394084
256,509.4964320243331,1.0007886384387161,13617.96207884615,6,80.4951000213623,70.0,91.98040008544922,9646505.102341592
257,57.77487697084765,0.999999956993095,14127.458510870483,6,90.0,90.0,90.0,1470191.6085631105
258,157.67852085114566,1.0000000524986148,14185.23338784133,6,93.85165023803711,90.0,97.70330047607422,4365660.583233529
259,103.63376939401891,1.0221267077298286,16780.65495956337,1,24.5669002532959,10.0,45.41640090942383,255562.58476159832
260,153.44072198755492,1.0469465400964146,16470.6727433303,1,38.2792002360026,30.0,54.83760070800781,758578.5764735056
261,376.16295292741285,1.0442031088216401,14342.911908692477,3,60.66195011138916,36.26499938964844,97.70330047607422,4421709.733710094
262,142.97778925804494,1.059563237870029,15784.892461639407,1,20.53623390197754,10.0,33.32440185546875,255430.77465724733
263,121.64920210986551,1.0280840429818745,17274.203621784713,1,19.811932881673176,10.0,39.43579864501953,209272.43735748372
264,136.62140642323325,1.066833949843455,17254.540875864586,1,31.617600123087566,18.284299850463867,46.56850051879883,422904.38077845157
265,122.46211251235322,1.0066323644840116,16801.97085278687,1,30.0,30.0,30.0,346253.4654686907
266,763.6505964795709,1.11834170587985,14719.074861619889,3,37.285950660705566,30.0,46.56850051879883,3296772.322130277
267,121.9803902718557,1.0309224707216689,15270.0184748739,1,27.370333353678387,10.0,62.111000061035156,495279.01937841723
268,172.95424687674537,1.0423589014529722,15482.72545809946,2,37.82402515411377,30.0,46.56850051879883,713634.639219695
269,141.2782439877849,1.032590441666814,17113.807928333932,1,26.90536626180013,10.0,60.71609878540039,501517.8195041835
270,134.63754348927176,1.0052319108977648,17192.731144160116,1,25.374900182088215,10.0,47.84040069580078,407834.02076818125
271,252.87960503384198,1.010746356496967,15655.679704976204,2,39.493300437927246,30.0,53.245601654052734,1295857.0194547367
272,106.20734437881403,1.0000000030472305,17179.707728129106,2,43.51135063171387,33.777099609375,53.245601654052734,642236.7992594664
273,35.77708763999664,0.9999999853177943,17285.91507250792,1,31.8885498046875,30.0,33.777099609375,114427.88120439163
274,89.5751820308335,1.027923945729079,17100.372446030793,1,19.42809995015462,10.0,30.0,124949.60624816806
275,133.40325145560507,1.0947203707813886,17054.224238594103,1,26.36523373921712,10.0,50.8114013671875,441556.82598756265
276,113.25038066948954,1.0535319901050677,16384.49020674222,1,17.015300114949543,10.0,31.045900344848633,124015.10706607805
277,77.27406610312546,1.0326181795099634,15172.422434491948,1,15.522866566975912,10.0,18.284299850463867,69732.93069379448
278,165.51964053750794,1.103660967639305,17126.837933254512,1,24.582500457763672,10.0,53.747501373291016,543643.5782976854
279,164.79083683278458,1.0127031078165805,16486.91207860509,1,26.09476661682129,10.0,50.0,533284.9446339763
280,153.45919350450004,1.0396598469906317,15175.689441508002,1,28.16223398844401,10.0,64.48670196533203,691573.4413376569
281,155.1402704339813,1.0430828507049006,16744.669995643264,1,27.663233439127605,10.0,42.98970031738281,341182.0693408615
282,1710.3820527466667,1.333968206296468,15908.559310010045,2,36.613279242264596,30.0,62.111000061035156,7756215.147285352
283,99.94417119856156,0.9999999547582112,17618.941362756712,2,60.21125030517578,58.311500549316406,62.111000061035156,1138693.2404489068
284,63.42756573543786,0.9999999874994029,17718.885533955272,2,57.35309982299805,52.59519958496094,62.111000061035156,656956.8556944475
285,116.98489686694904,0.9999999610097239,17782.31309969071,2,53.372249603271484,52.59519958496094,54.14929962158203,1046987.2359762269
286,55.83199619950537,0.9999999871360639,17899.29799655766,2,62.074649810791016,54.14929962158203,70.0,679539.9314005271
287,66.84090371512302,0.9999999922096083,17955.129992757164,2,61.071449279785156,52.14289855957031,70.0,788772.70275214
288,57.82326457663947,0.9999999913694925,18021.970896472285,2,44.70534896850586,37.267799377441406,52.14289855957031,366403.7824388625
289,115.46225011827538,1.004969912894937,16900.286464646244,1,19.42809995015462,10.0,30.0,181040.21581257408
290,166.49110640673518,1.0095006149315617,16407.16389287919,1,31.573800404866535,30.0,34.72140121459961,529981.4935753812
291,97.62433054493968,1.0589561578892153,16032.622798844652,1,18.240467071533203,10.0,34.72140121459961,119894.15006637882
292,227.26685865727882,1.06604915947816,18079.794161048925,2,26.054700088500976,10.0,37.267799377441406,580452.5628309179
293,93.4895847233142,1.0323744701360271,16186.762944125896,1,18.93856684366862,10.0,36.81570053100586,146620.37108493614
294,121.64151197159349,1.011047679658455,15251.959105254307,1,26.09476661682129,10.0,50.0,411914.61669100384
295,102.65753643994807,1.013569670686553,16864.717865790873,1,16.804800033569336,10.0,22.13010025024414,109903.6358346389
296,142.3319976849401,1.007514099267904,16124.390238735265,1,21.00190035502116,10.0,34.72140121459961,267642.4633742713
297,109.47416388685639,1.0164421253368512,15836.622879287072,1,19.42809995015462,10.0,30.0,162100.81168034184
298,136.62140642323325,1.066833949843455,15011.68579001369,1,25.460933685302734,18.284299850463867,39.81420135498047,319114.83118051535
299,136.62140642323325,1.1230210435335866,15257.700640678733,1,24.9509334564209,10.0,46.56850051879883,380617.96822159074
300,438.3002432209888,1.1331983202749303,18307.061019706205,2,21.46753640608354,10.0,34.72140121459961,805440.5649222473
301,138.08182047926354,1.0320720084808401,14983.76433157793,1,26.246166865030926,10.0,50.454200744628906,434281.9344916693
302,111.6515138991168,1.0192342273800994,15164.643083350013,1,22.18950017293294,10.0,46.56850051879883,268714.7334906525
303,135.64082016971713,1.0131099289726164,15948.525667167649,1,22.419299443562824,10.0,38.97359848022461,306742.96571149403
304,180.0,1.0834726807179285,18745.361262927196,1,12.5,10.0,30.0,119380.52083641209
305,176.25847449228593,1.0526702004223567,14840.009932119568,1,44.63783391316732,30.0,57.345001220703125,1270079.7555230334
306,88.2842712474619,1.0126900479992045,16638.458088821466,1,19.42809995015462,10.0,30.0,130299.18766354078
307,373.91014658018696,1.070501668634528,39922.63023576115,3,43.00450038909912,30.0,62.111000061035156,1971393.6056357853
308,133.52140276235446,1.0269154697391691,16422.040700264213,1,35.16326649983724,30.0,45.48979949951172,522168.0725401534
309,117.08178495774094,1.0532573368529219,15849.444297472131,1,26.09476661682129,10.0,50.0,394015.6429515927
310,126.41275168636552,1.0289619881107221,15814.216775368826,1,21.424533208211262,10.0,35.98929977416992,253351.71448316617
311,127.82754569070083,1.0877162389226498,14798.976504182927,1,22.360733032226562,10.0,47.08219909667969,321044.8642124197
312,146.60586690945422,1.0068931892312718,14930.55734852966,1,35.90900103251139,10.0,79.44270324707031,1021672.8245682642
313,103.92304845413264,0.9999999858296579,14848.4679678027,1,18.240467071533203,10.0,34.72140121459961,130795.96017132545
314,141.5806249011462,1.005964128120402,16101.793222926632,1,28.645933151245117,10.0,57.653499603271484,577375.6394620768
315,180.362099264703,1.0225659093335486,15628.109140248047,1,31.350900650024414,10.0,65.76840209960938,916971.96697189
316,127.42116150331229,1.0211242870704202,14748.99768443495,1,23.901566823323567,10.0,51.7047004699707,376426.7621893858
317,117.46954234573003,1.0512665651020234,14789.917899739788,1,27.176633834838867,10.0,53.245601654052734,405210.61487488035
318,182.4594326943945,1.0128506744151773,15962.010800051581,1,34.45370101928711,10.0,58.63970184326172,943430.0082173187
319,141.15408276542067,1.039218363427235,15477.076321048797,1,28.251633326212566,10.0,56.47060012817383,530539.6159774779
320,83.6308110070411,1.0141725520471152,15089.98474817672,1,15.522866566975912,10.0,18.284299850463867,73841.21339987247
321,102.7405640135586,1.0078559777210572,15585.809003407634,1,20.211266199747723,10.0,32.3494987487793,172060.36992124913
322,124.20126184149764,1.0048335779842206,15490.720175705781,1,21.543766657511394,10.0,36.34700012207031,266082.4783216263
323,133.1449988665363,1.0073141867915758,15485.636525273441,1,20.452266693115234,10.0,41.3568000793457,240290.49919938153
324,156.92228291773984,1.2492231098999695,15825.75779800231,1,30.412133534749348,10.0,51.23640060424805,582697.6599797638
325,162.05654179515201,1.0335147916105698,15306.683248177162,1,32.26066780090332,10.0,68.4977035522461,860147.9415175647
326,131.30375743331211,1.0558510270289143,15153.475483460135,1,22.425499598185223,10.0,38.9921989440918,295282.5830077961
327,117.05363533215049,1.0849467276837885,14493.525891317937,1,21.00190035502116,10.0,34.72140121459961,220442.27103744086
328,88.94727479987431,1.0257079597164287,14210.211549150825,1,15.522866566975912,10.0,18.284299850463867,81993.10668171849
329,94.64101615137756,1.1153550719354193,13907.847870761078,1,19.42809995015462,10.0,30.0,134407.4703696188
330,3665.5084904993323,1.1083920397851792,40296.54038234134,3,36.82308043604312,10.0,139.16299438476562,25095262.16024383
331,114.905677692315,0.9999999991027845,43962.04887284067,3,124.58149719238281,110.0,139.16299438476562,5628298.340543286
332,135.64659966250537,0.9999999499964849,44076.95455053299,2,100.0,90.0,110.0,4275668.702339562
333,54.30209264920426,0.9999999842242709,44212.60115019549,2,87.84054946899414,85.68109893798828,90.0,1316570.1819880386
334,66.332495807108,0.9999999873974531,44266.903242844695,2,83.04179763793945,80.40249633789062,85.68109893798828,1437526.6654812803
335,123.92404626357191,1.0018980514649982,14320.608454457551,1,29.189499537150066,10.0,59.28419876098633,512328.3392498709
336,154.01686432932493,1.0063517037971543,14309.539183480818,1,30.65369987487793,10.0,63.67679977416992,716611.1164490855
337,208.50720391280893,1.01629186695451,44333.235738651805,1,45.72352361679077,10.0,80.40249633789062,2350455.2224278264
338,132.52758550612268,1.0749406925227183,14185.718463710218,1,24.120232899983723,10.0,32.36069869995117,297809.0319897976
339,475.0639533032863,1.0155788121609632,14342.911908692477,6,92.88223266601562,90.0,97.70330047607422,12752651.866759423
340,123.6387454453707,1.000000039678663,14817.975861995763,6,99.43420028686523,90.94339752197266,107.92500305175781,3849730.337977499
341,117.10312866373076,1.1482906257121215,14032.01568656039,1,19.42809995015462,10.0,30.0,176344.021253181
342,175.03308113507282,1.017166224743742,14817.975861995763,1,39.74256579081217,10.0,90.94339752197266,1596192.088157237
343,104.64101615137756,1.0211917763704261,13826.054929151122,1,17.060099919637043,10.0,31.180299758911133,112336.32839721996
344,110.00679087704464,1.0705020997779895,13395.309084262733,1,19.42809995015462,10.0,30.0,163095.22855759558
345,824.4532016489275,1.0461476141711474,14941.614607441134,4,69.16626675923665,53.245601654052734,107.92500305175781,12146991.972893449
346,59.68998891224808,1.0000000289769018,15766.067809090062,4,54.18964958190918,51.23640060424805,57.14289855957031,551205.8185464672
347,26.164990349142176,1.0000000335450787,15825.75779800231,4,51.700050354003906,51.23640060424805,52.163700103759766,219717.17775730058
348,30.57143468086426,1.0000000215844689,15851.922788351452,4,52.70465087890625,52.163700103759766,53.245601654052734,266795.6936107979
349,67.93461183025622,1.0000000496180612,15882.494223032316,4,51.90915107727051,50.57270050048828,53.245601654052734,575207.7776498034
350,48.38418598341392,1.0000000039764707,15950.428834862572,4,50.28635025024414,50.0,50.57270050048828,384377.7461379901
351,77.02642252499002,0.9999999260297231,15998.813020845986,4,48.379600524902344,46.75920104980469,50.0,566599.9826580043
352,160.49159094905644,1.123665900685938,11799.507877602655,1,43.63610076904297,30.0,54.33980178833008,1097287.410694973
353,134.2085716217515,1.006142093139068,16075.839443370976,4,42.14520136515299,34.72140121459961,46.75920104980469,687876.7104346111
354,52.35832225591597,1.0000000021460063,16210.048014992728,4,41.319101333618164,37.68320083618164,44.95500183105469,281550.84271582647
355,295.68291347880347,1.2392827806406685,1391.3854910145699,1,69.54906590779622,34.72140121459961,90.0,5348474.935802288
356,371.1610406918288,0.9999999984698372,1030.0655613600632,2,149.36370277404785,52.5713996887207,246.156005859375,29655152.049055286
357,128.33645950613428,1.0000000249913878,1401.2266020518919,1,41.28569984436035,30.0,52.5713996887207,704342.7387009957
358,352.51034893783833,1.0603313726493633,16262.406337248643,3,31.890740203857423,30.0,37.68320083618164,1077294.8457346004
359,432.10417570636093,1.0092449296471857,987.1140184816327,1,97.69676653544109,10.0,264.8059997558594,31363239.37830524
360,185.05661080692323,1.1199197843173279,16614.91668618648,3,34.79666646321615,30.0,42.61949920654297,704787.9881536479
361,19.96685048890661,1.000000010424523,16799.9732969934,3,44.5939998626709,42.61949920654297,46.56850051879883,124823.39941119551
362,110.19338169076376,0.9999999948053157,16819.940147482306,3,38.284250259399414,30.0,46.56850051879883,515313.7795256561
363,13.366619764675384,1.000000048970346,16930.13352917307,3,30.0,30.0,30.0,37793.22515968177
364,45.361622974435306,0.99999994054553,16943.500148937743,3,23.33335018157959,16.66670036315918,30.0,79698.88005948541
365,127.20634251517474,1.0000000435518954,55726.99412300817,1,56.610551834106445,46.56850051879883,66.65260314941406,1294150.9399450375
366,118.32159566199232,1.0000000120325547,55604.875742374505,1,52.360700607299805,34.72140121459961,70.0,1057671.473503427
367,141.49645900339547,0.9999999932327492,55703.85389838683,1,41.606550216674805,30.0,53.21310043334961,789479.059879692
368,103.6822067666386,1.000000015108121,56080.55355701975,1,52.6684513092041,34.72140121459961,70.6155014038086,938528.1323657884
369,158.23867764732526,1.3437724385745928,16988.86177191218,3,15.825166702270508,10.0,30.0,142401.45367421105
370,99.08460215747243,0.9999999979968169,55738.32883474079,1,42.428749084472656,30.0,54.85749816894531,576400.4731414014
371,109.54451150103323,1.000000014727693,55921.22676989036,1,54.721351623535156,30.0,79.44270324707031,1100621.9011640474
372,101.7791209116789,0.999999995212703,55640.13217851675,1,30.237950325012207,30.0,30.475900650024414,292362.88124550437
373,109.54451150103323,1.000000014727693,54956.45050185412,1,64.72135162353516,50.0,79.44270324707031,1466430.4740984265
374,105.43894787118202,0.9999999837462444,55380.36768114544,1,53.4648494720459,46.56850051879883,60.36119842529297,952115.3929970458
375,89.86792153323402,1.0000000179303028,54807.017415735434,1,39.03249931335449,30.0,48.064998626708984,437815.4964222512
376,120.97736479234827,1.0000000099681663,55348.26827788313,1,53.24225044250488,50.0,56.484500885009766,1078706.5183139278
377,149.41564115361007,0.9999999447149448,55037.473088019164,1,55.86249923706055,30.0,81.7249984741211,1569484.5435239184
378,104.06369162326874,1.0000000138157878,54133.307002977206,1,41.380449295043945,30.0,52.76089859008789,573922.4007201956
379,98.85098212163778,0.9999999944929445,53772.86795025567,1,61.39509963989258,60.67919921875,62.111000061035156,1170625.455441933
380,123.95230097264171,0.9999999995744419,53772.86795025567,1,45.339599609375,30.0,60.67919921875,831040.1880263215
381,537.0081225191009,1.0645832731088618,17147.100449559504,2,20.350669127244217,10.0,30.0,846261.2794831697
382,100.03603530706692,1.0000000167609187,53248.77403366944,1,50.0,30.0,70.0,827584.1666482462
383,114.49183857661909,1.000000017719757,52861.33807402181,1,51.231048583984375,30.0,72.46209716796875,998084.8802185656
384,141.5235872938062,0.9999999802571118,51707.176573711455,1,52.195350646972656,30.0,74.39070129394531,1284283.723617496
385,109.15120443569917,0.9999999767797741,44381.84254518298,1,50.66105079650879,34.72140121459961,66.60070037841797,909130.6336640861
386,200.18323551536724,1.0687765405962526,17684.108572078607,2,18.560266494750977,10.0,30.0,298816.7758732049
387,150.06966637559626,0.999999964981178,44266.903242844695,1,66.12479972839355,46.56850051879883,85.68109893798828,2121546.840084234
388,210.91049438311546,1.000000011567732,43962.04887284067,1,84.58149719238281,30.0,139.16299438476562,5398210.8019084195
389,140.0855597936159,1.0000000268646,42151.90002898873,1,65.16069984436035,34.72140121459961,95.5999984741211,2004515.4427369738
390,230.82453089455362,0.999999964085202,42069.8760566902,1,82.68425178527832,46.56850051879883,118.80000305175781,5272953.561276005
391,160.42018257655573,1.2101114582492447,17884.291807593974,1,13.846216519673666,10.0,24.792999267578125,111192.25552953567
392,116.27564905297555,0.9999999916453831,41884.68340874089,1,59.44219970703125,30.0,88.8843994140625,1396259.0829794963
393,190.46186913570267,1.0000000044605772,40755.4959294424,1,87.35350036621094,70.0,104.70700073242188,4625880.914962338
394,172.19175357722565,0.9999999789483374,40696.8224340342,1,68.12049865722656,30.0,106.24099731445312,2772289.441639501
395,387.41408255666977,1.0458830073479124,12727.991617803216,5,42.79675979614258,10.0,72.46209716796875,2807667.362899322
396,120.0,1.0,38088.75285889677,1,40.0,30.0,50.0,615752.1601035994
397,91.6515138991168,1.0000000191281153,37939.08656342581,1,43.98350143432617,34.72140121459961,53.245601654052734,565251.3939245733
398,97.6315366776562,0.9999999824497584,35958.31269101225,1,41.62280082702637,30.0,53.245601654052734,545188.305734029
399,279.90338390284865,1.0279423357820572,13115.405700359885,4,33.65522003173828,30.0,43.5546989440918,967467.6940970235
400,84.20213774008353,0.9999999635636112,13395.309084262733,4,32.06559944152832,30.0,34.13119888305664,272365.4673507147
401,50.345450393309385,0.9999999808985508,13479.511222002817,4,41.5132999420166,34.13119888305664,48.89540100097656,275447.21202383924
402,104.08087450538248,1.0000000280873054,13529.856672396127,4,59.44770050048828,48.89540100097656,70.0,1167692.286931928
403,99.81706549343505,1.0000000312121524,17815.86229619437,1,38.663700103759766,30.0,47.32740020751953,476617.66081993474
404,271.6727151600488,1.009123027587849,13633.937546901509,4,61.682333628336586,46.56850051879883,70.0,2902411.804952704
405,22.215652035235134,0.9999999806179369,13905.610262061557,4,70.47029876708984,68.47850036621094,72.46209716796875,346686.3994356887
406,28.330556488469302,0.9999999865502984,13927.825914096791,4,70.7369499206543,69.01180267333984,72.46209716796875,445434.38454684074
407,56.52228647574645,0.9999999504553578,13956.15647058526,4,65.5614013671875,62.111000061035156,69.01180267333984,763953.3708468529
408,36.89347155590471,1.0000000214602893,17262.2116593733,1,29.33014965057373,28.66029930114746,30.0,99724.86220914767
409,61.644140029689765,1.0000000274723302,17808.290370358252,1,30.0,30.0,30.0,174294.69492043904
410,71.98536472455764,0.9999999708728105,17833.687139685037,1,32.52969932556152,30.0,35.05939865112305,239788.73726960082
411,102.39233752803159,0.9999999600972311,16982.035108783075,1,39.116899490356445,30.0,48.23379898071289,501117.5111155011
412,538.9507762279485,1.0241432814728624,14012.678757061007,4,51.89791679382324,34.72140121459961,83.26519775390625,4491348.475187661
413,75.2001444267347,1.0000000335105275,14551.629533288953,4,75.5323486328125,67.79949951171875,83.26519775390625,1352537.0883901434
414,114.81373843883735,1.0000000215734055,14626.829677715688,4,67.05614852905273,66.31279754638672,67.79949951171875,1621954.7053956306
415,22.000781305484534,1.0000000545386893,14741.643416154526,4,68.4266471862793,66.31279754638672,70.54049682617188,323725.27281952626
416,166.91315106965058,1.000000024545666,14763.644197460011,4,74.9916000366211,70.54049682617188,79.44270324707031,2952401.124992231
417,133.84059913875666,0.9999999435844125,14930.55734852966,4,75.15475082397461,70.8667984008789,79.44270324707031,2377506.1054294533
418,100.24513568159479,1.0000000322739433,15064.397947668418,4,58.71764945983887,46.56850051879883,70.8667984008789,1101296.3491776732
419,136.38181696985856,0.9999999728053757,15164.643083350013,4,64.53425025939941,46.56850051879883,82.5,1830475.473455178
420,98.99494936611666,1.0000000002555316,15301.024900319871,3,56.25,30.0,82.5,1055462.3777265428
421,44.90694938226544,1.0000000287854305,15400.019849685988,3,32.163949966430664,30.0,34.32789993286133,146169.5612353946
422,109.07878013581309,0.9999999909045867,17256.78851741439,1,52.902549743652344,46.56850051879883,59.23659896850586,963637.4638499079
423,88.23959616157103,1.000000030096599,17281.722221733322,1,44.356449127197266,30.0,58.71289825439453,564460.0253773539
424,140.61830259781885,1.0338480284378577,15444.926799068255,3,23.1530499458313,10.0,34.32789993286133,230055.18210307008
425,128.17175976009693,1.0000000532910667,15165.21655813034,1,48.235450744628906,30.0,66.47090148925781,981493.1741783827
426,46.01717795065288,1.0000000080158278,17106.640826616283,1,33.69659996032715,30.0,37.3931999206543,164808.92287628844
427,275.02621435179003,1.0949932625767367,15585.545101666074,3,32.360700607299805,30.0,34.72140121459961,906420.0419959167
428,149.73624911086335,0.9999999818334485,17256.820158756196,1,50.768999099731445,34.72140121459961,66.81659698486328,1252859.3311800282
429,118.60496440230308,0.9999999931903537,15175.689441508002,1,47.243350982666016,30.0,64.48670196533203,868567.2495079027
430,171.20955864630136,1.1144793387417813,15860.571316017864,3,31.180350303649902,30.0,34.72140121459961,510576.10825107596
431,83.72599749718422,0.9999999948926203,16356.254566832155,1,38.77560043334961,30.98270034790039,46.56850051879883,400807.09987037675
432,107.70329614269008,1.000000030602689,15031.68579001369,1,34.72140121459961,34.72140121459961,34.72140121459961,407918.4422165474
433,76.93392839981203,0.9999999864357982,16741.457726486755,1,36.78344917297363,30.0,43.566898345947266,330725.99007710995
434,145.85057479767892,1.1389016470546718,16031.780874664166,2,20.627439880371092,18.284299850463867,30.0,181476.01814163485
435,116.61903789690601,0.9999999695936012,15206.761828446168,1,40.0,30.0,50.0,598403.5556471589
436,80.0,1.0,16177.631449461845,2,22.189533233642578,18.284299850463867,30.0,116690.96062328412
437,130.38404810405297,0.9999999972553307,15301.024900319871,1,64.53425025939941,46.56850051879883,82.5,1749975.1920864359
438,94.64101615137756,1.0088766621634475,16257.631449461845,2,16.666666666666668,10.0,30.0,92564.20573242703
439,24.765567257209153,0.9999999789089487,16281.405747043218,1,31.88814926147461,30.0,33.77629852294922,79207.08705476519
440,126.32245816818397,1.0000000143151166,16009.578593316437,1,64.13504981994629,34.72140121459961,93.54869842529297,1746827.8358178928
441,72.11102550927978,1.0000000355016603,15630.896014866135,1,32.360700607299805,30.0,34.72140121459961,237660.5319065909
442,120.04662897237948,0.9999999842811456,14781.272269267669,1,45.71145057678223,30.0,61.42290115356445,819074.9894233012
443,108.37827490552054,1.0000000174875145,16633.722133671392,1,34.03484916687012,30.0,38.069698333740234,396250.26563995855
444,160.04346773259223,0.9999999715236944,15766.624511335653,1,56.64979934692383,30.0,83.29959869384766,1732587.494844352
445,224.92071305196072,1.10276450028805,16352.272465613223,1,16.035537481307983,10.0,30.0,287270.83882679214
446,107.79683474633819,0.9999999804568556,16374.754084319431,1,38.427249908447266,30.0,46.85449981689453,508091.15677541826
447,84.8528137423857,1.0000000002555316,15554.94683379139,1,46.56850051879883,46.56850051879883,46.56850051879883,578096.8846873912
448,103.53743284435828,1.0000000293110227,15744.034344234722,1,40.287349700927734,30.0,50.57469940185547,539414.5784479209
449,93.8083151964686,1.0000000398052815,16277.87354103187,1,38.284250259399414,30.0,46.56850051879883,438689.8245409557
450,105.70080342361878,0.9999999788039107,15933.954482447973,1,42.89539909362793,35.79079818725586,50.0,616598.8956804145
451,115.82328504893819,0.9999999748329628,15950.428834862572,1,40.28635025024414,30.0,50.57270050048828,603390.2721653753
452,104.7077637148532,1.0000000004104586,15487.688840532852,1,41.80389976501465,30.0,53.6077995300293,590138.0658143682
453,940.7895344674962,1.0652343840908067,13617.96207884615,4,43.344744788275825,30.0,91.98040008544922,5906221.088943146
454,99.2187576894682,1.000000000605467,15788.781406466123,1,30.839750289916992,30.0,31.679500579833984,296532.76354219473
455,123.98003462060973,1.0000000060178884,14678.989327171965,1,48.23529815673828,30.0,66.47059631347656,949388.0416443364
456,54.796349898477274,0.9999999545955666,15907.315773814094,1,30.0,30.0,30.0,154933.03629077954
457,564.0647356703798,1.0723137848123794,14558.751613313647,4,47.80434036254883,34.72140121459961,62.111000061035156,3864470.3021019306
458,212.67890502530153,0.999999979892429,15122.816348984024,4,58.953500747680664,45.62080001831055,72.28620147705078,2361757.595593814
459,69.46131569589181,0.9999999528682323,15335.495254009325,4,71.14310073852539,70.0,72.28620147705078,1104576.629058539
460,84.8528137423857,1.0000000002555316,15404.956569705217,4,70.0,70.0,70.0,1306207.5834847821
461,55.52527297295082,0.9999999421681183,15489.809383447602,4,60.98789978027344,51.975799560546875,70.0,653548.0621691891
462,121.61967070803597,0.9999999673195868,15545.334656420553,4,50.22604942321777,48.47629928588867,51.975799560546875,964245.027538771
463,53.507057829592405,1.0000000119545165,15666.95432712859,4,50.8609504699707,48.47629928588867,53.245601654052734,435159.02789029037
464,128.98291251394912,1.0000000182791589,15720.461384958182,4,51.62280082702637,50.0,53.245601654052734,1080210.0300016997
465,99.08136969551715,1.0000000222326502,15849.444297472131,4,44.486799240112305,38.97359848022461,50.0,619187.0511467681
466,19.226215085049425,0.9999999855666132,15948.525667167649,4,36.84749984741211,34.72140121459961,38.97359848022461,82099.67214237957
467,74.84481916520062,1.0000000140285763,15967.751882252698,4,34.72140121459961,34.72140121459961,34.72140121459961,283469.34254841064
468,46.66734089137265,0.9999999518233601,16042.596701417899,4,34.72140121459961,34.72140121459961,34.72140121459961,176749.19134561383
469,89.44271909999159,1.0000000066426002,16089.26404230927,3,32.360700607299805,30.0,34.72140121459961,294781.61848076124
470,62.74437351002501,1.0000000030041227,13538.836546687276,1,30.481849670410156,30.0,30.963699340820312,183165.41133733978
471,134.0637709628083,1.0449796979311174,16178.706761409263,3,31.877567291259766,30.0,35.6327018737793,409553.45183424687
472,112.78332448284448,0.9999999936828603,16312.770532372071,3,50.671701431274414,35.6327018737793,65.71070098876953,936470.0107902767
473,83.10777882181547,0.9999999803300306,16425.553856854916,3,61.14470100402832,56.57870101928711,65.71070098876953,977947.9159505198
474,83.24055315093294,1.0000000717289514,2471.3254110484686,1,39.17390060424805,30.0,48.347801208496094,408644.77648773015
475,144.99039677356282,0.999999962424293,1391.3854910145699,1,65.24714851379395,46.56850051879883,83.92579650878906,1992127.063125532
476,205.13456088662747,1.051462893631164,16508.661635676734,3,36.38165044784546,24.226499557495117,56.57870101928711,887659.0869423633
477,85.26505527512218,0.9999999396038367,1401.2266020518919,1,43.646400451660156,34.72140121459961,52.5713996887207,517403.3212368281
478,320.98626576956644,0.9999999958868107,1021.6840340529432,1,155.9464988708496,62.111000061035156,249.78199768066406,27483501.33483076
479,443.2211448068424,0.9999999637160161,873.1263656354876,1,180.4247531890869,46.56850051879883,314.281005859375,53643815.73681457
480,114.40900588500013,1.000000014627995,852.1582871239194,1,331.16050720214844,287.3210144042969,375.0,39647586.47790492
481,364.92282638932124,1.0000000146452868,695.1575941990538,1,205.03199768066406,151.2449951171875,258.8190002441406,49299699.30469434
482,258.59716015553556,1.31086051684632,16713.796196563362,3,19.60460008893694,10.0,34.72140121459961,399488.9939438394
483,141.4213562373095,1.0000000002555316,16972.393356718898,3,48.41620063781738,34.72140121459961,62.111000061035156,1069243.9020126972
484,42.2104326776101,0.9999999696200509,17113.814712956206,3,51.893850326538086,41.676700592041016,62.111000061035156,361723.88499826484
485,75.22549335980992,0.9999999863748891,17156.025145633816,3,38.62249946594238,35.56829833984375,41.676700592041016,353264.5039274383
486,60.744332382749725,1.0000000168392083,17231.250638993624,2,42.42700004577637,35.56829833984375,49.285701751708984,346503.0965544898
487,86.81476196242367,1.0000000421776492,17291.994971376374,2,55.084001541137695,49.285701751708984,60.882301330566406,830606.786596327
488,48.794819148788115,0.9999999273676431,17378.8097333388,2,54.89109992980957,48.899898529052734,60.882301330566406,463712.35073369514
489,517.7333764666619,1.1510018671752427,17427.604552487588,1,26.086219787597656,10.0,62.111000061035156,2365609.0920533347
490,337.6496492067297,1.010161938945497,14941.614607441134,6,87.81820170084636,70.0,107.92500305175781,7280205.9064971
491,407.9435462836718,1.0000000093228663,15279.264256647863,6,87.76480102539062,85.52960205078125,90.0,9873805.504856583
492,339.6276511859872,1.0445602057920087,15687.207802931534,6,84.07406616210938,72.22219848632812,90.0,7534203.218010282
493,20.382682615650758,0.9999999909412214,16026.835454117521,6,71.2406997680664,70.25920104980469,72.22219848632812,325008.7469227513
494,52.741198605474466,0.9999999831643241,16047.218136733172,6,71.00429916381836,70.25920104980469,71.74939727783203,835381.987203627
495,124.04782202537288,1.0000000079038147,16099.959335338646,6,61.74019813537598,51.73099899291992,71.74939727783203,1498522.3583555133
496,326.9866530347682,1.011167858268621,16224.00715736402,5,49.004233042399086,46.56850051879883,51.73099899291992,2426455.3865312156
497,87.46427842267951,0.9999999914007732,16550.993810398788,4,39.35659980773926,30.0,48.713199615478516,433632.37656600366
498,105.83693992346711,1.0000000280883368,16638.458088821466,4,37.35700035095215,30.0,44.7140007019043,470012.8890948777
499,84.15093420374836,1.0000000224802814,16744.295028744935,4,57.66195106506348,44.7140007019043,70.60990142822266,893770.869296659
500,72.28577403330475,0.9999999972656821,16828.445962948685,4,79.82160186767578,70.60990142822266,89.0333023071289,1453340.2371173117
501,77.12033212839526,1.0000000170882097,16900.73173698199,4,96.08515167236328,89.0333023071289,103.13700103759766,2240837.5297833043
502,56.568542494923804,1.0000000002555316,16977.852069110384,4,94.85274887084961,86.56849670410156,103.13700103759766,1602977.9902316064
503,49.49747468305833,1.0000000002555316,17034.420611605306,4,79.31979751586914,72.07109832763672,86.56849670410156,981077.7160946364
504,29.889842045565416,1.0000000323137717,17083.918086288366,4,66.39359855651855,60.71609878540039,72.07109832763672,414937.98149718466
505,64.21288994924501,0.9999999894763344,17113.807928333932,4,47.71875,34.72140121459961,60.71609878540039,470716.39520779345
506,215.91521929655647,1.0335929896617564,17178.020818283178,4,36.5310754776001,30.0,46.68149948120117,841538.9646448159
507,68.42948442314214,1.0000000426248223,17393.936037579733,4,40.70145034790039,34.72140121459961,46.68149948120117,358696.1559698705
508,163.32058415558114,1.0370867063432396,17462.365522002874,4,36.991750717163086,30.0,53.245601654052734,651492.436916973
509,63.99921876460331,1.0000000121492543,17625.686106158453,3,59.39489936828613,53.245601654052734,65.54419708251953,711822.6530218682
510,36.00078127596057,0.999999979528809,17689.685324923055,3,69.00314712524414,65.54419708251953,72.46209716796875,538968.2864656264
511,48.98979485566356,0.9999999830750286,17725.686106199017,3,78.77239990234375,72.46209716796875,85.08270263671875,957043.4643796734
512,8.164765746569223,1.0000000475945132,17774.67590105468,3,86.1343994140625,85.08270263671875,87.18609619140625,190312.9854914904
513,32.6608592015795,1.0000000320653737,17782.84066680125,3,91.39299774169922,87.18609619140625,95.59989929199219,857649.6905517253
514,13.156215966694864,1.0000000227246393,17815.50152600283,3,95.28865051269531,94.97740173339844,95.59989929199219,375288.0660820267
515,93.03567362126266,0.9999999846557198,17828.657741969524,3,76.23680114746094,57.49620056152344,94.97740173339844,1732964.306104761
516,53.37996684422469,1.0000000020304405,17921.693415590787,3,47.49810028076172,37.5,57.49620056152344,383926.41267826216
517,107.93516572461452,1.000000002958638,17975.073382435014,3,33.75,30.0,37.5,387832.26908950455
518,54.208467336259844,0.999999962098002,18083.00854815963,3,33.34794998168945,30.0,36.695899963378906,190025.5275679188
519,40.35757317030287,0.9999999679716194,18137.217015495888,3,40.15130043029785,36.695899963378906,43.6067008972168,204901.43615993776
520,373.6233319809569,1.0264222353714851,18177.57458866619,3,35.762375831604004,30.0,43.6067008972168,1522129.6149023422
521,98.99494936611666,1.0000000002555316,18551.197920647148,3,32.360700607299805,30.0,34.72140121459961,326263.4664463634
522,141.09715636685684,1.0844279598202526,18650.192870013263,2,31.13716697692871,28.690099716186523,34.72140121459961,415151.66833117825
523,242.1320599323814,1.1185231183636661,18791.29002638012,1,16.47841238975525,10.0,28.690099716186523,220199.51922722056
524,206.14717740595287,0.9999999569562692,14127.458510870483,5,68.71319961547852,47.42639923095703,90.0,3155609.60910683
525,219.20310216782974,0.9999999654503935,14333.605688276437,5,53.75944900512695,47.42639923095703,60.092498779296875,1999450.0808079236
526,63.63961030678928,1.0000000002555316,14552.808790444267,5,55.550899505615234,51.009300231933594,60.092498779296875,618338.2393097677
527,84.8528137423857,1.0000000002555316,14616.448400751056,5,51.99220085144043,51.009300231933594,52.975101470947266,720682.9683419489
528,42.42640687119285,1.0000000002555316,14701.301214493442,5,51.02375030517578,49.0723991394043,52.975101470947266,347170.2962507069
529,201.6813424857648,1.000000034889426,14743.727621364635,5,48.898149490356445,48.723899841308594,49.0723991394043,1514963.8409535496
530,30.064329476313812,1.0000000109423677,14945.4089638504,5,51.95694923400879,48.723899841308594,55.189998626708984,255298.84264366637
531,32.08918969015427,1.0000000644479998,14975.473293326713,5,58.65049934387207,55.189998626708984,62.111000061035156,347180.7945437181
532,155.12504709198487,1.000000008481014,15007.562483016867,5,57.52375030517578,52.936500549316406,62.111000061035156,1616016.5760165441
533,101.96023543661778,0.9999999984397315,15162.687530108851,5,63.894649505615234,52.936500549316406,74.85279846191406,1320526.0607878538
534,48.133146235629845,0.9999999593267924,15264.64776554547,5,77.28720092773438,74.85279846191406,79.72160339355469,903551.4782549615
535,93.54143466934853,0.9999999938813139,15312.7809117811,5,84.45505142211914,79.72160339355469,89.1884994506836,2098261.776988316
536,176.83355234518876,1.009043956935681,15406.322346450448,5,56.826133728027344,34.72140121459961,89.1884994506836,1896981.702557208
537,217.4961220932694,0.9999999900030002,15583.155898795636,5,50.35449981689453,46.56850051879883,54.140499114990234,1735783.5315347656
538,178.19762379852713,1.0000000405245526,15800.652020888905,3,72.43589973449707,54.140499114990234,90.7313003540039,2999837.369966643
539,30.728948629004446,1.000000001167134,15978.849644687432,3,92.13999938964844,90.7313003540039,93.54869842529297,819648.8242326335
540,535.1230380258803,1.114845474711162,16009.578593316437,3,44.14325768607004,30.0,93.54869842529297,3834061.1180614065
541,503.31839270770666,1.328511191694754,16544.701631342316,2,18.068033345540364,10.0,34.72140121459961,574488.9967510778
542,292.6117066156715,1.1390779652796823,17048.020024050027,1,19.240211062961155,10.0,30.0,414190.93016141217
543,435.49565747774693,1.0094888899820433,13115.405700359885,4,37.389217376708984,30.0,46.61640167236328,1768515.7032089236
544,571.4605513055354,1.1109958397135977,13550.90135783763,4,51.254857199532644,46.56850051879883,72.46209716796875,4540733.340062414
545,87.17797887081348,1.0000000040742913,14122.361909143165,4,67.28654861450195,62.111000061035156,72.46209716796875,1242421.082431894
546,263.3704751758715,1.0558072672341343,14209.539888013978,4,48.23280048370361,37.68320083618164,62.111000061035156,1832261.1914180154
547,20.615528128088304,1.0000000010379968,14472.910363189849,4,36.202301025390625,34.72140121459961,37.68320083618164,84929.55687350253
548,185.46343585402772,1.006491872782936,14493.525891317937,4,45.304466247558594,34.72140121459961,66.47059631347656,1283287.5635314838
549,14.527525065460665,1.000000008077119,14678.989327171965,4,68.23529815673828,66.47059631347656,70.0,212547.74608519278
550,274.0033918527509,1.0933925351954397,14693.516852237426,2,45.48196105957031,34.72140121459961,70.0,1614779.505221583
551,548.0089827900379,1.131902108763756,14967.520244090178,2,25.78237517674764,10.0,53.245601654052734,1475022.753427158
552,305.8505747976789,1.124329037585327,15515.529226880215,1,14.428099950154623,10.0,30.0,258334.0942389422
553,542.353747196496,1.1029814820863448,54476.84424325485,3,48.27608299255371,30.0,74.85279846191406,3606664.536003787
554,34.75594843236452,1.00000003795976,55019.197990451335,3,70.56729888916016,66.28179931640625,74.85279846191406,544401.8091544526
555,567.0347959932072,1.0560566311865804,55053.9539388837,3,46.18352508544922,30.0,66.28179931640625,3804364.7626706664
556,182.54802679889582,1.02213472002843,55620.98873487692,2,41.28386688232422,34.72140121459961,45.327999114990234,901801.2222038344
557,471.971655265762,1.0045644591535292,55803.53676167581,2,52.4446403503418,34.72140121459961,71.5886001586914,4585076.092567716
558,1270.3453697299558,1.0242504455909374,56275.50841694158,2,44.11349237882174,18.284299850463867,72.46209716796875,10347173.258887788
559,239.99576871816,1.011911020711036,57545.85378667153,1,34.24095010757446,10.0,62.111000061035156,1654887.9615223294
560,100.7396532382643,0.9999999870681379,16224.00715736402,5,49.27199935913086,46.8129997253418,51.73099899291992,768973.0384145556
561,50.00727371714621,0.9999999817918624,16324.746810602284,4,46.833749771118164,46.8129997253418,46.85449981689453,344588.6351270657
562,101.43871419465502,1.0000000110502638,16374.754084319431,4,50.29825019836426,46.85449981689453,53.742000579833984,807490.5307338911
563,36.05551275463989,1.0000000355016603,16476.192798514086,4,57.62759971618652,53.742000579833984,61.51319885253906,376738.7014902783
564,351.96175644281567,1.0494991719197229,16512.248311268726,4,51.71745014190674,30.0,62.111000061035156,2673725.4160843794
565,210.12145344374917,1.0938485512129024,16864.21006771154,4,42.27746709187826,30.0,62.111000061035156,1218326.3925211444
566,26.040924875502828,1.0000000308451882,17074.33152115529,4,30.0,30.0,30.0,73628.97818230736
567,46.66734089137265,0.9999999518233601,17100.372446030793,4,30.0,30.0,30.0,131948.8041330662
568,135.4448306922464,1.0634415941175115,17147.039786922167,4,31.224066416422527,30.0,33.67219924926758,417342.1747447577
569,160.05554388095095,1.0100724254469995,17282.484617614413,3,32.79786682128906,30.0,34.72140121459961,516316.75807145284
570,48.98979485566356,0.9999999830750286,17442.540161495363,3,40.64495086669922,34.72140121459961,46.56850051879883,256054.6412363113
571,48.225511137457055,1.0000000309774304,17491.529956351027,3,39.49744987487793,32.42639923095703,46.56850051879883,238880.0791961916
572,202.07100451446595,1.022182113839453,17539.755467488485,3,28.70259952545166,18.284299850463867,45.815399169921875,509674.9091148495
573,37.93267268682141,1.0000000551914658,17741.82647200295,2,41.014299392700195,36.213199615478516,45.815399169921875,201378.48112077493
574,379.0968852191673,1.7440113605386411,17779.75914468977,1,14.565415309025692,10.0,36.213199615478516,362229.73548726406
575,150.0,1.0,13182.930633122409,4,61.28140068054199,60.45180130004883,62.111000061035156,1769803.4104938298
576,185.35855167500898,1.0168269204028775,13332.930633122409,3,51.475833892822266,34.72140121459961,62.111000061035156,1339102.8703202358
577,43.705203855549925,0.9999999964658708,13518.289184797417,3,63.797550201416016,57.59510040283203,70.0,560605.2736879329
578,263.1387907955721,1.127967840743867,13561.994388652967,3,55.154375076293945,34.72140121459961,70.0,2160430.5281724604
579,11.805851432732744,1.0000000381223453,13825.13317944854,3,71.22419738769531,69.32759857177734,73.12079620361328,188193.63705436964
580,19.592548826350782,1.0000000232736164,13836.939030881273,3,76.2817497253418,73.12079620361328,79.44270324707031,358369.13373847585
581,154.01825626384334,1.0535858792175037,13856.531579707624,3,51.250134785970054,30.0,79.44270324707031,1182158.3725874438
582,41.10960958218893,1.0000000458689788,14010.549835971467,3,53.2093505859375,44.307701110839844,62.111000061035156,369064.2291459736
583,163.76253940839658,1.007888720933843,14051.659445553656,3,51.40733337402344,30.0,62.111000061035156,1135464.950840744
584,66.84142674300517,0.9999999413379204,14215.421984962051,3,66.73205184936523,62.111000061035156,71.35310363769531,936608.7233404287
585,26.830685866010345,0.9999999737910724,14282.263411705057,3,70.61370086669922,69.87429809570312,71.35310363769531,420315.56976780924
586,60.0,1.0,14309.094097571067,3,65.99264907836914,62.111000061035156,69.87429809570312,821850.4648444172
587,72.11102550927978,1.0000000355016603,14369.094097571067,3,57.678300857543945,53.245601654052734,62.111000061035156,755145.4699537943
588,51.96152422706632,0.9999999858296579,14441.205123080346,3,46.299001693725586,39.35240173339844,53.245601654052734,352550.79518564977
589,150.90536506409416,1.001594086935892,14493.166647307413,2,33.11746724446615,30.0,39.35240173339844,534590.0866524419
590,83.6308110070411,1.0141725520471152,14644.072012371507,2,26.09476661682129,18.284299850463867,30.0,156137.93588419864
591,421.12648117334226,1.2197600671254387,14727.702823378548,1,20.726363615556195,10.0,46.56850051879883,940149.3644931065
592,551.1375921588806,1.0779249620592986,16075.839443370976,3,28.4815002017551,18.284299850463867,46.75920104980469,1714985.1750971375
593,220.45172217676267,1.0515675237022684,16626.977035529857,2,26.21999994913737,10.0,46.029998779296875,679420.8029261682
594,327.6890814110541,1.0814005383456087,16847.428757706617,2,29.617142813546316,18.284299850463867,46.029998779296875,919155.3265236864
595,124.3599773968599,1.05900618581191,17175.117839117673,2,31.377066294352215,30.0,34.13119888305664,382229.49681614956
596,35.35533905932738,1.0000000002555316,17299.477816514533,2,32.65574932098389,31.180299758911133,34.13119888305664,118527.63242892458
597,70.71067811865476,1.0000000002555316,17334.83315557386,2,30.590149879455566,30.0,31.180299758911133,207898.78954909588
598,267.1404768425985,1.214274894739084,17405.543833692514,1,16.97057991027832,10.0,30.0,248988.9642955705
599,291.62755633199646,1.0311244197541543,15687.207802931534,5,63.333333333333336,50.0,90.0,4083493.568228255
600,328.1989361739918,1.0171908080503187,15978.83535926353,5,37.82884063720703,30.0,50.0,1325787.6322833507
601,27.865088099010652,1.0000000211682587,16307.034295437523,4,43.08600044250488,39.70140075683594,46.47060012817383,162845.23155124547
602,41.99180359562884,1.0000000328648115,16334.899383536533,4,48.617149353027344,46.47060012817383,50.76369857788086,312015.0064911013
603,179.00166811512096,1.0000000274137852,16376.891187132162,4,52.14634895324707,50.76369857788086,53.52899932861328,1529524.7709171458
604,114.86843889328361,1.141037024245347,16555.892855247283,3,31.17633310953776,10.0,53.52899932861328,390301.69163617305
605,131.20955864630136,1.108923180852903,16670.761294140568,3,16.09476661682129,10.0,30.0,119128.82975887333
606,169.71423754793574,1.0355065360615343,16801.97085278687,3,49.44973373413086,30.0,71.78070068359375,1344467.6112142599
607,79.45865744324787,1.0000000142490795,16971.685090334806,3,58.946800231933594,46.11289978027344,71.78070068359375,881089.5634085953
608,316.81341609469575,1.015597285613507,17051.143747778053,3,57.17392444610596,34.72140121459961,74.85279846191406,3464021.249779131
609,27.078642719688286,0.9999999601479362,17367.95716387275,3,72.73534774780273,72.46209716796875,73.00859832763672,450059.42846480984
610,17.88854381999832,0.9999999853177943,17395.035806592437,3,68.21589851379395,63.96969985961914,72.46209716796875,261852.4388066344
611,402.9379457819291,1.0907930457240422,17412.924350412435,2,29.940199988228933,10.0,63.96969985961914,1269543.6333057997
612,99.50512651851898,1.0999716152758456,17815.86229619437,1,35.77580006917318,30.0,47.32740020751953,407665.5467762954
613,157.35383983759567,1.016958368273356,16324.746810602284,4,36.338766733805336,30.0,46.8129997253418,567688.4911046654
614,56.371172629139885,1.0000000458602256,16482.10065043988,3,31.482800483703613,30.762300491333008,32.20330047607422,175561.56741377508
615,134.1897257641154,0.9999999849534852,16538.47182306902,3,39.64585018157959,30.762300491333008,48.52939987182617,673709.8447309044
616,32.04371649076504,1.0000000018755932,16672.661548833134,2,49.264699935913086,48.52939987182617,50.0,244341.18987988227
617,36.75246116285826,1.0000000185871074,16704.705265323897,2,46.78344917297363,43.566898345947266,50.0,253107.22878948794
618,3.212269156507608,1.0000000276263674,16741.457726486755,2,43.27829933166504,42.98970031738281,43.566898345947266,18902.036546088737
619,43.58898943540674,1.0000000040742913,16744.669995643264,2,39.1700496673584,35.350399017333984,42.98970031738281,210770.25493721713
620,52.394393789892746,0.9999999974996239,16788.25898507867,2,40.959449768066406,35.350399017333984,46.56850051879883,277874.8523109242
621,209.68368641454578,1.0231516478003473,16840.653378868563,2,35.522833506266274,30.0,46.56850051879883,781430.0342517043
622,816.8020990295042,1.1305287171920886,17050.337065283107,1,19.70809536888486,10.0,34.72140121459961,1645151.9015639294
623,1588.1430263995403,1.0627525288040407,40296.54038234134,2,29.920503997802733,10.0,88.8843994140625,6226867.474639783
624,126.26351412970205,1.0000000195780014,41884.68340874089,2,106.23469924926758,88.8843994140625,123.58499908447266,4516529.507961618
625,58.92913381960473,0.9999999906787744,42010.94692287059,2,121.19250106811523,118.80000305175781,123.58499908447266,2719492.369696058
626,82.02397229853885,1.0000000090329895,42069.8760566902,2,107.20000076293945,95.5999984741211,118.80000305175781,2972843.325905221
627,209.31882835125225,1.0068042059408748,42151.90002898873,1,58.53333282470703,30.0,95.5999984741211,2875310.8507732702
628,1283.0094617083396,1.0932184854531959,39331.424646391264,2,27.307491912841797,10.0,90.95539855957031,4755454.201476369
629,82.38832593459571,1.0000000608307598,40614.4341080996,2,98.59819793701172,90.95539855957031,106.24099731445312,2521287.8504224564
630,58.67349540819541,0.9999999857151434,40696.8224340342,2,105.4739990234375,104.70700073242188,106.24099731445312,2050644.2316435783
631,236.8830082135238,1.0313739743160097,40755.4959294424,1,62.6508674621582,30.0,104.70700073242188,3923692.5751419063
632,60.045072291738315,1.0000000273718548,16900.73173698199,3,77.94729995727539,66.86129760742188,89.0333023071289,1153845.9373747502
633,195.8863251126207,1.0215041415696915,16960.776809273728,3,54.84756596883138,47.681400299072266,66.86129760742188,1696284.9950624811
634,385.22601524705397,1.0680140039443795,17156.66313438635,3,29.828566869099934,18.284299850463867,47.681400299072266,1124762.4346112409
635,152.8010988928052,1.009738122490912,17541.889149633404,3,27.071074962615967,18.284299850463867,30.0,355199.5069309491
636,53.85164807134504,1.000000030602689,17694.690248526207,3,32.360700607299805,30.0,34.72140121459961,177482.0326987924
637,60.0,1.0,17748.54189659755,2,22.360700607299805,10.0,34.72140121459961,103847.84049697293
638,477.3522744336067,1.1563896624561414,17808.54189659755,1,14.571074962615967,10.0,30.0,498364.99922327657
639,223.7692301304474,1.1225122658466617,15162.687530108851,3,41.790250301361084,21.087499618530273,52.936500549316406,1423567.860290181
640,107.61971058116876,1.012476192968528,15386.456760239298,2,27.902400334676106,21.087499618530273,32.61970138549805,276906.6898914125
641,46.896834921030134,0.9999999913401768,15494.076470820468,2,38.76570129394531,32.61970138549805,44.91170120239258,223260.70708165583
642,15.289201723146133,0.9999999991298394,15540.973305741498,2,44.54440116882324,44.177101135253906,44.91170120239258,95308.31164681689
643,319.3219255361702,1.2132622028666231,15556.262507464644,2,31.21903355916341,18.284299850463867,46.56850051879883,1081078.3799504042
644,388.56032335874994,1.1546207407345843,15875.584433000815,2,17.475483258565266,10.0,30.0,438990.4450417044
645,139.49382989376326,1.0762183193701935,16264.144756359565,1,11.380716641743978,10.0,18.284299850463867,53217.27046189869
646,137.45754450495284,1.0668774469125277,16262.406337248643,4,35.70866775512695,34.72140121459961,37.68320083618164,551423.1179032583
647,304.33291245747876,1.0121962220911065,16399.863881753598,4,39.35245132446289,34.72140121459961,53.245601654052734,1348896.3191710704
648,76.1039503087323,0.9999999974803412,16704.196794211075,4,51.0345516204834,48.82350158691406,53.245601654052734,623099.3844631475
649,93.38544895379351,0.9999999644836083,16780.30074451981,3,40.58985137939453,32.356201171875,48.82350158691406,489982.2396964939
650,136.26897049197086,1.0153758751460784,16873.686193473604,2,35.729933420817055,30.0,44.83359909057617,535747.1235039933
651,220.15138767058414,1.218363316962155,17009.955163965573,2,28.233699798583984,18.284299850463867,44.83359909057617,577052.7153303148
652,422.7362401971739,2.4333795458638248,17230.106551636156,1,18.53010708945138,10.0,30.0,569310.3443358765
653,333.3805977889753,1.030409636191561,53858.897827348614,3,67.37010097503662,34.72140121459961,110.53700256347656,4621795.150021594
654,247.07034281251745,0.9999999991700312,54192.27842513759,3,57.678300857543945,53.245601654052734,62.111000061035156,2587316.649509207
655,387.5193249456662,1.1641890047695842,54439.34876795011,2,55.764925956726074,46.56850051879883,70.0,4062227.8874259214
656,778.007649478727,1.1146287205745253,54826.868092895784,2,29.95199343363444,10.0,70.0,2815961.795178285
657,122.11838063366199,1.0000000241414533,55604.875742374505,2,68.32630157470703,66.65260314941406,70.0,1791404.172861759
658,56.124860801609124,0.9999999666940955,55726.99412300817,2,57.86585235595703,49.0791015625,66.65260314941406,594942.5409210919
659,145.11945315956396,1.0740997403070556,55783.11898380978,1,30.982975482940674,10.0,49.0791015625,677961.5956025232
660,151.13388053100587,0.9999999994426895,54919.7912450402,3,72.62604904174805,62.111000061035156,83.14109802246094,2521857.753132117
661,443.0227997091294,1.2066495190987765,55070.92512557121,3,50.6425256729126,40.64500045776367,62.111000061035156,3527044.643796524
662,1505.9652153295294,1.0559405486293385,55513.94792528033,1,30.8516318581321,10.0,70.0,7347512.800629252
663,173.38321866367374,1.007021742536213,16482.10065043988,3,28.403000513712566,18.284299850463867,34.72140121459961,376496.866778626
664,127.90621564255585,1.0000000296274,16655.48386910355,3,42.18914985656738,34.72140121459961,49.656898498535156,722695.2509191566
665,6.324555320336759,0.9999999878731504,16783.39008474611,3,49.82844924926758,49.656898498535156,50.0,49332.864369671544
666,433.7924483063497,1.0562121825395445,16789.714640066446,2,33.369112968444824,18.284299850463867,50.0,1668607.2433813612
667,229.78825231961446,1.0635124225095787,17223.507088372797,2,36.41572570800781,30.0,46.22010040283203,902251.5476972831
668,248.61798759875813,1.0426514990303086,17453.29534069241,2,54.67099952697754,34.72140121459961,87.39409637451172,2381321.49695766
669,472.0979068657389,1.2795320919051243,17701.913328291168,1,27.096643871731228,10.0,87.39409637451172,4157771.7411876395
670,81.79353731736516,1.0000000488078908,16042.596701417899,3,34.72140121459961,34.72140121459961,34.72140121459961,309787.09949841164
671,62.37270539063206,0.9999999683144859,16124.390238735265,3,35.768550872802734,34.72140121459961,36.81570053100586,250767.47943539877
672,69.86270240840369,1.0000000142048338,16186.762944125896,3,41.692100524902344,36.81570053100586,46.56850051879883,383246.9469096328
673,49.49747468305833,1.0000000002555316,16256.6256465343,3,46.56850051879883,46.56850051879883,46.56850051879883,337223.18273431156
674,179.12528045057343,1.0000000323369793,16306.123121217357,3,40.64495086669922,34.72140121459961,46.56850051879883,936232.8888662651
675,62.49565487825621,0.9999999970948662,16485.24840166793,3,34.72140121459961,34.72140121459961,34.72140121459961,236697.7794596566
676,150.12078355499932,1.0117571781560464,16547.744056546187,3,42.619467417399086,34.72140121459961,46.56850051879883,862345.0697501844
677,176.619037896906,1.0063803967850542,16697.86484010119,2,37.09663391113281,30.0,46.56850051879883,743108.5722708657
678,93.8083151964686,1.0000000398052815,16874.483877998096,2,34.72140121459961,34.72140121459961,34.72140121459961,355292.2038621545
679,446.21071155434544,1.1127483886487948,16968.292193194564,1,19.010207176208496,10.0,34.72140121459961,658914.094717592
680,116.42088113272766,0.999999982425977,14626.829677715688,3,60.52255058288574,53.245601654052734,67.79949951171875,1346179.5160336476
681,46.66734089137265,0.9999999518233601,14743.250558848416,3,53.245601654052734,53.245601654052734,53.245601654052734,415652.52834023803
682,111.46203042051525,0.9999999487511851,14789.917899739788,3,52.006601333618164,50.767601013183594,53.245601654052734,947274.7237290355
683,572.2740823896938,1.081698098539065,14901.379930160303,3,26.238745602694426,10.0,50.767601013183594,1422494.5746770734
684,68.28366930274288,1.0000000114914223,15473.654012549998,2,32.360700607299805,30.0,34.72140121459961,225046.4952073297
685,91.8032634547724,0.9999999457770419,15541.93768185274,2,32.360700607299805,30.0,34.72140121459961,302561.42146012536
686,342.9529560128184,1.1998404960575606,15633.740945307512,1,15.656859970092773,10.0,30.0,395987.88731929427
687,394.90504484742894,1.264426522699445,15122.816348984024,2,23.439712285995483,10.0,45.62080001831055,957796.084496571
688,113.17462103468247,0.9999999951636792,15517.721393831453,2,34.16699981689453,33.61259841918945,34.72140121459961,415098.0831858824
689,80.15853872619556,0.9999999988502308,15630.896014866135,2,34.596750259399414,34.47209930419922,34.72140121459961,301420.0635618879
690,42.115919860772294,1.0000000630393904,15711.05455359233,2,32.23604965209961,30.0,34.47209930419922,137713.2551899187
691,164.92422502470643,1.0150384014052107,15753.170473453103,2,33.14760080973307,30.0,34.72140121459961,584094.5197547213
692,115.83278780428418,1.0632651348871744,15918.094698477811,2,31.573800404866535,30.0,34.72140121459961,350452.63916905096
693,290.57689755747305,1.1261382351057576,16033.927486282095,1,14.389481804587625,10.0,30.0,234473.34097473772
694,120.51208021721732,1.000000023945105,55227.75619766591,3,47.76865005493164,39.052799224853516,56.484500885009766,873492.6970411125
695,32.09940326231078,0.9999999962916172,55348.26827788313,3,58.42284965515137,56.484500885009766,60.36119842529297,344327.437271669
696,414.0605231875859,1.1338225549044005,55380.36768114544,3,62.82440032958984,53.245601654052734,70.0,5036041.407736577
697,1411.0522559096962,1.3663495097482938,55794.428204333024,2,46.64470781598772,30.0,70.0,11019037.239033364
698,98.9128523420318,1.000000029478094,57205.480460242725,2,56.542551040649414,47.93989944458008,65.14520263671875,1001132.454104468
699,365.1284613808273,1.0535352956594266,57304.393312584754,1,61.581725120544434,30.0,88.94429779052734,6069103.939222943
700,82.72832327260465,1.0000000726699474,16550.993810398788,4,43.391448974609375,38.069698333740234,48.713199615478516,491795.3933009751
701,28.66548179425181,0.9999999413761977,16633.722133671392,4,36.39554977416992,34.72140121459961,38.069698333740234,119374.5944185633
702,74.83314773547883,1.0000000346621443,16662.387615465643,4,42.360700607299805,34.72140121459961,50.0,426435.04005534656
703,70.31024163582386,0.9999999990983548,16737.220763201123,4,62.55644989013672,50.0,75.11289978027344,876004.4376615859
704,91.25230519766578,1.000000012279332,16807.531004836947,4,74.13655090332031,73.16020202636719,75.11289978027344,1575736.4208634212
705,50.1426605543693,1.000000046282483,16898.78331003461,4,69.52410125732422,65.88800048828125,73.16020202636719,762120.7469900039
706,110.19171363013909,1.0000000200047519,16948.92597058898,3,55.45750045776367,45.027000427246094,65.88800048828125,1077234.8701719658
707,262.70823096422424,1.1832054814350748,17059.11768421912,3,30.01675033569336,18.284299850463867,45.027000427246094,740147.8749814251
708,40.0,1.0,17321.825915183344,3,34.78339958190918,25.355300903320312,44.21149826049805,155761.99443877436
709,238.2108573565024,1.0984926689491898,17361.825915183344,3,27.443439865112303,10.0,44.21149826049805,578232.1466162218
710,55.032246595258584,1.0000000174310941,17600.036772539846,2,27.187700271606445,19.65399932861328,34.72140121459961,131065.3329269173
711,120.29551990041747,1.1128519086956241,17655.069019135106,1,11.608999888102213,10.0,19.65399932861328,50624.870215223506
712,648.0102151325203,1.0711278971107,14558.751613313647,2,24.595781207084656,10.0,62.111000061035156,1761638.7297007763
713,45.19727680813947,0.9999999942263706,15206.761828446168,2,50.0,50.0,50.0,354978.584006303
714,367.4130588671559,1.3350123603512507,15251.959105254307,1,24.142149925231934,10.0,50.0,814155.7398016811
715,83.99960937863307,0.9999999818779418,17625.686106158453,3,43.48245048522949,33.71929931640625,53.245601654052734,507332.53463182587
716,135.36462199278517,1.0448540352297009,17709.685715537085,3,31.239766438802082,30.0,33.71929931640625,404829.7536742096
717,103.92304845413264,0.9999999858296579,17845.050337529872,3,38.284250259399414,30.0,46.56850051879883,485990.88745353324
718,157.67532755901405,1.0381037428525879,17948.973385984005,3,41.83563359578451,34.72140121459961,46.56850051879883,802332.7278290967
719,47.094000913765385,0.9999999818181909,18106.648713543018,2,53.16399955749512,44.21699905395508,62.111000061035156,422115.7109710299
720,66.332495807108,0.9999999873974531,18153.742714456785,2,48.41620063781738,34.72140121459961,62.111000061035156,501519.851358127
721,96.5685424949238,1.0796691347054441,18220.075210263894,2,24.90713373819987,10.0,34.72140121459961,240890.5392030022
722,421.4641344998775,1.2526720751055194,18316.643752758817,1,17.164399953988884,10.0,30.0,561743.6376136715
723,217.93750305438334,0.9999999440004366,15301.024900319871,3,82.47954940795898,82.45909881591797,82.5,4657731.356019943
724,26.20750584430624,0.999999987198197,15518.962403374255,3,80.95090103149414,79.44270324707031,82.45909881591797,539596.5829948955
725,67.99863281698796,0.9999999776261544,15545.16990921856,3,73.54995346069336,67.6572036743164,79.44270324707031,1158092.178912506
726,32.00136719703634,1.0000000479796787,15613.168542035548,2,64.88410186767578,62.111000061035156,67.6572036743164,423505.7721595162
727,139.72255240682435,1.0473642250777746,15645.169909232583,2,43.38560104370117,33.32440185546875,62.111000061035156,756333.82557345
728,323.62652140286866,1.12310982044691,15784.892461639407,2,29.998220443725586,26.66670036315918,33.32440185546875,910581.4118733709
729,361.53651370217875,1.1351775290230963,16108.518983042277,1,13.193815378042368,10.0,26.66670036315918,226166.49085427268
730,154.40354988101296,1.0000000044472879,15800.652020888905,5,65.66129875183105,54.140499114990234,77.18209838867188,2112808.016763458
731,167.39331058923722,1.0014065881308456,15955.055570769919,4,48.7175661722819,34.24919891357422,77.18209838867188,1326255.2639010567
732,127.93477953844982,1.0000000252651982,16122.448881359156,3,34.12335014343262,33.997501373291016,34.24919891357422,467997.76697991445
733,121.00314434159039,0.9999999454695934,16250.383660897605,3,34.35945129394531,33.997501373291016,34.72140121459961,448802.28138763306
734,35.77708763999664,0.9999999853177943,16371.386805239195,2,34.72140121459961,34.72140121459961,34.72140121459961,135503.13723649824
735,231.36350652322426,1.030574933785939,16407.16389287919,2,32.360700607299805,30.0,34.72140121459961,800154.671353694
736,13.33342262873948,0.9999999975934044,16638.527399402414,2,30.0,30.0,30.0,37699.364410617396
737,46.66669217971831,0.9999999472558537,16651.860822031154,2,30.0,30.0,30.0,131946.97054665568
738,505.83191390198505,1.1728696997217147,16698.527514210873,1,21.488216718037922,10.0,34.72140121459961,970130.6972024629
739,80.03074508799668,0.9999999828570353,14209.539888013978,3,52.64200019836426,43.17300033569336,62.111000061035156,704255.6106112112
740,55.61585461304991,0.9999999719935196,14289.570633101976,3,36.58650016784668,30.0,43.17300033569336,236405.06581028472
741,168.03501791948378,1.0292723082938415,14345.186487715026,3,26.7497501373291,10.0,34.72140121459961,348345.71325159224
742,214.9542584079315,1.0001474089139026,14513.22150563451,3,35.20503362019857,30.0,43.337501525878906,749047.8994479708
743,120.29220376025853,1.1172039602799495,14728.175764042442,3,37.59343465169271,34.72140121459961,43.337501525878906,504626.67080418754
744,434.1833598320279,1.09180597117595,14848.4679678027,2,24.516650199890137,10.0,46.56850051879883,1145084.9247485513
745,177.95850997571887,1.043199607948342,15282.651327634729,1,19.46160011291504,10.0,30.0,253638.4140371941
746,117.82833133037506,1.0000000028577398,17178.020818283178,3,41.59144973754883,34.72140121459961,48.46149826049805,646159.3872162653
747,611.8926581940773,1.3284778701433928,17295.849149613554,2,27.723081588745117,10.0,50.0,1918060.4729136033
748,59.47147557582145,0.9999999675016739,17907.741807807637,2,19.961899757385254,18.284299850463867,21.63949966430664,74624.86800057172
749,250.70338854006462,1.1740261836558856,17967.21328338346,1,14.142149925231934,10.0,18.284299850463867,168843.28989357434
750,716.1039577578731,1.198091455726927,17083.918086288366,1,19.31427712873979,10.0,72.07109832763672,1675152.5505034765
751,114.26159542348734,0.9999999890059285,15545.334656420553,2,41.460049629211426,30.944299697875977,51.975799560546875,630266.506115198
752,420.2477930273677,1.1408998697202046,15659.596251844041,2,28.7983877658844,10.0,34.72140121459961,1153721.2005789038
753,180.70892694014776,1.0101936186583458,16079.844044871408,2,25.322500228881836,18.284299850463867,34.72140121459961,468164.9223766202
754,311.7011495953578,1.220715894009178,16260.552971811556,1,16.024945345791902,10.0,18.284299850463867,276582.46639844414
755,99.22463151935908,0.9999999925036305,13332.930633122409,4,50.28364944458008,38.456298828125,62.111000061035156,802710.8045144224
756,106.6812820455083,1.000000000019228,13432.155264641768,3,34.709999084472656,30.963699340820312,38.456298828125,405350.23673467693
757,119.37369502287984,0.9999999970625412,13538.836546687276,3,41.09039878845215,30.963699340820312,51.217098236083984,646017.1056962146
758,57.94525098752391,1.0000000575953605,13658.210241710156,3,52.23134994506836,51.217098236083984,53.245601654052734,496689.27343179873
759,33.3004557609872,0.9999999627709246,13716.15549269768,3,53.245601654052734,53.245601654052734,53.245601654052734,296597.53943609836
760,143.00209806153248,1.0147953772436125,13749.455948458668,3,45.5646006266276,34.72140121459961,53.245601654052734,846353.5603210195
761,70.85770099517306,0.9999999552987974,13892.458046520202,3,55.41889953613281,48.72679901123047,62.111000061035156,687002.8728523335
762,247.1779788708135,1.079802020979085,13963.315747515375,2,52.169875144958496,46.56850051879883,62.111000061035156,2036298.3648626395
763,50.957599975640576,1.0000000814490009,14210.493726386188,2,56.93684959411621,50.0,63.87369918823242,521541.88704482245
764,48.08785711899053,1.0000000171824237,14261.451326361828,2,63.77524948120117,63.67679977416992,63.87369918823242,614454.8367320509
765,11.069270976733737,0.9999999899801219,14309.539183480818,2,61.480499267578125,59.28419876098633,63.67679977416992,131500.79330579826
766,134.39767944736937,1.0471022984195422,14320.608454457551,2,39.761399586995445,30.0,59.28419876098633,651843.2854119563
767,179.511856868395,1.0772220009443279,14455.00613390492,1,16.666666666666668,10.0,30.0,193816.523514907
768,715.7702043295676,1.5140873728481212,18079.794161048925,1,18.42731421334403,10.0,37.267799377441406,1042275.1773416628
769,274.05423877368025,1.0443782124215721,16512.248311268726,3,38.74242544174194,18.284299850463867,61.51319885253906,1090949.9954910534
770,50.49752469181039,1.0000000085219185,16786.30255004241,3,44.796451568603516,40.450801849365234,49.1421012878418,319350.34811042814
771,327.3369882888948,1.0821427555450829,16836.80007473422,2,42.08640060424805,30.0,50.0,1594224.0093589388
772,25.298221281347036,0.9999999878731504,17164.137063023114,2,49.31369972229004,48.62739944458008,50.0,193287.19133802902
773,37.94733192202055,1.0000000381362013,17189.43528430446,2,47.59794998168945,46.56850051879883,48.62739944458008,270131.549853065
774,196.7678959968887,1.0428677419156966,17227.38261622648,2,38.284250259399414,30.0,46.56850051879883,1097839.3189416088
775,259.0168923923731,1.0681676907270123,17424.150512223372,1,19.571074962615967,10.0,30.0,429894.43117898965
776,84.92363436647793,1.000000054233854,15406.322346450448,3,76.76089859008789,64.33329772949219,89.1884994506836,1585756.7416827155
777,126.69105557173188,1.0963021328627907,15491.245980816926,3,47.1089661916097,30.425100326538086,64.33329772949219,924822.9158480328
778,84.03868156985806,1.0000000064206698,15617.937036388657,3,40.16605091094971,30.425100326538086,49.90700149536133,434289.42532245914
779,87.17797887081348,1.0000000040742913,15701.975717958516,3,48.23775100708008,46.56850051879883,49.90700149536133,637535.0830294451
780,100.0,1.0,15789.15369682933,3,37.09663391113281,30.0,46.56850051879883,412417.3140827635
781,44.721359549995796,1.0000000066426002,15889.15369682933,3,34.72140121459961,34.72140121459961,34.72140121459961,169378.91793365023
782,98.74774246532571,1.0000000077582227,15933.875056379326,3,34.72140121459961,34.72140121459961,34.72140121459961,373999.93910761015
783,195.60945071221317,1.014208773280757,16032.622798844652,3,33.14760080973307,30.0,34.72140121459961,644681.5778278327
784,18.973665961010276,1.0000000381362013,16228.232249556866,3,34.72140121459961,34.72140121459961,34.72140121459961,71861.38661338044
785,63.09056859452968,0.9999999403611678,16247.205915517876,2,33.934499740600586,33.14759826660156,34.72140121459961,228283.79243097053
786,222.1753215936928,1.2685488086720782,16310.296484112405,1,16.42898726463318,10.0,33.14759826660156,281171.6456960669
787,248.81826409814204,1.076741952355941,14552.808790444267,3,38.70347499847412,30.0,60.092498779296875,1154813.0115390234
788,181.09423299910839,1.0060790722172688,14801.62705454241,3,48.94413375854492,34.72140121459961,62.111000061035156,1417951.308027326
789,209.54451150103324,1.0224725437435287,14982.721287541519,3,42.169875144958496,30.0,62.111000061035156,1416804.178006102
790,160.0,1.0886620612210445,15192.265799042552,3,37.74853388468424,30.0,53.245601654052734,617791.8168364037
791,362.4191172926027,1.5481777677512316,15352.265799042552,1,18.008954655040394,10.0,53.245601654052734,840104.3415919219
792,249.6623924682213,1.0665524547319487,13550.90135783763,3,35.039350509643555,30.0,46.61640167236328,888350.553542683
793,113.28215117889357,1.0032135359860763,13800.563750305853,3,31.180333455403645,30.0,33.54100036621094,345430.2780551447
794,247.42137575607964,1.071914792731531,13913.845901484747,2,29.545420455932618,18.284299850463867,34.72140121459961,679563.3208846329
795,40.0,1.0,14161.267277240826,2,26.50285053253174,18.284299850463867,34.72140121459961,91095.62426459613
796,375.132607100434,1.188653193721146,14201.267277240826,1,20.597145427357066,10.0,30.0,673374.5318930737
797,40.0,1.0,16704.196794211075,3,48.59645080566406,43.94729995727539,53.245601654052734,297674.68766709167
798,151.6515138991168,1.0318578106794023,16744.196794211075,3,34.64909998575846,30.0,43.94729995727539,519877.1749140958
799,65.19202405202648,0.9999999972553307,16895.84830811019,2,24.142149925231934,18.284299850463867,30.0,121712.8909971611
800,252.71966240998805,1.0738003761879162,16961.040332162218,2,25.33223311106364,18.284299850463867,37.140499114990234,586843.9684197264
801,56.28111362811421,1.000000017007762,17213.759994572203,2,33.57024955749512,30.0,37.140499114990234,200011.97306210297
802,342.93873659909576,1.546087227742737,17270.041108200316,1,18.614290046691895,10.0,34.72140121459961,445213.3284972731
803,44.27188724235731,0.9999999663318442,16399.863881753598,3,37.96310043334961,34.72140121459961,41.20479965209961,200934.9834446113
804,60.08327554319921,1.0000000116819634,16444.135768995955,3,45.604299545288086,41.20479965209961,50.00379943847656,393785.97384228214
805,192.2113353589425,1.0151598352152322,16504.219044539153,2,30.323450088500977,18.284299850463867,50.00379943847656,810909.5000402748
806,261.4213562373095,1.1126831584432821,16696.430379898098,2,13.656859970092773,10.0,30.0,211436.25480194454
807,167.77810114122516,1.6451996025954105,16957.85173613541,1,14.71404997507731,10.0,30.0,175133.13068763327
808,166.4122385242316,1.0000000425384543,15955.055570769919,4,73.59104919433594,70.0,77.18209838867188,2833542.174758264
809,31.397980879600123,0.9999999756647849,16121.46780929415,4,70.0,70.0,70.0,483334.37549967814
810,19.592359405281815,0.9999999929786474,16152.86579017375,4,70.0,70.0,70.0,301600.9427508553
811,40.150994802290846,1.000000036241267,16172.458149579032,3,70.0,70.0,70.0,618076.5220955982
812,129.82192552313623,0.999999966041913,16212.609144381322,3,62.01099967956543,54.02199935913086,70.0,1576999.433099771
813,144.48100870063368,1.0000000407874834,16342.431069904458,3,52.01099967956543,50.0,54.02199935913086,1228478.013581607
814,293.7428809582748,1.1570105313085337,16486.91207860509,3,45.03445053100586,34.72140121459961,50.0,1827520.5947940364
815,32.666589879575,1.0000000627547991,16780.65495956337,3,41.47274971008301,37.52909851074219,45.41640090942383,177046.08286823766
816,146.5283259670576,1.0077934024630102,16813.321549442946,3,37.45423253377279,30.0,44.83359909057617,608964.6354697979
817,46.34747543331841,1.0000000493832135,16959.849875410004,2,40.178199768066406,35.52280044555664,44.83359909057617,236100.05973480418
818,212.20731970159454,1.1646389218900854,17006.197350843322,1,17.196528570992605,10.0,35.52280044555664,239392.26608456968
819,60.11041212860508,0.9999999921968399,16334.899383536533,2,33.45680046081543,20.44300079345703,46.47060012817383,222042.91107058336
820,339.4878925219431,1.1606393402543573,16395.009795665137,2,15.721616586049398,10.0,44.55929946899414,342670.3843719798
821,498.4268385764552,1.4064320226463827,16734.497688187083,1,28.445625066757202,10.0,44.55929946899414,1539772.000120236
822,273.36812623889796,1.0680572534061856,15585.545101666074,2,20.360737323760986,10.0,30.0,378134.2319273639
823,488.97286190187407,1.149887939637084,15858.913227904972,1,22.11120017369588,10.0,34.72140121459961,1052330.7840841187
824,49.9501603254737,0.999999986891916,16789.714640066446,3,41.34885025024414,32.69770050048828,50.0,272210.4883195666
825,177.63227178992202,1.0546670669866003,16839.664800391918,3,25.853260040283203,18.284299850463867,32.69770050048828,358984.6473381204
826,76.63017825478649,0.9999999725421469,17017.29707218184,3,38.284250259399414,30.0,46.56850051879883,358357.1631566484
827,81.72410236284605,0.9999999575141894,17093.927250436624,3,46.56850051879883,46.56850051879883,46.56850051879883,556781.1945819595
828,97.20303273864324,1.0399616282816702,17175.65135279947,2,35.522833506266274,30.0,46.56850051879883,380604.4286107344
829,40.0,1.0,17272.85438553811,2,30.0,30.0,30.0,113097.33552923254
830,40.0,1.0,17312.85438553811,2,30.0,30.0,30.0,113097.33552923254
831,34.64101615137755,0.9999999491227188,17352.85438553811,2,24.142149925231934,18.284299850463867,30.0,64674.45193047327
832,196.92867925159038,1.1853713556608985,17387.495401689488,1,15.224085671561104,10.0,30.0,188486.91757150542
833,103.33269276164046,1.0000000521007526,16089.26404230927,3,34.72140121459961,34.72140121459961,34.72140121459961,391365.08969376434
834,104.60411269817062,1.0000000189323075,16192.59673507091,3,32.360700607299805,30.0,34.72140121459961,344749.90890517243
835,100.99504938362078,1.0000000085219185,16297.200847769082,3,30.590149879455566,30.0,31.180299758911133,296938.8627345006
836,251.83967877308703,1.3385127711977416,16398.195897152702,2,11.925481796264648,10.0,31.180299758911133,141293.96740656314
837,117.06742302257041,1.1161941098932258,16650.035575925787,1,10.0,10.0,10.0,36777.816164520795
838,151.24332219606737,1.0378873551570242,16744.295028744935,2,25.912700176239014,10.0,44.7140007019043,375433.4533800693
839,574.1122993990574,1.0444921928780315,16895.538350941002,2,29.365820121765136,18.284299850463867,34.72140121459961,1637432.4629473079
840,274.1955234368522,1.1120097175399841,17469.65065034006,1,22.612042835780553,10.0,30.0,591820.3886445162
841,463.0461258183069,1.3280440161428393,13432.155264641768,3,26.631489944458007,18.284299850463867,38.456298828125,1103571.8268510178
842,104.7213595499958,1.026877393074578,13895.201390460074,2,37.74853388468424,30.0,53.245601654052734,461495.1423321207
843,63.245553203367585,1.0000000180309803,13999.92275001007,2,35.7649507522583,18.284299850463867,53.245601654052734,274391.22098593
844,178.5640646055102,1.0989858079275001,14063.168303213437,1,12.366942814418248,10.0,18.284299850463867,85750.59743394576
845,86.62763884957612,0.9999999893690779,17282.484617614413,3,34.0721492767334,33.67219924926758,34.47209930419922,315955.0932406685
846,153.26248619203218,1.0145155607895138,17369.112256463988,3,38.15736643473307,30.0,50.0,612831.5646440436
847,349.6889280861758,1.0710340628866726,17522.374742656022,2,36.83284072875976,30.0,50.0,1406572.9239540813
848,334.8491243291124,1.1539662859090387,17872.063670742195,1,18.48528995513916,10.0,30.0,434084.48236197076
849,365.2307572236281,1.0350522294624762,15613.168542035548,2,20.594150352478028,10.0,67.6572036743164,1309662.841508062
850,296.11286779066927,1.5606518098902964,15978.399299259174,1,16.035537481307983,10.0,50.0,689433.7294184811
851,145.99488888573168,1.000000003973205,16864.21006771154,3,65.4588508605957,62.111000061035156,68.80670166015625,1966992.8427037615
852,26.750854282463838,0.9999999921601135,17010.204956597274,2,67.55635070800781,66.30599975585938,68.80670166015625,383591.947911838
853,234.93371723021852,1.1936449471982562,17036.95581087974,2,24.277957098824636,10.0,66.30599975585938,654855.4101403902
854,187.11097456172516,1.1423457581262295,17271.889528109958,1,12.626633326212565,10.0,18.284299850463867,104023.99590081052
855,276.0750925629782,1.051447791407997,16099.959335338646,2,41.61769962310791,30.0,71.74939727783203,1554932.7706277752
856,33.334765238206316,0.9999999655094887,16376.034427901624,2,34.72140121459961,34.72140121459961,34.72140121459961,126253.01991442303
857,36.26697989730579,1.0000000187436755,16409.36919313983,2,33.77710151672363,32.832801818847656,34.72140121459961,130022.68956206803
858,149.49842765740715,1.0111406215558583,16445.63617303714,2,32.12460072835287,30.0,33.54100036621094,468870.15739143314
859,182.14883170053622,1.0337025714891181,16595.134600694546,2,32.83283360799154,30.236099243164062,34.72140121459961,646206.1753590119
860,385.7428795578818,1.7959993727302523,16777.28343239508,1,20.190762519836426,10.0,34.72140121459961,798145.1013631271
861,326.8829250257822,1.0281041197444152,15279.264256647863,3,45.062750816345215,30.0,85.52960205078125,2402772.199861524
862,73.48469228349535,0.9999999571193029,15606.147181673645,3,30.0,30.0,30.0,207773.08139567656
863,78.74007874011811,0.9999999613031737,15679.63187395714,3,40.0,30.0,50.0,404036.46205955575
864,203.63884735432248,1.0116930100526553,15758.371952697258,2,46.213233947753906,30.0,58.63970184326172,1213454.5143187933
865,139.78242287505122,0.999999985322142,15962.010800051581,2,58.1466007232666,57.653499603271484,58.63970184326172,1484777.9700794932
866,333.9331894077463,1.105523874803774,16101.793222926632,1,19.35801103379991,10.0,57.653499603271484,752420.8862256391
867,351.830079907786,1.061395352673937,14185.23338784133,3,50.32247543334961,30.0,90.0,2578004.8442379767
868,236.14446892184307,1.0014756149412996,14537.063467749116,3,42.619467417399086,34.72140121459961,46.56850051879883,1396020.499969184
869,100.0,1.0,14773.207936670959,3,39.32233428955078,30.0,53.245601654052734,466878.8263770966
870,49.96681829921083,1.0000000470457133,14873.207936670959,3,50.4635009765625,47.681400299072266,53.245601654052734,400153.00345524197
871,88.20430828479978,1.0000000082609053,14923.174754970169,2,32.726500511169434,17.7716007232666,47.681400299072266,317440.7165182419
872,205.48708017881043,1.1251688184691262,15011.379063254968,1,14.506987571716309,10.0,30.0,186635.5631202815
873,73.01241895125504,1.0000000811691117,18106.648713543018,2,36.6033992767334,28.98979949951172,44.21699905395508,311751.05892941036
874,188.85492803775168,1.1103434687712757,18179.66113249427,2,20.425399780273438,18.284299850463867,28.98979949951172,220613.80438674425
875,345.2129504990522,1.2114599213031816,18368.516060532023,1,17.713899959217418,10.0,30.0,453771.86277184944
876,18.513042311674493,0.9999999925308507,14693.516852237426,4,69.19794845581055,68.3958969116211,70.0,278505.35838693293
877,47.50843102771238,1.0000000115085963,14712.029894549101,4,66.34614944458008,64.29640197753906,68.3958969116211,657188.8021912916
878,80.47160654275419,1.0000000391342954,14759.538325576814,3,60.820701599121094,57.345001220703125,64.29640197753906,936198.3817366492
879,47.41416669913644,0.9999999449028204,14840.009932119568,3,55.29530143737793,53.245601654052734,57.345001220703125,455652.07042742526
880,70.75695168812992,1.0000000185100113,14887.424098818705,3,51.89325141906738,50.54090118408203,53.245601654052734,598741.0690410716
881,53.504739506854435,0.9999999595952308,14958.181050506835,3,45.17755126953125,39.81420135498047,50.54090118408203,344685.50646788493
882,20.0,1.0,15011.68579001369,3,37.26780128479004,34.72140121459961,39.81420135498047,87402.27416239074
883,113.17013085693904,1.008764246119331,15031.68579001369,3,42.99663416544596,34.72140121459961,59.54710006713867,673992.6490424047
884,20.36063725971223,0.9999999801046167,15144.855920870628,2,63.00900077819824,59.54710006713867,66.47090148925781,254204.49099394877
885,280.0903366060296,1.063300331004806,15165.21655813034,1,30.19871711730957,10.0,66.47090148925781,1034919.7956273665
886,25.298221281347036,0.9999999878731504,13561.994388652967,2,64.0,58.0,70.0,326490.312726422
887,320.55526082676147,1.0500136936981033,13587.292609934315,2,16.181818181818183,10.0,58.0,544285.2257841575
888,132.20731970159454,1.1507170389324914,13907.847870761078,1,18.97057991027832,10.0,30.0,153151.8841712581
889,82.86516350991215,0.9999999734443653,55620.98873487692,2,49.27054977416992,45.327999114990234,53.21310043334961,633319.1582063484
890,1141.767300016642,1.0324131695402334,55703.85389838683,1,42.892671312604634,10.0,74.85279846191406,8910193.650128784
891,698.1039614480411,1.0956252909623674,55794.428204333024,2,29.382984748253456,10.0,70.0,2840251.253530088
892,125.36202173268084,1.004783700273007,56492.532165781064,1,42.947200775146484,30.0,64.12020111083984,764749.1067172003
893,60.0,1.0,16626.977035529857,2,18.284299850463867,18.284299850463867,18.284299850463867,63017.00993891983
894,585.9683840124604,1.1626722909177496,16686.977035529857,1,25.570714269365585,10.0,46.56850051879883,1527268.7443846578
895,220.99864644516796,1.3352360904001446,15386.456760239298,2,15.528087377548218,10.0,21.087499618530273,191260.13995442755
896,233.20498429942262,1.2359839197735278,15607.455406684465,1,14.571074962615967,10.0,30.0,198939.38725238942
897,120.176312557232,0.99999997711375,15335.495254009325,3,58.36149978637695,44.436798095703125,72.28620147705078,1310344.4369621854
898,35.04860913922255,0.999999955831821,15455.671566566558,3,40.39189910888672,36.34700012207031,44.436798095703125,180243.0585382938
899,63.44975744130431,1.000000012907691,15490.720175705781,3,43.173500061035156,36.34700012207031,50.0,374643.8889227623
900,63.95980612915697,1.0000000249257308,15554.169933147085,3,56.818199157714844,50.0,63.63639831542969,651795.8120120027
901,9.97940097180705,1.0000000337737143,15618.12973927624,2,64.70240020751953,63.63639831542969,65.76840209960938,131260.60675101297
902,19.869330983218916,0.9999999810439335,15628.109140248047,2,67.88420104980469,65.76840209960938,70.0,287747.23117661674
903,40.010824741519414,0.999999965776252,15647.978471231267,2,60.04730033874512,50.094600677490234,70.0,457375.9098160487
904,148.63358331428506,1.0997901905570127,15687.989295972786,2,32.094725131988525,18.284299850463867,50.094600677490234,448225.5623057493
905,149.2820323027551,1.2108372047365854,15836.622879287072,1,17.313719940185546,10.0,30.0,147463.15772019938
906,161.19893195757462,1.0000000193832976,53972.10807101963,2,68.34950065612793,52.76089859008789,83.93810272216797,2406846.4361822195
907,673.710412758229,1.0197713523182672,54133.307002977206,2,33.155870056152345,18.284299850463867,52.76089859008789,2478360.561878681
908,149.43308611868224,1.0000000747325206,54807.017415735434,2,63.75385093688965,48.064998626708984,79.44270324707031,1946654.0189442995
909,141.6552506059644,1.0016538831975264,54956.45050185412,1,35.90900103251139,10.0,79.44270324707031,1044588.9444140048
910,134.42593348375976,1.0747543106025812,16780.30074451981,3,42.71780014038086,32.76139831542969,48.82350158691406,696694.361642605
911,97.70181238392946,0.9999999963131578,16914.726678003568,2,54.53005027770996,46.56850051879883,62.491600036621094,919177.3443598652
912,46.0571974312247,0.9999999969695056,17012.428490387498,2,69.8114013671875,62.491600036621094,77.1312026977539,707764.3655370275
913,72.12209429251163,1.0000000151386073,17058.485687818724,2,60.1189022064209,43.10660171508789,77.1312026977539,840776.3736133237
914,443.49973721668016,1.2443677930547392,17130.607782111234,1,28.223766962687176,10.0,43.10660171508789,1140423.6136546652
915,204.17869726783505,1.0177048506959006,16836.80007473422,2,26.7367000579834,18.284299850463867,49.1421012878418,470203.02459420095
916,306.2561839582115,1.092103287598805,17040.978772002054,1,16.45413990020752,10.0,30.0,317074.14790733776
917,103.51208867780326,1.0000000359075538,16898.78331003461,2,52.5019006729126,31.843599319458008,73.16020202636719,942637.9182822477
918,93.31150775352987,1.000346789226971,17002.295398712413,2,22.804066340128582,18.284299850463867,31.843599319458008,145204.15164292842
919,311.27745795587634,1.132105222287749,17095.606906465942,1,16.64883630925959,10.0,30.0,380524.50415436074
920,114.49787116258075,0.9999999979358128,16122.448881359156,3,31.728699684143066,29.208200454711914,34.24919891357422,362881.16137777787
921,203.1016638540542,1.0655911522026893,16236.946752521737,2,13.975200017293295,10.0,29.208200454711914,144643.4946715638
922,117.566303550217,1.17566303550217,16440.048416375794,1,10.0,10.0,10.0,36934.54465941056
923,197.94987486058133,1.089594785509252,16538.47182306902,2,31.649033228556316,30.0,34.18479919433594,620482.5588567916
924,90.9555248526482,1.0000000464267078,16736.421697929603,2,32.09239959716797,30.0,34.18479919433594,294712.3055769389
925,341.91294718636595,1.2501575783432444,16827.377222782252,1,15.583772659301758,10.0,30.0,298982.43663331954
926,136.30087324787706,1.000000003265883,16555.892855247283,3,44.3265495300293,35.12409973144531,53.52899932861328,853436.7825192923
927,255.360024120442,1.1029466706357567,16692.19372849516,2,39.496640014648435,30.0,55.79059982299805,1227431.7857098824
928,106.67048597849332,0.9999999955779522,16947.553752615608,2,53.30100059509277,50.8114013671875,55.79059982299805,952753.5722155441
929,83.69788352017714,0.9999999989751248,17054.224238594103,2,54.887149810791016,50.8114013671875,58.96289825439453,793602.8529989938
930,277.2629766208371,1.7818982878479732,17137.92212211428,1,26.749599729265487,10.0,58.96289825439453,1281874.6926055108
931,21.733943690854606,0.9999999885729723,14759.538325576814,3,62.85965156555176,61.42290115356445,64.29640197753906,269841.0233476733
932,86.41371895101287,0.9999999973819756,14781.272269267669,3,55.70549964904785,49.98809814453125,61.42290115356445,845378.1666273782
933,116.07834335924849,0.9999999750755157,14867.685988218682,2,50.22114944458008,49.98809814453125,50.454200744628906,919766.3129204217
934,56.9198449794055,0.9999999894298871,14983.76433157793,2,53.392601013183594,50.454200744628906,56.33100128173828,510286.37606057763
935,90.40763675642751,0.9999999801634329,15040.684176557335,2,62.07735061645508,56.33100128173828,67.82369995117188,1097640.2686170423
936,44.597628194240976,0.9999999696647965,15131.091813313762,2,66.15520095825195,64.48670196533203,67.82369995117188,613312.3490239946
937,40.649836768166296,0.9999999821467874,15175.689441508002,2,58.71890068054199,52.95109939575195,64.48670196533203,441732.1986438189
938,22.434569866154014,0.9999999801045449,15216.33927827617,2,49.75979995727539,46.56850051879883,52.95109939575195,174751.0992510176
939,220.78373193868288,1.1903861276146928,15238.773848142324,1,24.357133547465008,10.0,46.56850051879883,629716.7935279445
940,168.22535751526868,1.20958023524292,14848.4679678027,2,16.601140213012695,10.0,34.72140121459961,264565.90108360763
941,134.2466237468377,1.1296500370074265,15016.693325317969,2,12.761433283487955,10.0,18.284299850463867,69716.6093919353
942,117.56630355021701,1.0915757582043266,15150.939949064805,1,16.627439880371092,10.0,18.284299850463867,112051.20565282073
943,530.9061453739756,1.3726251843718285,15882.494223032316,1,18.067957196916854,10.0,53.245601654052734,788252.4703821546
944,328.58617090944176,1.0235882645696384,13800.563750305853,2,30.70820007324219,30.0,33.54100036621094,953211.6566928428
945,235.93091819629717,1.4201372466799134,14129.149921215294,1,13.656859970092773,10.0,30.0,162671.95320600065
946,158.01964077925462,1.0492013576946562,17689.685324923055,2,43.01269849141439,18.284299850463867,65.54419708251953,789960.1565610878
947,137.15313862753314,1.0014468407483867,17847.704965702313,2,44.3922004699707,34.72140121459961,53.245601654052734,759411.0774718847
948,278.27182715841866,1.1211891732447565,17984.858104329847,1,19.78872235616048,10.0,53.245601654052734,484576.2491318629
949,518.8190011395038,1.4373978825026408,16444.135768995955,1,18.663561454186073,10.0,41.20479965209961,773732.7103696549
950,113.77670906409254,1.0367181549895093,16256.6256465343,2,27.712366739908855,18.284299850463867,46.56850051879883,328443.60079957364
951,238.46838538353222,1.4221963630222425,16370.402355598391,2,21.169457026890345,10.0,30.0,412751.73466139805
952,124.75393810273275,1.085575798549918,16608.87074098192,1,15.980379867553712,10.0,23.33329963684082,109619.72047577657
953,136.97344234365545,0.9999999462423133,16948.92597058898,4,56.22825050354004,46.56850051879883,65.88800048828125,1373874.5051565021
954,57.67808124362625,1.0000000614769509,17085.89941293264,3,43.27765083312988,39.98680114746094,46.56850051879883,340035.49433919875
955,113.21102323812505,1.0000000160301108,17143.577494176265,2,49.6117000579834,39.98680114746094,59.23659896850586,886383.2340508149
956,417.95624356067543,1.1729102875768342,17256.78851741439,1,23.55108985900879,10.0,59.23659896850586,1355249.4668514212
957,420.85172770572296,1.341626300570598,16655.48386910355,1,16.626376958993767,10.0,34.72140121459961,415816.0935805576
958,193.3026930103153,1.0359509987832694,15064.397947668418,2,49.14509963989258,30.0,70.8667984008789,1380300.0770287118
959,120.0,1.0,15257.700640678733,2,40.64495086669922,34.72140121459961,46.56850051879883,627203.2066849746
960,66.332495807108,0.9999999873974531,15377.700640678733,2,40.64495086669922,34.72140121459961,46.56850051879883,346699.6216829297
961,312.50251059534594,1.5783760316875395,15444.033136485841,1,20.34856669108073,10.0,46.56850051879883,689229.3035297599
962,29.968714168077675,1.0000000136042442,16307.034295437523,4,40.45664978027344,39.70140075683594,41.21189880371094,154116.18702112234
963,185.43581244865493,1.041376527268148,16337.0030096056,3,40.07063293457031,30.0,49.0,837806.4533424492
964,48.95311054481563,1.0000000164158047,16522.438822054253,2,48.21699905395508,47.433998107910156,49.0,357576.26728454523
965,162.77343412817442,1.0005391955073917,16571.39193259907,2,24.35849952697754,10.0,47.433998107910156,608840.300416647
966,148.88763989821527,1.0675513385632063,16734.16536672724,1,14.142149925231934,10.0,18.284299850463867,113994.49648370506
967,139.46325680981354,0.9999999998126822,17779.75914468977,2,35.46730041503906,34.72140121459961,36.213199615478516,551226.3445764468
968,72.11102550927978,1.0000000355016603,17919.222401499585,2,34.72140121459961,34.72140121459961,34.72140121459961,273115.2908199486
969,44.721359549995796,1.0000000066426002,17991.333427008864,2,32.360700607299805,30.0,34.72140121459961,147390.80924038062
970,236.92867925159035,1.1046856690299598,18036.05478655886,1,16.82461102803548,10.0,30.0,228909.83833801723
971,45.118886475383725,0.9999999472594117,16425.553856854916,2,60.27415084838867,54.83760070800781,65.71070098876953,516352.8886311716
972,36.40896185078281,0.9999999890419,16470.6727433303,2,53.49909973144531,52.16059875488281,54.83760070800781,327447.53704559815
973,360.0422138369971,1.611313807958576,16507.08170518108,1,21.529769897460938,10.0,52.16059875488281,1075850.4638868906
974,61.90858685368858,0.9999999748704456,16398.195897152702,2,30.697449684143066,30.214599609375,31.180299758911133,183291.0173577906
975,354.50572622413415,1.6756125376082363,16460.10448400639,1,15.915227196433328,10.0,30.214599609375,353429.1595710542
976,227.62491581310968,1.0161524107881574,16672.661548833134,2,38.77447509765625,30.0,48.52939987182617,1089194.4393601133
977,361.8343569222855,1.1534857949696515,16900.286464646244,1,19.967311011420357,10.0,30.0,586360.6082126333
978,189.91109621187258,1.0049737994380423,15998.813020845986,3,42.96296691894531,30.0,50.0,961480.7074634796
979,96.94909341376128,1.0682244330931898,16188.724117057858,2,36.29630025227865,30.0,48.88890075683594,396241.07387237105
980,38.2099463490856,1.000000017544507,16285.67321047162,2,30.0,30.0,30.0,108036.07617447301
981,241.81072559882267,1.1177704353340667,16323.883156820704,1,23.795514242989675,10.0,30.0,502836.24446497683
982,138.3729299306022,1.0000000370442028,15666.95432712859,2,39.238149642944336,30.0,48.47629928588867,681662.2784404937
983,79.59044286584323,0.9999999546889746,15805.32725705919,2,30.0,30.0,30.0,225036.6857396051
984,266.6754427776376,1.253141437394651,15884.917699925034,1,15.656859970092773,10.0,30.0,274669.8727303769
985,114.45523142259597,1.0000000062007244,14493.166647307413,3,42.96045112609863,39.35240173339844,46.56850051879883,665185.9853697676
986,151.34213125693628,1.008719845043785,14607.62187873001,2,31.617600123087566,18.284299850463867,46.56850051879883,375651.60143724224
987,277.0508023309526,1.1507752928092718,14758.964009986947,1,20.72984441121419,10.0,30.0,413851.964003918
988,255.79771517317016,1.0901842250392386,14472.910363189849,2,17.883243015834264,10.0,37.68320083618164,330943.5689398446
989,171.83944323336956,1.408094184750839,14728.708078363019,1,17.9165833791097,10.0,30.0,207767.42802116944
990,357.7499132184882,1.115791327075144,16968.292193194564,1,18.143118251453746,10.0,34.72140121459961,552321.332245731
991,347.48498136973103,1.2303543193326691,16914.726678003568,2,21.501455518934463,10.0,46.56850051879883,770928.125061376
992,97.1000286591522,1.069092132458947,17262.2116593733,1,16.220099767049152,10.0,28.66029930114746,89895.39518995087
993,29.100931594461496,1.0000000802107578,16697.86484010119,3,47.21280097961426,46.56850051879883,47.85710144042969,203799.55061402533
994,23.9208068808528,0.999999999836426,16726.96577169565,3,48.38425064086914,47.85710144042969,48.911399841308594,175934.46297633272
995,97.97503908647641,1.0000000251633758,16750.8865785765,3,51.078500747680664,48.911399841308594,53.245601654052734,803529.9968673321
996,12.028728746072131,1.0000000216951201,16848.861617662977,2,54.05154991149902,53.245601654052734,54.85749816894531,110412.45909005597
997,54.30385865890731,0.9999999806314679,16860.890346409047,2,58.484249114990234,54.85749816894531,62.111000061035156,584271.5650305743
998,66.84090371512302,0.9999999922096083,16915.194205067954,2,55.17239952087402,48.23379898071289,62.111000061035156,642568.6570843488
999,255.19977351501257,1.060429070790888,16982.035108783075,1,25.64675979614258,10.0,48.23379898071289,889851.1460644662
1000,135.66210640843425,0.9999999781326875,16172.458149579032,3,51.585649490356445,33.17129898071289,70.0,1182311.48294122
1001,249.21501808373046,1.0382738530973423,16308.120255987465,2,25.947979736328126,18.284299850463867,33.17129898071289,668025.8565329642
1002,212.49946069122095,1.1805525593956718,16557.335274071196,1,18.262383460998535,10.0,34.72140121459961,308311.3585220513
1003,381.6736406060561,1.4085327309887725,15711.05455359233,1,18.120454441417348,10.0,34.47209930419922,708504.216095482
1004,135.04710551669342,1.000142059006759,16512.248311268726,2,27.253299713134766,10.0,61.51319885253906,424875.3996943163
1005,206.81059255919754,1.1019129330685506,16647.29541678542,1,16.329649925231934,10.0,27.5,183682.075607586
1006,131.78107053090017,1.0000000275940164,14712.029894549101,2,56.84754753112793,45.299198150634766,68.3958969116211,1356312.7251826797
1007,58.848699117460384,1.0000000247262375,14843.810965080002,2,40.644948959350586,35.990699768066406,45.299198150634766,306756.65188169066
1008,269.7627702944871,1.2040554671933004,14902.659664197461,2,26.324999945504324,10.0,35.990699768066406,623043.7940534572
1009,73.0056307974577,1.2167605132909616,15172.422434491948,1,15.522866566975912,10.0,18.284299850463867,65249.86234293232
1010,78.02397743955756,0.9999999776036267,14801.62705454241,2,34.72140121459961,34.72140121459961,34.72140121459961,295510.185476036
1011,364.11008145144507,1.276363125975066,14879.651031981968,1,18.601140213012695,10.0,34.72140121459961,748038.7274263329
1012,164.09843918787695,1.0052077942452964,14701.301214493442,3,39.23216756184896,30.0,52.975101470947266,866783.7815871198
1013,89.7851106614932,1.0000000020923334,14865.399653681317,2,30.0,30.0,30.0,253861.41911914156
1014,73.11457513038411,0.999999957372575,14955.18476434281,2,24.142149925231934,18.284299850463867,30.0,136504.2242124967
1015,144.8528137423857,1.1311104421806646,15028.299339473195,1,13.550414221627372,10.0,18.284299850463867,91758.12721513375
1016,100.0,1.0,17522.374742656022,2,50.0,50.0,50.0,785398.1633974483
1017,36.87817782917155,1.0000000050531044,17622.374742656022,2,49.656850814819336,49.31370162963867,50.0,285683.12306381104
1018,62.609903369994115,0.9999999700857908,17659.252920485193,2,48.112701416015625,46.91170120239258,49.31370162963867,455410.03811107477
1019,302.6488517510124,1.0668295734904398,17721.862823855186,1,27.88514300755092,10.0,46.91170120239258,815023.0500925491
1020,160.1374329208139,1.0640419246800208,15515.529226880215,2,24.142149925231934,18.284299850463867,30.0,324633.36137776065
1021,118.67283288366869,1.0144606479940974,15675.666659801029,2,22.5149663289388,18.284299850463867,30.0,225361.44350923388
1022,115.9206605547283,1.091419160365296,15794.339492684698,1,13.508979797363281,10.0,19.26059913635254,69879.3294298143
1023,269.48138580472005,1.1307188070820868,16686.977035529857,1,14.970579910278321,10.0,18.284299850463867,214170.4429021908
1024,206.42189806316577,0.9999999638874938,16504.219044539153,2,40.00189971923828,30.0,50.00379943847656,1059312.8910703897
1025,117.89826122551597,0.9999999932279764,16710.64094260232,2,31.77050018310547,30.0,33.54100036621094,374243.8977345137
1026,257.81209902474524,1.1730856492497408,16828.539203827837,1,16.47816252708435,10.0,33.54100036621094,313342.1768600155
1027,476.1138097561394,1.7154362368843732,16977.852069110384,2,40.015963077545166,10.0,103.13700103759766,4496902.532860943
1028,118.278775780247,1.143831326553429,17453.965878866522,1,25.769333521525066,18.284299850463867,30.0,216475.62633757995
1029,80.99382692526635,0.999999988955234,16371.386805239195,2,26.50285053253174,18.284299850463867,34.72140121459961,184454.5826706525
1030,266.1427157873053,1.0901630120870855,16452.380632164462,1,14.983655505710178,10.0,30.0,249398.24354486793
1031,297.4734196050904,1.3991972399080899,16704.705265323897,1,18.48528995513916,10.0,50.0,660691.1142827903
1032,366.9315246343482,1.1690610990460548,16409.36919313983,1,22.614290046691895,10.0,34.72140121459961,766313.2478010878
1033,29.96495870688254,0.9999999535662969,15455.671566566558,2,42.896799087524414,41.3568000793457,44.436798095703125,173300.52775514437
1034,29.963074975192285,0.9999999778852777,15485.636525273441,2,39.81679916381836,38.276798248291016,41.3568000793457,149308.81734377745
1035,352.2829243868616,1.2100333531841903,15515.599600248634,1,19.141212224960327,10.0,38.276798248291016,815800.7561947019
1036,104.1633332799983,1.0000000307389683,15978.83535926353,2,40.0,30.0,50.0,534489.9624932475
1037,127.52329498679721,1.0359546981843315,16082.998692543528,2,31.429400126139324,30.0,34.28820037841797,393600.5209191352
1038,67.35155350154405,0.9999999796729054,16210.521987530325,2,40.4283504486084,34.28820037841797,46.56850051879883,348494.5739364048
1039,202.92528739883946,1.0940998457662188,16277.87354103187,1,20.236900011698406,10.0,46.56850051879883,429219.3606996217
1040,325.5332163035804,1.4220984671298074,14161.267277240826,1,15.300570106506347,10.0,34.72140121459961,319677.08214007795
1041,87.16183674257849,1.0000000232416129,14289.570633101976,2,30.728650093078613,18.284299850463867,43.17300033569336,272696.22594781633
1042,274.1348460451408,1.1191508210324583,14376.732469844554,1,15.90413326687283,10.0,30.0,255914.80655541204
1043,310.9672311044164,1.0833056276826245,14773.207936670959,1,16.129000091552733,10.0,34.72140121459961,401329.98774189653
1044,413.85735850318065,1.1478338306048517,2393.3912127198337,1,17.45586986541748,10.0,18.284299850463867,426587.63495706976
1045,236.92867925159032,1.2557194631490152,18316.643752758817,1,14.60238880581326,10.0,18.284299850463867,175198.70758686008
1046,236.06237238868707,1.2727630377284724,18220.075210263894,1,14.587777879503038,10.0,34.72140121459961,191155.6161050372
1047,18.973665961010276,1.0000000381362013,17147.100449559504,2,30.0,30.0,30.0,53646.774589414745
1048,246.7339997547105,1.1074219377155237,17166.074115520514,1,17.5,10.0,30.0,437918.9601938693
1049,126.71354135892778,0.9999999574315293,16031.780874664166,2,31.10165023803711,30.0,32.20330047607422,385231.13157194125
1050,210.2877638407159,1.1310978933431284,16158.494416023093,2,30.550825119018555,30.0,32.20330047607422,612969.1732559763
1051,152.62060586270468,1.0384516460206044,16368.782179863809,1,19.656859970092775,10.0,30.0,229113.7134885654
1052,61.28281804705776,1.0232454618784563,16988.86177191218,2,12.222233454386393,10.0,16.66670036315918,29042.832205425668
1053,23.207902184070846,1.0000000509780822,17050.144589959236,2,10.0,10.0,10.0,7290.977128990717
1054,51.321336347998255,1.048744553873636,17073.352492143305,2,10.0,10.0,10.0,16123.073449431951
1055,91.20955864630136,1.1060783669265442,17124.673828491304,1,12.071074962615967,10.0,18.284299850463867,49553.56191519296
1056,188.60442862175552,1.1888302475821966,16930.13352917307,2,20.1184500058492,10.0,30.0,305287.75916348427
1057,117.44562646538029,1.0340511169686997,17118.737957794823,1,16.03552508354187,10.0,30.0,152432.36305234634
1058,271.22767310385,1.3234555601842346,17189.43528430446,1,15.212411032782661,10.0,48.62739944458008,309934.3469782942
1059,185.2837591097057,1.0675231319938583,16508.661635676734,2,44.95160039265951,34.72140121459961,56.57870101928711,1055817.566695249
1060,176.64395958086783,1.2487632452539283,16693.94539478644,2,24.343939971923827,10.0,43.5546989440918,411656.6677610916
1061,92.7103268548899,1.0417538996368807,16870.58935436731,1,22.72166697184245,10.0,30.0,118605.55586021842
1062,93.8083151964686,1.0000000398052815,17085.89941293264,3,49.90705108642578,46.56850051879883,53.245601654052734,735126.9559877694
1063,74.83314773547883,1.0000000346621443,17179.707728129106,2,49.90705108642578,46.56850051879883,53.245601654052734,586428.4447437776
1064,101.9803902718557,0.9999999785821673,17254.540875864586,2,48.284250259399414,46.56850051879883,50.0,747240.3080409445
1065,285.73898585733355,1.0957589874991478,17356.521266136442,1,24.714049975077312,10.0,50.0,845464.0871958465
1066,298.52749491798187,1.2140436667398404,17002.295398712413,1,14.649288813273111,10.0,31.843599319458008,260430.35158463533
1067,291.27745795587634,1.428105202092615,16079.844044871408,1,19.571433385213215,10.0,34.72140121459961,428498.2894411995
1068,48.134310844689196,0.9999999827288235,16308.120255987465,2,32.07699966430664,30.98270034790039,33.17129898071289,155654.10002859484
1069,275.0979091285205,1.1804910217304305,16356.254566832155,1,18.2294499874115,10.0,30.98270034790039,377281.4296505499
1070,424.7136366337515,1.8696975935601399,15889.15369682933,1,25.446344799465603,10.0,34.72140121459961,1050714.4184133895
1071,364.4042266471127,1.18916980666253,14958.181050506835,1,23.536766899956596,10.0,50.54090118408203,1070090.5986405113
1072,50.522234459813006,1.0000000475859605,14867.685988218682,2,43.01599884033203,36.04389953613281,49.98809814453125,296264.01521455095
1073,275.47510816858573,1.0411269354498827,14918.208222678495,1,18.43317484855652,10.0,36.04389953613281,324871.02039580996
1074,257.8514824569158,1.205535289484938,15494.076470820468,1,12.513300153944227,10.0,32.61970138549805,191401.02937346994
1075,141.37580570493915,0.9999999787029961,14607.62187873001,2,49.136600494384766,46.56850051879883,51.7047004699707,1073323.0218192395
1076,49.97881974797803,1.0000000552612929,14748.99768443495,2,49.393449783325195,47.08219909667969,51.7047004699707,383346.4259492789
1077,189.60696908662308,1.1393458960127678,14798.976504182927,1,18.15459987095424,10.0,47.08219909667969,342641.13200580457
1078,142.34431229406763,1.0982102696993674,15404.956569705217,2,43.333333333333336,30.0,70.0,988959.5043981705
1079,171.91508225450303,1.3263537250302564,15547.300881999285,1,17.591028485979354,10.0,30.0,194420.65539054247
1080,8.94427190999916,0.9999999853177943,14201.267277240826,2,18.284299850463867,18.284299850463867,18.284299850463867,9394.021335405261
1081,207.9844073415912,1.2040135226091981,14210.211549150825,1,14.142149925231934,10.0,18.284299850463867,140914.82462332392
1082,118.16978507564168,1.0062675628282252,13913.845901484747,2,30.0,30.0,30.0,334117.19430511486
1083,278.11857189098487,1.3024095424574504,14032.01568656039,1,19.264699935913086,10.0,30.0,432899.97992363444
1084,187.658648611009,1.075436598499097,13963.315747515375,2,23.735919952392578,10.0,62.111000061035156,488695.1563347829
1085,131.56713181660422,1.048255101352103,14150.974396126383,1,13.313719940185546,10.0,18.284299850463867,82546.46563901595
1086,349.7138009449655,1.1059926233870976,2685.301547777184,1,22.31825574239095,10.0,34.72140121459961,746813.0753811097
1087,453.0807392334733,1.1482795596946718,2018.2446718149956,2,35.88082046508789,30.0,48.347801208496094,1759721.4225916928
1088,324.8161559508852,1.421073446977269,2471.3254110484686,1,27.32642021179199,10.0,48.347801208496094,1102687.9273620811
1089,54.93790212794349,1.0000000288458528,55513.94792528033,3,39.05014991760254,37.455299377441406,40.64500045776367,263335.095243458
1090,188.09168522839633,1.000793267708742,55568.885827408274,3,42.833666483561196,30.0,61.04570007324219,1010917.5908107266
1091,323.57604438307783,1.0926490694184612,55756.97751263667,2,64.59073384602864,61.04570007324219,70.6155014038086,4135793.2974844337
1092,160.53469322555196,1.0416866329738177,56080.55355701975,1,32.96660041809082,10.0,70.6155014038086,986000.7524576064
1093,540.481870288939,1.0428837174929935,55019.197990451335,2,53.78303985595703,35.38290023803711,74.85279846191406,4945651.527817169
1094,178.64897400050876,1.0341858279498513,55559.679860740274,2,45.60296630859375,35.38290023803711,54.85749816894531,1281811.5789432842
1095,100.88874880136332,1.000000006268469,55738.32883474079,1,42.428749084472656,30.0,54.85749816894531,586895.6507522141
1096,190.21713887674986,0.9999999529464159,53058.55689479269,2,70.0,70.0,70.0,2928165.4915828086
1097,57.13186387242546,0.9999999547948838,53248.77403366944,2,67.46424865722656,64.92849731445312,70.0,817297.4234302343
1098,194.8861863277723,1.0996897866047959,53305.90589754187,1,23.29689947764079,10.0,64.92849731445312,593379.7736365169
1099,238.6289075323334,1.0785842167024167,17921.693415590787,2,34.12666015625,18.284299850463867,57.49620056152344,1348187.2103684843
1100,179.8140956982914,1.0823536683172106,18160.322323123124,1,26.180350303649902,10.0,34.72140121459961,465547.50321429805
1101,166.86102201103847,1.0800322149329324,17984.858104329847,2,19.95584030151367,10.0,53.245601654052734,340722.7752960626
1102,82.76448411490009,1.0603139997908504,18151.719126340886,1,13.704474925994873,10.0,18.284299850463867,57420.16150247255
1103,111.32133634799825,1.113731006400743,17845.050337529872,2,15.0,10.0,30.0,97804.48244276656
1104,137.4545258691933,1.0476395490751507,17956.37167387787,1,11.656859970092773,10.0,18.284299850463867,64081.847218780735
1105,70.01584866127705,1.0000000344041495,17748.54189659755,2,25.497800827026367,16.274200439453125,34.72140121459961,149242.86595006325
1106,52.0768383905604,1.0670175593740023,17818.55774525883,2,14.85283342997233,10.0,18.284299850463867,31424.974341768306
1107,132.20731970159454,1.0323657234104078,17870.63458364939,1,15.656859970092773,10.0,30.0,131601.8004130123
1108,384.0934550362902,1.493635461611456,16158.494416023093,1,22.346487522125244,10.0,32.20330047607422,761848.7945243998
1109,258.3930307086504,1.1287952027147878,17272.85438553811,1,15.0,10.0,30.0,335258.55630560865
1110,20.004645976218878,0.9999999837512422,17462.365522002874,2,33.043800354003906,31.366199493408203,34.72140121459961,68680.53963969341
1111,217.97504559558686,1.0338578962772176,17482.370167979094,2,21.586959838867188,10.0,31.366199493408203,361090.8503249207
1112,64.7213595499958,1.0233345656551105,17700.34521357468,1,19.42809995015462,10.0,30.0,73807.46716596317
1113,279.09809132674013,1.104743471137423,17361.825915183344,1,17.383049726486206,10.0,44.21149826049805,466552.81350096094
1114,304.7434745205512,1.1198978026479218,17009.955163965573,1,19.96081233024597,10.0,44.83359909057617,661132.4043733112
1115,177.8788093424635,1.0569276221690158,17175.65135279947,2,24.627420043945314,10.0,46.56850051879883,423337.4346103442
1116,60.0,1.0,17353.530162141935,2,30.0,30.0,30.0,169646.00329384883
1117,100.0,1.091089472050447,17413.530162141935,1,31.573800404866535,30.0,34.72140121459961,329575.8709094359
1118,291.27745795587634,1.1372474091241114,16819.940147482306,1,19.571062564849854,10.0,46.56850051879883,517052.07685201545
1119,94.06606360438863,1.0340992751872264,16698.527514210873,2,16.666666666666668,10.0,30.0,115905.84742423445
1120,127.88987884292206,1.1878996501733918,16792.59357781526,1,12.761433283487955,10.0,18.284299850463867,79786.50958198347
1121,142.9955619973121,1.0095552525473408,16813.321549442946,2,26.02442455291748,18.284299850463867,37.52909851074219,291226.0192098244
1122,131.91508225450303,1.0699726349899865,16956.31711144026,1,18.97057991027832,10.0,30.0,170478.61672225432
1123,160.55133004016213,1.1338529115719342,17050.337065283107,2,25.322500228881836,18.284299850463867,34.72140121459961,372450.28787264216
1124,131.82975066948117,1.2656061453738632,17210.888395323273,1,14.970579910278321,10.0,18.284299850463867,96626.60218969305
1125,206.43744345202975,1.401804201021368,17040.978772002054,1,13.496599912643433,10.0,29.688499450683594,127333.29522476543
1126,185.23825823241413,1.156154354570508,16895.538350941002,1,12.581562519073486,10.0,30.65250015258789,104547.07963285611
1127,40.03257855273695,1.0000000259310935,15933.875056379326,2,26.480950355529785,18.24049949645996,34.72140121459961,91038.99377458534
1128,142.89278838371624,1.2567947031197786,15973.907634932062,1,13.544157028198242,10.0,18.284299850463867,85664.58688222058
1129,216.50578036422206,1.2538811470754874,15518.962403374255,2,26.218666394551594,10.0,82.45909881591797,943445.3411872692
1130,74.64101615137756,1.1252556428415337,15735.468183738476,1,10.0,10.0,10.0,23449.167353451587
1131,97.89720455382955,0.9999999528724981,16236.946752521737,2,27.368050575256348,25.52790069580078,29.208200454711914,230707.5868950418
1132,174.2437534899585,1.1278475361276437,16334.843957075567,1,14.585214342389788,10.0,25.52790069580078,122186.29535266479
1133,258.5639681480451,1.0965554695605826,15257.700640678733,1,18.106600046157837,10.0,46.56850051879883,364323.1992488117
1134,265.8505747976789,1.4417772096684174,16737.220763201123,1,17.5,10.0,50.0,601506.2850572772
1135,406.54513094272284,1.0705434915005845,16692.19372849516,2,42.747799682617185,30.47209930419922,62.111000061035156,3243396.50588891
1136,93.103672189407,1.0448563256479966,17098.738859437883,1,15.118024826049805,10.0,30.47209930419922,86709.55288120215
1137,89.44271909999159,1.0000000066426002,15967.751882252698,2,26.50285053253174,18.284299850463867,34.72140121459961,203696.00695534513
1138,34.64101615137755,0.9999999491227188,16057.19460135269,2,18.284299850463867,18.284299850463867,18.284299850463867,36382.889502823185
1139,157.56630355021701,1.1254735967872644,16091.835617504068,1,14.142149925231934,10.0,18.284299850463867,124617.57626717989
1140,352.81174662210356,1.131308817751998,16476.192798514086,1,24.60989999771118,10.0,53.742000579833984,850298.6422192069
1141,252.82419777996893,1.1754791761081254,14901.379930160303,1,18.2025625705719,10.0,50.767601013183594,402058.7817859
1142,85.03769065861354,1.0000000170469021,16337.0030096056,3,43.35084915161133,41.21189880371094,45.48979949951172,502468.4813910531
1143,21.388495395668375,0.9999999530935982,16422.040700264213,3,46.02915000915527,45.48979949951172,46.56850051879883,142369.15714201293
1144,74.83314773547883,1.0000000346621443,16443.429195659883,2,38.284250259399414,30.0,46.56850051879883,349953.41884151165
1145,284.4425027842089,1.0600546269009594,16518.262343395363,1,30.0,30.0,30.0,804242.2353376703
1146,240.51242066674695,1.224771077473017,15617.937036388657,1,15.659749984741211,10.0,30.425100326538086,207593.12679260396
1147,57.38132012324218,0.9999999855331501,15352.265799042552,3,59.6731014251709,53.245601654052734,66.10060119628906,644397.6296818346
1148,78.04172136705732,1.000000049175756,15409.647119165795,2,59.85420036315918,53.6077995300293,66.10060119628906,881535.3777863728
1149,67.25799325853788,0.9999999651055484,15487.688840532852,2,50.08815002441406,46.56850051879883,53.6077995300293,530979.8015759863
1150,193.18994891815706,1.023904660708843,15554.94683379139,1,22.284280014038085,10.0,46.56850051879883,442599.07838268514
1151,332.7081755136212,1.224226238366461,16026.835454117521,1,21.313312292099,10.0,72.22219848632812,1532938.0721157826
1152,42.03548263169279,0.9999999599797151,15264.64776554547,2,71.67525100708008,68.4977035522461,74.85279846191406,678873.4081115384
1153,294.4647633082625,1.1374486624528244,15306.683248177162,1,28.08517210824149,10.0,68.4977035522461,1627857.991040678
1154,166.8099932065512,1.0714834657326169,14923.174754970169,2,20.85,10.0,47.681400299072266,352617.0854298821
1155,91.20955864630136,1.1060783669265442,15089.98474817672,1,16.2132248878479,10.0,18.284299850463867,84369.14953470683
1156,61.6644143732834,1.0000000149378696,14865.399653681317,2,24.292449951171875,18.58489990234375,30.0,116424.88620762699
1157,138.07435566253037,1.0807361953738315,14927.0640680546,1,13.59335708618164,10.0,18.58489990234375,82260.76499731676
1158,80.0,1.0,13895.201390460074,2,22.0,14.0,30.0,127004.11900912337
1159,174.13484604514082,1.0481686025051806,13975.201390460074,1,14.121842793055944,10.0,18.284299850463867,124774.51742879972
1160,383.342540512257,1.3414277652032711,13905.610262061557,1,25.416424989700317,10.0,68.47850036621094,1989514.3259327644
1161,90.82951062292474,0.9999999677761134,13658.210241710156,2,40.60854911804199,30.0,51.217098236083984,481261.0624093284
1162,197.56630355021701,1.2068282297480257,13749.039752333081,1,17.591028485979354,10.0,30.0,227785.71852361073
1163,153.1370849898476,1.1543141954529064,18745.361262927196,1,11.183471407209124,10.0,18.284299850463867,64145.97949820892
1164,361.71381363316306,1.1130972757379543,18153.742714456785,1,26.01585715157645,10.0,62.111000061035156,1136986.32707621
1165,331.0668199121427,1.141708122919939,17718.885533955272,1,28.476871490478516,10.0,62.111000061035156,1762877.6061392324
1166,248.2842712474619,1.0309443122554656,16257.631449461845,1,18.081228528703964,10.0,30.0,422919.09967212647
1167,286.6112557448363,1.0615654047387315,17782.84066680125,1,26.250670841762,10.0,87.18609619140625,1859686.804169425
1168,252.6810859995939,1.2477164466148303,17701.913328291168,1,23.42324229649135,10.0,87.39409637451172,1350490.285256784
1169,91.8606676820841,0.9999999530268382,17741.82647200295,2,40.43739891052246,35.05939865112305,45.815399169921875,474677.8602745062
1170,274.61337890911784,1.186748424132403,17833.687139685037,1,23.604649861653645,10.0,46.56850051879883,972274.2997961233
1171,182.2876631002128,1.3020547364300914,17808.54189659755,1,12.366942814418248,10.0,18.284299850463867,92889.07743581415
1172,196.4583825561617,1.0851866898362987,17818.55774525883,1,14.446728570120674,10.0,18.284299850463867,135498.78916154028
1173,112.46815184423532,1.0819818992192143,17748.54189659755,2,20.625800132751465,11.213199615478516,34.72140121459961,183193.21473570258
1174,79.64993555771345,1.046156422220968,17861.01004844179,1,10.303299903869629,10.0,11.213199615478516,25938.060844860316
1175,107.70329614269008,1.000000030602689,16848.861617662977,2,51.62280082702637,50.0,53.245601654052734,901996.8386219282
1176,246.57729255058715,1.1162029254883812,16956.564913805665,1,26.09476661682129,10.0,50.0,669184.6988826797
1177,90.8615233613481,1.0186166977728395,16108.518983042277,2,24.983666737874348,18.284299850463867,30.0,154928.87216105085
1178,142.2876631002128,1.3691636571529928,16199.380506403626,1,18.97057991027832,10.0,30.0,163739.1003438328
1179,292.80695797735416,1.197203658480145,17012.428490387498,1,28.437157222202845,10.0,62.491600036621094,1521991.3217139624
1180,432.1599755059983,1.1700096913280715,17223.507088372797,1,34.684085845947266,30.0,46.56850051879883,1826049.4183071372
1181,218.279610268208,1.3302350873692403,17369.112256463988,1,14.679485593523298,10.0,34.47209930419922,208286.05513747543
1182,28.941284871422866,1.0000000239013362,16971.685090334806,2,66.17605018615723,60.5713996887207,71.78070068359375,399122.7656100118
1183,240.21710896279276,1.1523865906102426,17000.62637520623,1,28.428566614786785,10.0,60.5713996887207,820557.6166771962
1184,59.950810582373634,1.0000000184086566,16873.686193473604,2,26.514750480651855,20.67329978942871,32.356201171875,134551.98959724788
1185,124.52968691480524,1.1338840577228595,16933.637004055978,1,13.159599939982096,10.0,20.67329978942871,80387.8055265068
1186,81.24038404635961,0.9999999640999861,16247.205915517876,2,26.50285053253174,18.284299850463867,34.72140121459961,185016.09414704697
1187,160.0,1.297771404698904,16328.446299564235,1,14.71404997507731,10.0,30.0,161627.79217127338
1188,180.1607030876008,1.1395998073047442,16460.10448400639,1,15.254742758614677,10.0,30.214599609375,180861.03279913627
1189,166.52178061309988,1.2938353695648315,16370.402355598391,1,12.366942814418248,10.0,18.284299850463867,93800.78629518446
1190,268.6244528684593,1.236444234496161,16840.653378868563,1,20.255057198660715,10.0,46.56850051879883,548588.9395498412
1191,106.33714178332689,1.0201977170953829,16544.701631342316,2,18.22160053253174,10.0,34.72140121459961,133903.9521360341
1192,112.60659913307057,1.0732563922102178,16651.038773125645,1,16.18340015411377,10.0,18.284299850463867,103934.29245199339
1193,236.88977116523665,1.160632390849674,16306.123121217357,2,33.3088002204895,26.66670036315918,46.56850051879883,816381.7105570934
1194,89.96746912323111,1.0941733749517526,16543.012892382594,1,14.166675090789795,10.0,26.66670036315918,68962.07794026136
1195,256.05448126387637,1.194938064029685,16788.25898507867,1,16.478628431047714,10.0,35.350399017333984,482894.96410711674
1196,180.2422725301458,0.9999999638121055,17010.204956597274,3,78.94705200195312,68.80670166015625,89.08740234375,3548625.5895310803
1197,66.37292962877338,0.9999999577341463,17190.44722912742,2,77.95199966430664,66.81659698486328,89.08740234375,1275673.298001055
1198,24.902062977124256,0.9999999842331652,17256.820158756196,2,62.764747619628906,58.71289825439453,66.81659698486328,308616.874225925
1199,167.43537850614422,1.027182256356107,17281.722221733322,1,26.320374488830566,10.0,58.71289825439453,586011.8695840237
1200,203.92304845413264,1.1852786196559928,16178.706761409263,1,23.305314200265066,18.284299850463867,30.0,353033.28304041445
1201,248.04194370557695,1.3146196457612451,15918.094698477811,1,18.755714416503906,10.0,34.72140121459961,415522.30223794706
1202,126.51781897511114,1.0000000342946223,16960.776809273728,2,61.86269950866699,56.86410140991211,66.86129760742188,1524415.7054024993
1203,39.54330500567434,1.000000014220232,17087.294628248837,2,55.30580139160156,53.747501373291016,56.86410140991211,380083.5928989937
1204,136.92757596223746,1.0447932820560066,17126.837933254512,1,18.749500274658203,10.0,53.747501373291016,274931.27321020456
1205,415.94754737333477,1.0945988088771967,16827.377222782252,1,28.529371534075057,10.0,46.56850051879883,1572933.9768415142
1206,270.1675383424435,1.3671703666945272,16786.30255004241,1,23.614814485822404,10.0,40.450801849365234,562721.6740334443
1207,93.16451570497568,1.0960531259408903,16647.29541678542,2,15.833333333333334,10.0,27.5,80212.20453895908
1208,122.92528739883946,1.1221492297958344,16740.459932490394,1,19.656859970092775,10.0,30.0,202334.7294344198
1209,194.64101615137756,1.068231310422737,14887.424098818705,1,16.177943093436106,10.0,53.245601654052734,326512.33684640983
1210,119.4361754243663,1.000000024607409,16522.438822054253,2,33.642149925231934,18.284299850463867,49.0,454171.84100986837
1211,146.9693845669907,0.9999999571193029,57228.03713645082,1,47.97294998168945,34.72140121459961,61.2244987487793,1089625.9613145487
1212,95.13148795220224,1.0000000311868429,57545.85378667153,1,48.41620063781738,34.72140121459961,62.111000061035156,719260.2513675847
1213,182.2876631002128,1.186591659011315,16641.87499747862,1,15.522866566975912,10.0,18.284299850463867,163867.12115129174
1214,126.40191296279737,1.0000000323435436,56492.532165781064,1,47.06010055541992,30.0,64.12020111083984,917971.3048992881
1215,255.97714757411808,1.1893647301365384,15687.989295972786,1,20.442900248936244,10.0,50.094600677490234,757017.9435491349
1216,118.54624518361285,1.0000000288778361,56275.50841694158,1,50.7943000793457,30.0,71.5886001586914,1014555.6888390187
1217,212.20731970159457,1.0663819323195671,15805.32725705919,1,14.040614264351982,10.0,30.0,171342.01502902934
1218,104.3966503645493,1.0000000552916635,55783.11898380978,1,47.823801040649414,46.56850051879883,49.0791015625,750281.6477906526
1219,201.3930578120349,1.18671997415978,14644.072012371507,1,15.224085671561104,10.0,30.0,207388.39274615532
1220,340.0385472849812,1.1514879092691654,15515.599600248634,1,24.977913992745535,10.0,38.276798248291016,802071.5963863053
1221,49.99797652918505,1.0000000426703906,15482.72545809946,2,36.34730052947998,26.126100540161133,46.56850051879883,212983.5880047855
1222,174.08580550324177,1.081132283271817,15532.723434628644,1,16.021016756693523,10.0,30.0,184523.6869909504
1223,170.7635420469642,1.156556696471167,14441.205123080346,2,20.30598030090332,10.0,53.245601654052734,410068.881672831
1224,70.71067811865476,1.0000000002555316,14611.968665127311,1,10.0,10.0,10.0,22214.414685115342
1225,151.13811152148884,1.0000000279326255,56001.65976707144,1,43.11414909362793,30.0,56.22829818725586,909818.7890740988
1226,271.57255130684143,1.271754992436055,14369.094097571067,1,20.301571437290736,10.0,62.111000061035156,964249.1070075233
1227,182.6342247924783,1.0948015913022486,15606.147181673645,2,35.419875144958496,30.0,50.0,811891.5899429868
1228,145.01779314688252,1.1071395269594262,15788.781406466123,1,19.56202507019043,10.0,31.679500579833984,244768.1070541399
1229,245.2695996929071,1.1855553675533574,15192.265799042552,1,18.081228528703964,10.0,30.0,429075.0593972593
1230,64.26607107596143,0.9999999368513496,14309.094097571067,2,60.33279991149902,50.79130172729492,69.87429809570312,741044.4759464018
1231,262.97809575424725,1.057975011183185,14373.360168647028,1,26.22665023803711,10.0,50.79130172729492,833474.8138740385
1232,194.45511184966895,1.1704822295281414,14345.186487715026,1,15.224085671561104,10.0,30.0,184730.08120143475
1233,225.05216724435064,1.3546548608089788,14376.732469844554,1,14.040614264351982,10.0,30.0,182487.52224206424
1234,38.410815942942264,0.9999999934996255,15007.562483016867,2,58.74345016479492,55.37590026855469,62.111000061035156,416867.2633169368
1235,31.60087521705123,0.9999999798283769,15045.973298959809,2,52.60639953613281,49.83689880371094,55.37590026855469,274996.5156253422
1236,75.90130928327605,1.0000000412500452,15077.57417417686,2,44.41454887390137,38.9921989440918,49.83689880371094,472717.8192104285
1237,131.9608857148553,1.0567533849717936,15153.475483460135,1,22.24804973602295,10.0,38.9921989440918,309722.1598696138
1238,89.9997934127132,0.9999999934040465,14975.473293326713,2,49.858699798583984,44.527400970458984,55.189998626708984,705545.9891103241
1239,82.82926247288309,1.0000000083677907,15065.473086739426,2,39.6244010925293,34.72140121459961,44.527400970458984,410648.19327547506
1240,138.27182715841866,1.0543127761824915,15148.30234921231,1,18.25800018310547,10.0,34.72140121459961,176623.01469619496
1241,281.94217979121254,1.2762922434836883,14982.721287541519,1,21.485042844499862,10.0,62.111000061035156,1031730.7304867831
1242,222.99354609543286,1.1512280047559924,14261.451326361828,1,18.879714148385183,10.0,63.87369918823242,676033.9064277505
1243,56.568542494923804,1.0000000002555316,14129.149921215294,2,31.180349349975586,30.0,32.36069869995117,172859.88510095782
1244,132.54753235214721,1.0000000092360644,53305.90589754187,1,47.46424865722656,30.0,64.92849731445312,980447.1473923058
1245,171.20955864630136,1.1144793387417813,14185.718463710218,1,19.22773329416911,10.0,34.72140121459961,326062.6602948744
1246,278.41690000462916,1.054957636446374,14616.448400751056,1,21.082557133265905,10.0,51.009300231933594,726795.9903952305
1247,156.37437824191477,1.0063223420944791,13892.458046520202,2,36.849099477132164,30.0,48.72679901123047,716365.4223299884
1248,135.36631057245557,1.0943717592543836,14048.832424762117,1,14.0,10.0,30.0,112774.72738531527
1249,200.15045383282742,1.1013264506039409,13716.15549269768,1,18.544885907854354,10.0,53.245601654052734,401201.7709476158
1250,110.60310659201745,1.0000000267110238,44291.7733723394,1,74.7136001586914,74.57440185546875,74.85279846191406,1939621.6222637119
1251,263.41687834789593,1.090026799663817,2348.669853169838,1,15.917357036045619,10.0,18.284299850463867,244414.92387650238
1252,492.15891141893735,1.247672331551027,54826.868092895784,1,46.674750010172524,30.0,72.46209716796875,4059132.3502435945
1253,310.699874827727,1.0827744959835468,54439.34876795011,2,43.275925636291504,30.0,55.13669967651367,1560475.69618052
1254,154.4210679339203,1.0329452025118802,54750.04864277784,1,27.806999842325848,10.0,55.13669967651367,629831.1721383758
1255,164.6152356947826,1.0937949299271277,18650.192870013263,2,23.763333638509113,18.284299850463867,34.72140121459961,311723.98543755093
1256,125.93456298559222,1.4790263878715537,18814.808105708045,1,19.142149925231934,10.0,30.0,187455.64013128268
1257,240.0036844561537,1.1047064730512863,17955.129992757164,1,26.09476661682129,10.0,70.0,809836.8602782295
1258,137.80714672183893,1.0000000185534639,42010.94692287059,1,86.79249954223633,50.0,123.58499908447266,3456616.788663296
1259,220.78373193868288,1.163632412921763,17405.543833692514,1,20.8088165918986,10.0,30.0,407779.1817486387
1260,200.46916254761817,1.2465471024798782,17782.31309969071,1,21.241349856058758,10.0,52.59519958496094,492894.2286481604
1261,155.807786003738,1.135941882017896,17048.020024050027,1,15.812933286031088,10.0,28.30900001525879,140675.2197305093
1262,167.92130112336986,1.195412696899757,17847.704965702313,1,17.248983065287273,10.0,45.209598541259766,229927.71246666595
1263,192.74250228687282,0.9999999706982255,40614.4341080996,1,81.70874786376953,72.46209716796875,90.95539855957031,4059891.9879813977
1264,143.63081100704113,1.1355012828727828,16177.631449461845,1,14.142149925231934,10.0,18.284299850463867,94264.10240391396
1265,174.9132435900605,1.0644880675929906,17872.063670742195,1,17.475483258565266,10.0,30.0,189282.9209487101
1266,30.01318330380148,0.9999999903392948,17600.036772539846,2,33.775001525878906,32.8286018371582,34.72140121459961,107588.62097156841
1267,149.67287673907936,1.2474088759385795,17630.04995584365,1,20.222580337524413,10.0,32.8286018371582,247265.2887042079
1268,147.86444007759883,1.1129903272966826,15675.666659801029,1,12.761433283487955,10.0,18.284299850463867,79526.31981059295
1269,91.6515138991168,1.0000000191281153,35648.23892387003,1,46.05550003051758,30.0,62.111000061035156,635475.50526637
1270,313.9110755233843,1.0943672693615598,17453.29534069241,1,25.469983736673992,10.0,53.245601654052734,1274768.726062355
1271,100.84518069401118,1.0000000396373327,26024.36361348638,1,40.88089942932129,30.0,51.76179885864258,541978.4979046512
1272,153.1370849898476,1.1543141954529064,17469.65065034006,1,16.09476661682129,10.0,30.0,161381.37089253034
1273,103.92304845413264,0.9999999858296579,25747.2594406851,1,41.62280082702637,30.0,53.245601654052734,580320.9951410451
1274,178.29570964841523,1.1612811422322982,16847.428757706617,1,17.385716438293457,10.0,46.029998779296875,261934.89383987978
1275,112.00387515448554,1.0000000629572738,17899.29799655766,1,50.35890007019043,46.56850051879883,54.14929962158203,894035.4060274524
1276,138.2392833939547,1.0944943568547432,17271.889528109958,1,15.320666631062826,10.0,18.284299850463867,108904.80367768294
1277,79.53698070092213,1.0000000128949975,16959.849875410004,2,28.851049423217773,12.868499755859375,44.83359909057617,229265.86960957907
1278,129.40222383235255,1.1989035408072406,17039.386856110927,1,15.544279861450196,10.0,18.284299850463867,110665.3488705738
1279,171.89509871415743,1.1578955190685603,16726.96577169565,1,16.30951690673828,10.0,47.85710144042969,278925.39579711156
1280,89.16702946621776,0.9999999902626016,17291.994971376374,1,39.64285087585449,30.0,49.285701751708984,448916.8378162512
1281,338.2279983828779,1.1115126637409725,17051.143747778053,1,31.511533737182617,18.284299850463867,46.11289978027344,1134064.738196778
1282,91.6515138991168,1.0000000191281153,17310.107032417647,1,49.90705108642578,46.56850051879883,53.245601654052734,718225.2412950186
1283,151.1853095494937,1.03834492920549,16895.84830811019,2,30.0,30.0,30.0,427466.39433256007
1284,146.0112615949154,1.1543203975000336,17047.033617659687,1,27.071074962615967,18.284299850463867,30.0,315553.95028240996
1285,74.83314773547883,1.0000000346621443,17991.333427008864,1,32.360700607299805,30.0,34.72140121459961,246631.9898293556
1286,286.93942815645966,1.1148918125292429,15541.93768185274,1,20.78690020243327,10.0,34.72140121459961,494593.4369694484
1287,57.67808124362625,1.0000000614769509,15473.654012549998,2,30.0,30.0,30.0,163080.92265160047
1288,119.49895397031725,0.9999999932833556,17166.074115520514,1,30.0,30.0,30.0,337875.3345837206
1289,156.52970862658196,1.0887263135164944,15531.332093793624,1,17.313719940185546,10.0,30.0,159298.33397401823
1290,90.60400446806145,1.0000000062007353,17295.849149613554,2,33.07634925842285,17.691200256347656,48.46149826049805,333868.3213633976
1291,23.682692470197292,1.0000000378377858,17386.453154081617,2,13.845600128173828,10.0,17.691200256347656,14629.5554701201
1292,121.99542565312126,1.0618339081960486,17410.135846551813,1,20.0,10.0,30.0,202025.02249003173
1293,25.298221281347036,0.9999999878731504,17356.521266136442,2,48.0,46.0,50.0,183220.3020785406
1294,206.7512224759755,1.035829874261171,17381.81948741779,1,21.2,10.0,46.0,550303.5965364678
1295,78.59864375082431,0.9999999450313096,17017.29707218184,2,24.719249725341797,19.438499450683594,30.0,153176.61143723744
1296,140.0006304333989,1.198311371049123,17095.895715932664,1,17.54455986022949,10.0,30.0,199293.89689686726
1297,145.60742106149252,1.1059529295626203,16651.860822031154,1,14.71404997507731,10.0,30.0,108588.34797415018
1298,140.97390272887515,0.9999999663637898,17137.92212211428,2,69.39059829711914,58.96289825439453,79.81829833984375,2148556.6619773926
1299,231.4724159305782,1.0000000165082445,17278.896024843154,2,82.71689987182617,79.81829833984375,85.6155014038086,4977546.653780128
1300,88.8052143542066,1.0000000047968347,17080.668336892155,1,40.45575141906738,34.72140121459961,46.190101623535156,459671.62724102195
1301,203.4657288051119,1.0806452268878863,17510.36844077373,1,35.08422565460205,10.0,85.6155014038086,1755756.5987899418
1302,73.824115301167,1.0000000455500289,16961.040332162218,1,24.142149925231934,18.284299850463867,30.0,137828.9168855604
1303,145.68840787088035,1.151394042063389,17143.577494176265,2,34.90273412068685,30.0,39.98680114746094,573987.3136313402
1304,122.92528739883946,1.0540756113062175,17289.265902047144,1,19.142149925231934,10.0,30.0,166682.07716636398
1305,63.245553203367585,1.0000000180309803,17541.889149633404,1,30.0,30.0,30.0,178822.5855599833
1306,185.85057479767892,1.1525963878156806,17095.606906465942,1,15.522866566975912,10.0,18.284299850463867,156961.15530920363
1307,117.08671066101194,1.0000000221388432,16734.497688187083,1,37.27964973449707,30.0,44.55929946899414,517709.7515624333
1308,202.99487009161857,1.1559495364482921,16312.770532372071,1,17.033550262451172,10.0,35.6327018737793,307145.2083940876
1309,36.06800977376666,1.000000037454663,17156.66313438635,2,47.76090049743652,47.681400299072266,47.84040069580078,258474.34844105112
1310,81.47247762459742,1.0000000549887096,17192.731144160116,2,43.638099670410156,39.43579864501953,47.84040069580078,488914.4071734662
1311,74.81677782644319,0.9999999697408944,17274.203621784713,2,34.717899322509766,30.0,39.43579864501953,285049.9088115486
1312,73.06570326388675,0.9999999851939239,15531.332093793624,1,30.0,30.0,30.0,206588.41200164228
1313,107.75638066018065,1.0747799337113721,17349.020399611156,1,19.42809995015462,10.0,30.0,166653.42664678348
1314,47.523142397163575,0.9999999711478058,17059.11768421912,2,41.210100173950195,37.3931999206543,45.027000427246094,254274.30555168286
1315,106.20734437881403,1.0000000030472305,17381.81948741779,1,40.360700607299805,34.72140121459961,46.0,547064.8521241508
1316,135.53889556782013,1.1042646278652855,17106.640826616283,1,18.792359924316408,10.0,37.3931999206543,198698.98428697058
1317,87.28935897313833,0.9999999877047056,16297.200847769082,2,30.522950172424316,30.0,31.045900344848633,255509.28687607817
1318,28.985285890152095,1.0000000374277587,16651.038773125645,1,24.082500457763672,18.165000915527344,30.0,53874.631049459254
1319,125.95948224249659,1.049671628369958,16384.49020674222,1,19.179759979248047,10.0,31.045900344848633,152266.2627445993
1320,53.40071616567648,1.0000000241833635,17349.020399611156,1,30.0,30.0,30.0,150986.964190898
1321,165.73291564033056,1.4208932818198134,15444.926799068255,1,21.53013324737549,10.0,34.32789993286133,261009.62582422147
1322,20.0,1.0,15735.468183738476,1,10.0,10.0,10.0,6283.185307179585
1323,167.12862672183263,1.0973722619366317,15016.693325317969,1,17.475483258565266,10.0,30.0,203269.25870633428
1324,67.52777206453653,1.0000000158222724,17285.91507250792,1,31.8885498046875,30.0,33.777099609375,215977.88287970395
1325,177.54205445340938,1.3233203508662634,16057.19460135269,1,15.522866566975912,10.0,18.284299850463867,155536.06940973992
1326,124.7213595499958,1.0252032607457124,15753.170473453103,1,13.333333333333334,10.0,30.0,86014.468493325
1327,275.45398069490693,1.1414013143089636,16828.445962948685,1,29.529733657836914,10.0,70.60990142822266,1805131.9041195791
1328,74.83314773547883,1.0000000346621443,16710.64094260232,1,30.0,30.0,30.0,211585.73311968677
1329,157.8584445398434,1.2326673565552333,16641.87499747862,1,14.142149925231934,10.0,18.284299850463867,110695.14155204728
1330,253.1508523075953,1.0825341648325186,16210.048014992728,1,21.920600255330402,10.0,44.95500183105469,636186.2995735551
1331,237.91130846815287,1.0433101280469719,14967.520244090178,1,24.683083534240723,10.0,53.245601654052734,737336.4244760999
1332,105.97009933904037,0.999999989961398,17283.69656852281,1,48.200801849365234,30.0,66.40160369873047,810228.402147777
1333,179.64376678218835,1.0303780760862056,14887.424098818705,2,38.52516746520996,27.60849952697754,53.245601654052734,907016.164203571
1334,119.64039537979284,1.0557948043873626,15067.067865600893,1,16.47319984436035,10.0,27.60849952697754,112795.63521268922
1335,50.058513058743614,1.000000064566114,16443.429195659883,2,37.9935998916626,29.418699264526367,46.56850051879883,230866.3997760527
1336,149.96993536290745,1.0721395409051682,16493.487708718625,1,17.19745979309082,10.0,29.418699264526367,156293.2832294302
1337,411.83449480618333,1.0197166784865972,15978.849644687432,1,32.28950023651123,10.0,90.7313003540039,3034246.005267468
1338,158.3510448310525,1.00000000713529,17087.294628248837,1,51.71630096435547,46.56850051879883,56.86410140991211,1334927.5191572376
1339,211.3746187466856,1.1463398499072295,15701.975717958516,1,18.03188355763753,10.0,49.90700149536133,358609.340619495
1340,317.5046777174664,1.0233097481574402,15556.262507464644,1,27.076900164286297,10.0,44.177101135253906,951924.8138512973
1341,164.00675108303807,1.1146083274546914,15884.917699925034,1,16.09476661682129,10.0,30.0,173507.83275666996
1342,215.132607100434,1.140200514126623,15647.978471231267,1,22.761433283487957,10.0,70.0,776192.420767378
1343,60.0,1.0,16091.835617504068,1,24.142149925231934,18.284299850463867,30.0,112019.43099600637
1344,260.29592190324524,1.099951042660268,14743.250558848416,1,21.921650250752766,10.0,53.245601654052734,576638.4911230053
1345,119.37989587780231,0.9999999816259958,15491.245980816926,2,47.363348960876465,30.393400192260742,64.33329772949219,877330.5686692828
1346,237.18433566770636,1.145443576687887,15610.625876694729,1,18.07868003845215,10.0,30.393400192260742,305502.30717405217
1347,67.42920188300225,1.0000000395118478,15409.647119165795,2,61.285600662231445,56.47060012817383,66.10060119628906,797273.7068556936
1348,114.10768489116192,0.9999999648345637,16736.421697929603,1,40.37664985656738,34.18479919433594,46.56850051879883,589001.6259042703
1349,204.00811733060192,1.087843394123893,15477.076321048797,1,24.95097999572754,10.0,56.47060012817383,680451.9892071403
1350,157.33566167650287,1.088192885598544,14513.22150563451,1,16.474366505940754,10.0,32.2775993347168,185680.54261337384
1351,93.37120747556305,1.0000000740489527,14918.208222678495,1,33.021949768066406,30.0,36.04389953613281,320759.0458446825
1352,141.24796472403204,1.028744325647427,15766.067809090062,2,39.0476328531901,30.0,57.14289855957031,733743.3684118448
1353,136.37371292448535,1.277778835787532,15907.315773814094,1,17.071074962615967,10.0,30.0,168401.31872884257
1354,24.931705193561122,0.9999999887174829,15011.379063254968,2,17.87310028076172,17.7716007232666,17.974599838256836,25021.09508295509
1355,112.74097206756905,1.1452044603315967,15036.31076844853,1,14.908639907836914,10.0,18.284299850463867,87581.31355760709
1356,102.8135672563159,1.0000000658519754,14282.263411705057,2,62.62930107116699,53.90549850463867,71.35310363769531,1275132.0162555526
1357,33.75008799223556,1.0000000075317863,14385.076978961373,2,50.28609848022461,46.66669845581055,53.90549850463867,268577.7177511002
1358,133.21302232659872,1.1275923722674388,14418.827066953609,1,24.166674613952637,10.0,46.66669845581055,326686.50490427855
1359,192.39945128569585,1.0962976496290675,14210.493726386188,1,19.42809995015462,10.0,50.0,318834.84703434724
1360,313.4451445504219,1.3326770266085575,13956.15647058526,1,29.83530044555664,10.0,69.01180267333984,1285573.3137205476
1361,192.1173822496135,1.0790387266403982,13633.937546901509,2,49.249600092569985,31.180299758911133,70.0,1624458.4018179737
1362,129.36237570137334,1.089427708330013,13826.054929151122,1,19.437224864959717,10.0,31.180299758911133,167618.61101586284
1363,289.64558457470224,1.101067297687256,1718.2877677454617,1,26.094750086466473,10.0,46.56850051879883,855596.9443484619
1364,46.9041575982343,1.0000000398052815,14611.968665127311,1,20.0,10.0,30.0,63853.29212945504
1365,279.06918294425225,1.0709097426100291,1580.7281695695406,1,22.839066823323567,10.0,50.46580123901367,772280.0321260008
1366,527.0555676303256,1.0000000486440916,1030.0655613600632,2,173.68100357055664,101.20600128173828,246.156005859375,52846259.7526212
1367,540.9269276896957,1.3980370296476894,1557.1211289903888,1,65.08560028076172,50.0,101.20600128173828,6688260.788152713
1368,716.4142268147145,1.287017056506727,852.1582871239194,1,103.82161617279053,10.0,375.0,81750340.0300955
1369,514.3510633462377,1.127093751440578,695.1575941990538,1,58.1365000406901,10.0,258.8190002441406,31949075.27618464
1370,188.55707529980322,1.214870389378818,57205.480460242725,1,24.342760467529295,10.0,65.14520263671875,647086.8534625282
1371,164.24925725368323,1.000000030041825,55756.97751263667,2,70.24420166015625,61.04570007324219,79.44270324707031,2560646.30036463
1372,80.43299718108233,0.9999999816475295,55921.22676989036,2,67.83550071716309,56.22829818725586,79.44270324707031,1174129.704742943
1373,121.85427681432076,1.0214671448492145,56001.65976707144,1,28.170866012573242,10.0,56.22829818725586,461572.85423079785
1374,234.38508282452383,1.078844763444524,55070.92512557121,1,30.079059982299803,10.0,62.111000061035156,1018448.5627846378
1375,36.58987170353051,1.0000000341802153,44076.95455053299,2,108.62350082397461,107.24700164794922,110.0,1356380.6390940035
1376,101.49763467691673,0.9999999979233154,44113.54442223652,2,103.43870162963867,99.63040161132812,107.24700164794922,3413250.002283215
1377,76.7313154259608,0.9999999975651119,44215.04205691344,2,87.10240173339844,74.57440185546875,99.63040161132812,1841481.1967741053
1378,59.16872326495795,0.9999999865621465,44291.7733723394,1,62.287200927734375,50.0,74.57440185546875,730528.0442240055
1379,151.05034932989645,1.0749640856832172,18791.29002638012,1,15.394879913330078,10.0,28.690099716186523,133274.4897370296
1380,67.26869282211884,1.0000000119746237,15833.931834804078,1,50.0,50.0,50.0,528327.0716398745
1381,111.29589758267504,1.0493077855875046,17684.108572078607,1,13.313719940185546,10.0,18.284299850463867,65286.537170368916
1382,134.8780614433768,1.1012747586183573,18551.197920647148,1,15.656859970092773,10.0,30.0,122222.76214646336
1383,140.0,1.093216333283806,18083.00854815963,1,21.313719940185546,10.0,30.0,200405.1135392259
1384,243.75916866961964,1.138390581461529,17427.604552487588,1,25.779979705810547,10.0,48.899898529052734,829949.222185421
1385,118.29310839757697,1.0790821844730043,18179.66113249427,1,13.797959899902343,10.0,28.98979949951172,79689.38432840514
1386,59.4961330215077,0.999999954784253,15437.1213938033,1,34.9242000579834,30.0,39.8484001159668,229488.01594126193
1387,119.36237570137334,1.1704443651048793,16352.272465613223,1,14.0,10.0,30.0,84330.89461805823
1388,100.77434646973697,1.0000000106355218,15045.973298959809,1,42.687950134277344,30.0,55.37590026855469,593901.9324844091
1389,111.48939745890064,1.2673607441680557,17956.37167387787,1,11.656859970092773,10.0,18.284299850463867,56017.60078032997
1390,69.2820323027551,0.9999999491227188,15148.30234921231,1,32.360700607299805,30.0,34.72140121459961,228336.87296272116
1391,166.0427063817802,1.2376092703466057,18036.05478655886,1,21.313719940185546,10.0,30.0,324246.4450820437
1392,204.63784096981172,1.104012974526363,17156.025145633816,1,21.992200088500976,10.0,41.676700592041016,414449.8606269979
1393,60.0328055105282,1.00000004878568,17948.973385984005,2,35.81099987030029,25.053499221801758,46.56850051879883,249139.2031332953
1394,100.0,1.0,14873.207936670959,1,43.98350143432617,34.72140121459961,53.245601654052734,616739.8449729419
1395,96.52998271454366,1.0639527231575165,18009.006191494533,1,15.834449768066406,10.0,25.053499221801758,96309.30445721702
1396,71.41827251968749,0.999999980311849,14150.974396126383,1,26.50285053253174,18.284299850463867,34.72140121459961,162647.3061792243
1397,134.64101615137756,1.0920828791303816,17919.222401499585,1,16.601140213012695,10.0,34.72140121459961,171597.84638486576
1398,89.44271909999159,1.0000000066426002,13999.92275001007,1,41.62280082702637,30.0,53.245601654052734,499460.7784127032
1399,180.90487711016658,1.1133925124753603,17113.814712956206,1,24.422200012207032,10.0,62.111000061035156,741679.652513021
1400,114.84946313466007,1.0000000552684434,17725.686106199017,2,55.74749946594238,39.032901763916016,72.46209716796875,1154920.8720351758
1401,128.06248474865697,1.0000000000581437,14012.678757061007,1,46.05550003051758,30.0,62.111000061035156,887934.8555313828
1402,118.25157763268072,1.0194906821270622,17840.535569333675,1,21.400375366210938,10.0,39.032901763916016,190643.17873203199
1403,213.9714192756224,1.1378883606036432,17721.862823855186,1,21.382340240478516,10.0,46.91170120239258,579297.0446232627
1404,123.07235280393542,1.000000026452697,17412.924350412435,2,42.10330009460449,20.236900329589844,63.96969985961914,747020.8140909363
1405,135.1408865568091,1.000000015964044,14945.4089638504,1,39.3619499206543,30.0,48.723899841308594,670197.5019741452
1406,116.49108492718668,1.0369293589219575,17535.99670321637,1,16.701375007629395,10.0,20.236900329589844,113837.31623899439
1407,118.32159566199232,1.0000000120325547,14051.659445553656,1,46.05550003051758,30.0,62.111000061035156,820395.3554276298
1408,173.00563079745768,1.483511000064334,17352.85438553811,1,21.313719940185546,10.0,30.0,288473.1619422311
1409,116.61903789690601,0.9999999695936012,14122.361909143165,1,51.231048583984375,30.0,72.46209716796875,1016628.8315330207
1410,188.88122908666497,1.1572353082188558,17659.252920485193,1,21.17646026611328,10.0,49.31370162963867,447608.2146316973
1411,109.96680660975088,1.0000000191453808,17395.035806592437,2,62.166948318481445,51.87179946899414,72.46209716796875,1347357.0833237758
1412,117.17358584387925,1.000000015869654,13825.13317944854,1,52.02449989318848,34.72140121459961,69.32759857177734,1033049.3269048706
1413,177.7635593824619,1.1451480233062492,17505.00261320219,1,20.467949867248535,10.0,51.87179946899414,463892.03256298264
1414,124.98556457468105,1.2254368494207148,17050.144589959236,1,10.0,10.0,10.0,39265.37333916822
1415,116.83321445547922,1.000000005557725,13479.511222002817,1,32.06559944152832,30.0,34.13119888305664,377915.96003382694
1416,159.18210070421532,1.0875113486689139,15858.913227904972,1,15.263459777832031,10.0,19.748699188232422,143387.6991042093
1417,125.85706178041819,0.9999999879781174,13587.292609934315,1,44.0,30.0,58.0,791310.4397241472
1418,253.13157256443446,1.0850434017591715,17130.607782111234,1,27.222460556030274,10.0,43.10660171508789,874173.7387590173
1419,183.13075664430363,1.1097930584115399,17058.485687818724,1,23.426240539550783,10.0,77.1312026977539,685196.597212177
1420,134.6167670545699,1.1065430094198785,16956.31711144026,1,15.656859970092773,10.0,30.0,127790.87834025889
1421,106.18099267699272,1.0000000051848064,12408.251954145173,1,53.23040008544922,30.0,76.46080017089844,1005188.6428875509
1422,141.4213562373095,1.1470787008657328,16874.483877998096,1,16.601140213012695,10.0,34.72140121459961,143353.96215341424
1423,114.00730926103557,1.0000000026408362,11170.229700847822,1,47.25469970703125,30.0,64.5093994140625,835328.5664907136
1424,151.24531329473274,1.162333643509451,16943.500148937743,1,18.97057991027832,10.0,30.0,206567.96702490962
1425,107.70329614269008,1.000000030602689,11003.844789462948,1,52.360700607299805,34.72140121459961,70.0,962754.9491677096
1426,130.22581776041844,1.038302903513788,16792.59357781526,1,11.656859970092773,10.0,18.284299850463867,63922.132781879525
1427,212.67570033139722,1.092470770225486,17393.936037579733,1,21.336299896240234,10.0,46.68149948120117,591907.1110940562
1428,149.4741638868564,1.1671971240360848,17227.38261622648,1,20.627420043945314,10.0,46.56850051879883,270593.9077454388
1429,137.09166947873143,1.1331161067407893,16933.637004055978,1,15.44837989807129,10.0,20.67329978942871,122114.37808773923
1430,233.31973870955835,0.9999999605037876,1231.1751580634716,1,123.05149841308594,90.0,156.10299682617188,11365687.014004115
1431,154.69123170258956,1.0374205266551384,16693.94539478644,1,16.710939788818358,10.0,43.5546989440918,241562.59908619538
1432,175.98756739015198,1.1266450018785685,16819.940147482306,1,18.97056007385254,10.0,46.56850051879883,409179.0793715317
1433,133.1370849898476,1.331370849898476,16696.430379898098,1,13.313719940185546,10.0,18.284299850463867,79402.21197731723
1434,262.4755379669694,1.0574059651464203,16507.08170518108,1,28.320680236816408,10.0,52.16059875488281,956539.9697429321
1435,171.47340121065312,1.088857144410061,17164.137063023114,1,21.313719940185546,10.0,50.0,358709.69531748304
1436,128.2842712474619,1.084199989641091,16328.446299564235,1,13.313719940185546,10.0,18.284299850463867,76265.9015801401
1437,192.56513232548474,1.0889390275426738,16547.744056546187,1,16.601140213012695,10.0,34.72140121459961,229821.3725876612
1438,129.46041866145808,0.9999999996932359,163.1865373723417,1,35.79899978637695,30.0,41.597999572753906,525788.1368322987
1439,111.78830439033672,1.0980514005436042,15282.651327634729,1,13.804740142822265,10.0,29.023700714111328,77606.64035785501
1440,164.08373525136915,1.0680941777264366,16638.527399402414,1,14.0,10.0,30.0,145212.62188266488
1441,69.98849096371656,0.9999999441432434,16557.335274071196,2,15.042550086975098,11.800800323486328,18.284299850463867,50523.24036765538
1442,101.32427979939906,1.0824274104377751,16627.32376503491,1,12.521275043487549,10.0,18.284299850463867,55033.972541198236
1443,214.4269870347672,1.0085796869486754,15238.773848142324,1,22.284280014038085,10.0,46.56850051879883,492376.78074529074
1444,206.9920745691049,1.1794468400275806,17179.707728129106,1,22.649120330810547,10.0,53.245601654052734,590685.4454648329
1445,175.61918900674922,1.1573697680868207,16614.91668618648,1,18.354100036621094,10.0,31.77050018310547,323691.5633755421
1446,144.8528137423857,1.014172558563494,15645.169909232583,1,20.422200012207032,10.0,62.111000061035156,425718.6747722685
1447,234.06654553048708,1.2202969187776018,15216.33927827617,1,34.87448005676269,10.0,52.95109939575195,1318440.2189340258
1448,190.71288557801597,1.1442314995115723,17074.33152115529,1,21.313719940185546,10.0,30.0,373021.2556813322
1449,315.87646808697843,1.2486113955191145,17034.420611605306,1,34.97055931091309,10.0,86.56849670410156,2535269.7488017064
1450,173.63861912379397,1.3341400069636893,16839.664800391918,1,17.853260040283203,10.0,32.69770050048828,216547.69363611698
1451,233.39352031324114,1.02537327747259,16777.28343239508,1,22.047219848632814,10.0,30.236099243164062,539942.2176365333
1452,140.57792988543014,1.0703421202927312,15875.584433000815,1,13.313719940185546,10.0,18.284299850463867,81459.69991556935
1453,143.11741898294073,1.0550755579767503,15444.033136485841,1,17.313700103759764,10.0,46.56850051879883,235726.59497923523
1454,146.55609840588056,1.1307049067328059,16323.883156820704,1,17.313719940185546,10.0,30.0,154440.82343077945
1455,127.2824422889066,1.0803830122237283,16334.843957075567,1,16.419300079345703,10.0,25.52790069580078,128427.05101041886
1456,156.9638392516655,1.1211702803690393,15377.700640678733,1,16.601140213012695,10.0,34.72140121459961,200276.2547135692
1457,199.88793654596674,1.0870478326622033,15040.684176557335,1,27.266200256347656,10.0,56.33100128173828,634429.5299672293
1458,199.91598846396795,1.3688588338407315,16250.383660897605,1,22.799500274658204,10.0,33.997501373291016,475401.99734467367
1459,238.11773226470353,1.1620311638879903,16152.86579017375,1,30.0,10.0,70.0,1254330.4820363072
1460,155.6145281098631,1.0588227058001485,16662.387615465643,1,18.25800018310547,10.0,34.72140121459961,216119.11895184923
1461,248.09234271711895,1.075354811463731,16121.46780929415,1,31.656859970092775,10.0,70.0,1230891.9564267262
1462,147.8240284182578,1.2229076500836118,14902.659664197461,1,15.198139953613282,10.0,35.990699768066406,157965.4292140943
1463,159.2156096369595,1.0562627801451383,15517.721393831453,1,19.693099594116212,10.0,33.61259841918945,232405.74072108482
1464,189.76101220911895,1.0526585593932538,14901.379930160303,1,18.15352020263672,10.0,50.767601013183594,426619.6617778589
1465,134.04435911817285,1.2077881441988614,14728.708078363019,1,15.49990005493164,10.0,29.215200424194336,129739.92674553035
1466,118.86979875854496,1.1582061810296704,16376.034427901624,1,14.944280242919922,10.0,34.72140121459961,120741.25024546427
1467,180.87560573214094,1.1685212198127237,15540.973305741498,1,21.952920150756835,10.0,44.91170120239258,382265.97226648673
1468,226.01845728497256,1.1357855118209925,15805.32725705919,1,22.0,10.0,30.0,387783.66636632115
1469,205.47171238129505,1.0973522767042674,14763.644197460011,1,31.052379608154297,10.0,70.54049682617188,1049712.7445292682
1470,71.79558550617892,0.9999999982429937,15618.12973927624,2,55.32159996032715,47.00680160522461,63.63639831542969,695496.6596122197
1471,177.30112229489964,1.0858701315805697,15689.92532478242,1,34.25170040130615,30.0,47.00680160522461,641146.339248549
1472,133.74784655375777,1.1427916583547633,14728.175764042442,1,16.667500305175782,10.0,43.337501525878906,168451.42611306137
1473,241.17143447435149,1.1281492160127997,16210.521987530325,1,28.772480392456053,10.0,46.56850051879883,894162.8931840945
1474,46.08077317496515,1.0000000168196574,15554.169933147085,2,49.49370002746582,48.98740005493164,50.0,354637.465854186
1475,143.78363791267276,1.0000000524508874,15600.25070632205,2,49.781049728393555,48.98740005493164,50.57469940185547,1119500.2938321952
1476,123.18479063609217,1.0594213995052693,15744.034344234722,1,36.85823313395182,30.0,50.57469940185547,559245.0549908304
1477,95.99961996003267,1.0000000148933845,15489.809383447602,2,51.17474937438965,32.3494987487793,70.0,825451.9471197032
1478,108.9706423462144,1.0550552261246398,15585.809003407634,1,19.729524612426758,10.0,32.3494987487793,155605.08584168382
1479,189.9520259253822,1.0601095672899754,14551.629533288953,1,29.62361946105957,10.0,83.26519775390625,990697.1930635085
1480,170.4840250296911,1.1340428786916004,15679.63187395714,1,19.656859970092775,10.0,30.0,245768.4015102248
1481,205.6664189459176,1.437537974807928,14385.076978961373,1,24.437959671020508,10.0,53.90549850463867,715857.5975617262
1482,138.27182715841866,1.0797215705898475,14063.168303213437,1,16.627439880371092,10.0,18.284299850463867,131229.7728823356
1483,189.57391868361518,1.08997335625791,14743.727621364635,1,23.471339797973634,10.0,49.0723991394043,416892.3695334953
1484,260.9367538960295,1.126549801151625,14010.549835971467,1,24.861540222167967,10.0,44.307701110839844,821905.1680164965
1485,201.36880871522726,1.14740530821629,14537.063467749116,1,22.97056007385254,10.0,46.56850051879883,371057.05739750987
1486,191.53107455742997,1.0660551915296823,13749.455948458668,1,23.619700241088868,10.0,53.245601654052734,523384.72228599084
1487,71.24635110847628,0.9999999713537929,55568.885827408274,2,33.96560001373291,30.475900650024414,37.455299377441406,259129.31223173157
1488,108.08973139927227,1.034220718579513,55640.13217851675,1,27.827200571695965,18.284299850463867,34.72140121459961,228314.08656010695
1489,398.2465489840663,1.161310539141687,54699.32395757025,1,53.13902473449707,10.0,97.70330047607422,4010146.5559078315
1490,176.04525947843547,1.3462517520743131,18177.57458866619,1,31.65310049057007,18.284299850463867,43.6067008972168,604439.3599064592
1491,126.17084060220704,1.0663382404070607,18160.322323123124,1,17.071074962615967,10.0,30.0,149352.65116639595
1492,88.2842712474619,1.0706040465053,18368.516060532023,1,14.142149925231934,10.0,18.284299850463867,66574.28193399389
1493,177.06866699174253,1.0408104212573632,18137.217015495888,1,21.673974990844727,10.0,36.695899963378906,421275.98146827635
1494,181.8666146636848,1.0552199342616695,18021.970896472285,1,25.535724639892578,10.0,52.14289855957031,591627.5335322225
1495,116.48529270389177,1.0524538261417653,17975.073382435014,1,16.875,10.0,37.5,163245.4824379917
