segment_id,length,tortuosity,root_dist,strahler_index,radius_mean,radius_min,radius_max,volume
0,95.87819574307949,1.0087119361489079,52724.398742917525,1,18.333333333333332,11.0,33.0,118511.38177896611
1,93.33809511662427,0.9999999839076634,52105.3259935665,1,21.370899836222332,11.0,33.0,164900.969716625
2,113.4291608812348,1.01114948966914,51820.26926379385,1,20.06450017293294,11.0,38.19350051879883,184219.1091634718
3,715.3562128164939,1.0176414326852459,0.0,6,59.60498301188151,38.19350051879883,76.56680297851562,8713207.34341288
4,93.0652217920096,1.0082694747145655,52252.36108586818,1,17.11109987894694,11.0,29.33329963684082,96433.00491681819
5,70.41892064287165,1.1577384446748125,52275.47383905183,1,19.139366149902344,11.0,35.41809844970703,97857.85274180747
6,694.7983827795456,1.0580161555575867,715.3562128164939,6,58.927516301472984,51.225399017333984,76.56680297851562,7582851.614991354
7,85.001472713438,1.0326181795099634,51667.11787286839,1,14.037566502888998,11.0,20.112699508666992,53968.279820168005
8,338.3165734012485,1.0322495395281681,1410.1545955960394,6,63.72803243001302,51.225399017333984,88.7332992553711,4658853.478314233
9,97.11269837220809,1.0126900641129737,51763.82439337392,1,18.333333333333332,11.0,33.0,120544.90945846554
10,256.8148616287166,1.0582779584462014,1748.4711689972878,6,68.55226516723633,51.225399017333984,88.7332992553711,3636333.9665510235
11,82.10511776651529,1.125255678138998,51235.76541472534,1,11.0,11.0,11.0,31210.841022398457
12,140.7859461226834,1.0104373277037428,52693.22763922544,1,30.435400009155273,20.112699508666992,38.19350051879883,355180.5448611813
13,495.9777379274251,1.0198490699799099,2005.2860306260043,6,53.28127899169922,33.0,79.70829772949219,4004226.701934943
14,98.70046452453035,1.0175812251356264,52033.3344694681,1,21.67693265279134,11.0,33.91809844970703,182670.2154222561
15,162.86873322352267,1.0074376185267624,51535.84429095586,1,36.94033241271973,11.0,79.70829772949219,1250609.164990791
16,354.48306409699376,1.0421309546545894,2501.2637685534296,6,55.807674407958984,33.0,79.70829772949219,3491695.3509048773
17,191.50055735924903,1.2188837562034216,51511.36489753884,1,27.397833506266277,11.0,38.19350051879883,578014.9669355807
18,87.29861327151067,1.0605243913135207,51709.83673212196,1,14.037566502888998,11.0,20.112699508666992,52954.59347111176
19,445.65619519978526,1.0291821573412159,2855.746832650423,6,53.105620574951175,36.037601470947266,77.0,4685393.404819398
20,102.13644147582818,0.9999999743875095,3301.403027850208,6,45.151100158691406,36.037601470947266,54.26459884643555,663018.2472763823
21,152.4143622943562,0.9999999646921408,3403.5394693260364,6,67.30639839172363,54.26459884643555,80.34819793701172,2196291.9877237715
22,119.36554429417328,1.0000000397383704,3555.9538316203925,6,78.8849983215332,77.42179870605469,80.34819793701172,2333820.6730875876
23,94.9657453878188,1.0174382039931291,51830.46987035318,1,26.856699625651043,11.0,58.570098876953125,328956.56872594234
24,127.6651607004116,1.0039681519994883,51946.02434421361,1,23.291099548339844,11.0,47.87329864501953,290168.21442242863
25,136.17905831716382,1.0526008177806727,51622.276956209564,1,28.28890037536621,11.0,53.75400161743164,479138.695744612
26,111.66148730879839,1.013837934286249,52046.60486485007,1,29.241200129191082,21.723600387573242,33.0,317305.40830976097
27,100.76991488320664,1.065331681113341,52456.61525488081,1,22.555365880330402,11.0,36.55339813232422,192270.29261575636
28,117.42724582672307,1.0467898974873482,51288.61499374689,1,21.370899836222332,11.0,33.0,208991.56261489232
29,1578.3064458067333,1.0173313892364393,3675.3193759145656,6,64.75063896179199,55.0,77.42179870605469,20403538.393733617
30,244.7470245691885,1.0000000001350606,5253.625821721298,6,67.94114875793457,60.97809982299805,74.9041976928711,3561647.570723046
31,136.3153532995459,1.005148628276194,52426.400692722375,1,20.06450017293294,11.0,38.19350051879883,247769.11145656605
32,141.29426448263075,1.118007921088426,52411.87694703397,1,27.446032842000324,11.0,51.225399017333984,468394.6760538712
33,100.68280689591244,1.0786893084746314,51994.95068762348,1,21.370899836222332,11.0,33.0,181493.08532138815
34,80.30619387720347,1.012405940214238,51899.88139995967,1,14.037566502888998,11.0,20.112699508666992,62799.89664930596
35,180.94706390953365,1.0002078072813085,51842.81200519002,1,32.28403345743815,30.852100372314453,33.0,601598.8986921151
36,99.63306722937982,1.1031982936162574,52290.011114906214,1,21.562665939331055,11.0,33.57529830932617,196635.98683832027
37,127.3540730047543,1.005616255218007,51802.6992849398,1,24.308732986450195,11.0,41.813499450683594,326063.8873247616
38,139.90181926858392,1.0315941552244032,51718.551806393945,1,30.435400009155273,20.112699508666992,38.19350051879883,361089.98920723685
39,143.09508565055359,1.0136997731625408,51006.24329754793,1,21.925533294677734,11.0,43.7765998840332,327790.05151228234
40,112.91341628660979,1.0040132818971645,51277.08532161726,1,21.370899836222332,11.0,33.0,222582.63554337082
41,117.276419491925,1.087864270078177,51273.481028360766,1,23.395933787027996,11.0,48.187801361083984,280093.7708059354
42,156.5787435234744,1.0065262851219081,51704.51120476945,1,18.333333333333332,11.0,33.0,209639.70317702243
43,146.75598864531185,1.1932958498807091,52132.921469070505,1,38.76056671142578,11.0,54.05630111694336,895341.2526897665
44,179.59086854463442,1.0795995738113071,51008.64817070548,1,47.99423344930013,33.0,59.757301330566406,1523351.9839504338
45,103.63863556823547,1.0337168878159306,51516.238655184316,1,23.05650011698405,11.0,38.056800842285156,223184.9162620455
46,172.61327306201537,1.0113904039713464,52040.74376068475,1,34.40030034383138,11.0,59.20090103149414,770303.8082798468
47,188.6580290511523,1.0122076373134805,51643.908432612756,1,31.54403305053711,11.0,45.4385986328125,801524.0299415797
48,88.51345041102954,1.0302714109314208,51524.7662276847,1,12.518766721089682,11.0,15.556300163269043,42679.73462167116
49,84.77416532482744,1.0487548044010138,51119.6935995865,1,11.0,11.0,11.0,32225.433592237754
50,109.19163745594147,1.045192356131085,51418.172878719146,1,23.462100346883137,11.0,39.27360153198242,233532.83741301324
51,150.19476382156617,1.0653222280124057,51507.15612337892,1,48.30569966634115,33.0,78.91709899902344,1294912.2981456527
52,100.33051451093148,1.0462454125529683,51392.695207403165,1,21.370899836222332,11.0,33.0,170369.081728019
53,91.99389210774521,1.0141725861675683,50557.72616862464,1,17.075133005777996,11.0,20.112699508666992,98282.38454179934
54,194.0209020125367,1.2472135958186605,51448.92130635316,1,34.73116683959961,33.0,38.19350051879883,773728.8263325588
55,184.81060357031288,1.0112991754119613,51269.25818579841,1,46.50519943237305,33.0,68.32209777832031,1436861.3683238178
56,106.48961265587965,1.054482755366692,51298.43960979674,1,20.932466506958008,11.0,31.68470001220703,176295.65943275706
57,151.92339707964948,1.054087585559942,50275.69606191484,1,40.00249926249186,11.0,88.8947982788086,1301440.2975875696
58,174.64848115777195,1.023018469428243,51424.245421714106,1,36.74043273925781,33.0,44.22129821777344,729206.0206895662
59,223.06252713180348,1.0512056296209755,51100.783582076925,1,44.293965657552086,33.0,66.88189697265625,1582895.886682128
60,86.8331333689012,1.0192202912973372,51081.95054994077,1,17.38966687520345,11.0,30.16900062561035,91360.0295528205
61,150.28354706555658,1.0183158149915001,51071.87427497203,1,39.49990018208822,11.0,87.38700103759766,1180868.7796253304
62,225.15100252979565,1.171571826672962,51032.63514765617,1,30.34866714477539,11.0,41.852500915527344,891683.3937469682
63,85.001472713438,1.0326181795099634,51017.098169792574,1,17.075133005777996,11.0,20.112699508666992,92814.27253040537
64,198.40475513375128,1.0856875167784243,50201.02916056617,1,56.73116683959961,33.0,99.0,2546372.6820232864
65,124.67044876244061,1.000439955174087,51083.0236443169,1,29.69023323059082,11.0,57.95800018310547,507274.984138644
66,102.8092581441831,1.0384769548427384,50794.166047579674,1,21.89023272196452,11.0,34.55799865722656,185223.82860895502
67,10798.0739595908,1.0599539614084796,5498.372846290486,6,58.514989460984324,33.0,107.4739990234375,125778679.73106715
68,120.07827507042535,1.0117751911084323,50534.270847276246,1,23.083267211914062,11.0,47.24980163574219,261134.3618166086
69,173.30235989906907,1.0279278961091656,50541.54244399908,1,25.614999771118164,11.0,45.7322998046875,532939.8455800703
70,506.37421974788447,1.0570487432850908,16296.446805881284,6,56.20131912231445,38.19350051879883,68.32209777832031,5470032.043454188
71,85.001472713438,1.0326181795099634,50403.95464688693,1,17.075133005777996,11.0,20.112699508666992,92814.27253040537
72,179.33547639722252,1.4193316567458025,50948.5632365482,1,31.951499938964844,11.0,51.85449981689453,705555.3815136786
73,281.0390672468536,1.3640045266246645,50900.62976363259,1,43.795667012532554,38.19350051879883,55.0,1624209.782675492
74,151.04560865691832,1.1189894144472246,50513.089944731226,1,33.019932428995766,11.0,67.94709777832031,826612.2927449514
75,906.152934388246,1.1168169651759225,16802.82102562917,6,51.93619961208768,33.76060104370117,77.0,8251038.022368303
76,192.38907657750116,1.0228585810670656,50752.91404626516,1,51.0178337097168,33.0,81.86000061035156,1929278.0499445223
77,162.96011369908553,1.0919727024445178,50749.721316790354,1,26.671166737874348,11.0,36.01350021362305,286014.3316113892
78,159.2278956782893,1.005813811060676,50749.721316790354,1,34.00450007120768,33.0,36.01350021362305,580172.6151708139
79,100.61533131796855,1.0036518408334676,50273.58184252262,1,25.399799982706707,20.112699508666992,33.0,177847.6171473562
80,1056.4246661777936,1.0525513491646201,17708.973960017418,6,52.04561063978407,33.76060104370117,68.32209777832031,10138583.121379517
81,297.30749919769016,1.0044859924737997,50149.18799399431,1,44.98569997151693,38.19350051879883,58.570098876953125,1999200.8608481337
82,222.29068420529853,1.0214027195314268,50336.09639810743,1,42.09896723429362,33.0,55.10340118408203,1236003.7071044329
83,91.99389210774521,1.1597506784560394,50003.04657915541,1,14.037566502888998,11.0,20.112699508666992,56626.327466517236
84,427.3808269259456,1.0489608364884782,18765.398626195216,6,40.27288309733073,33.0,51.225399017333984,2077499.2218720652
85,122.81666528902848,1.0192342144735318,50500.996241381006,1,25.666666666666668,11.0,55.0,404374.614813766
86,241.77308998610795,1.01030252537543,20930.115595410593,1,69.9846674601237,33.0,121.9540023803711,4455611.533162977
87,129.5085029344251,1.0023803591446454,18765.398626195216,1,19.510766347249348,11.0,36.53229904174805,217481.1332881306
88,143.29112767124937,1.0050136927125561,5784.602992041851,1,37.81693204243978,11.0,82.33809661865234,1062806.004670787
89,139.24148423314477,1.008319624627322,3672.1903630926067,1,24.408466339111328,11.0,51.225399017333984,414566.561163805
90,153.0160599247304,1.0000000501819026,3468.3355781392875,2,54.64979934692383,36.650001525878906,72.64959716796875,1487616.978330012
91,67.7458247432527,0.9999999708035343,3621.351638064018,1,34.82500076293945,33.0,36.650001525878906,258352.14451608944
92,120.91439428335524,1.1379495992928919,3201.4247914679545,1,22.717365900675457,11.0,37.039398193359375,261443.05448588624
93,134.63921578439604,1.0089193039382942,3326.771120679714,1,27.446032842000324,11.0,51.225399017333984,440107.9710011715
94,210.263647534644,1.0074424701807005,2984.6283448887507,1,40.333333333333336,11.0,77.0,1552820.2883394097
95,161.91040398346559,1.07570572079299,1410.1545955960394,1,27.446032842000324,11.0,51.225399017333984,611880.7876425788
96,66.0,1.0,53381.38652932137,1,33.0,33.0,33.0,225798.83038411278
97,118.4736257569591,1.0000000048437248,52625.98102681521,1,45.78504943847656,33.0,58.570098876953125,800502.718237813
98,142.57629536497294,1.0000000099571984,52525.16436152618,1,44.0,33.0,55.0,885232.5815119518
99,110.31039907383776,1.000000043393267,52675.3587680687,1,35.51289939880371,33.0,38.02579879760742,437786.94406987756
100,98.38699100999075,0.9999999756247011,52347.10299265808,1,35.596750259399414,33.0,38.19350051879883,392353.8863486133
101,90.59792830117533,1.0000000554357822,52287.89537398504,1,34.54804992675781,33.0,36.096099853515625,339942.7283547783
102,103.77379245262264,0.9999999650304753,52914.960633057475,1,33.0,33.0,33.0,355030.3299959368
103,72.9657453878188,1.0000000187658487,52731.968074966346,1,35.596750259399414,33.0,38.19350051879883,290977.417281369
104,53.88877434122992,0.9999999901538631,52003.99435057455,1,26.556349754333496,20.112699508666992,33.0,121737.77096189391
105,121.8149826712804,0.9999999629656672,51831.075657545625,1,34.442649841308594,33.0,35.88529968261719,454252.7976580979
106,84.5400314367185,1.0000000000427374,52743.451301800786,1,33.0,33.0,33.0,289227.8820944143
107,49.193495504995376,0.9999999756247011,52225.29226593485,1,22.0,11.0,33.0,81033.5815026829
108,49.193495504995376,0.9999999756247011,51829.08019979487,1,22.0,11.0,33.0,81033.5815026829
109,85.9127464349732,0.9999999556623735,51892.492315662996,1,33.0,33.0,33.0,293924.220003172
110,146.51648878453335,0.9999999592780101,51693.69344936416,1,44.441650390625,38.19350051879883,50.68980026245117,915100.5379470533
111,106.48201359840404,0.9999999631986142,52108.73056400445,1,44.9820499420166,33.0,56.9640998840332,692878.118177024
112,67.80855403265875,0.9999999768411437,51890.9473049965,1,33.0,33.0,33.0,231986.2506848432
113,82.47058473478033,1.000000044623098,51460.58898531461,1,34.472299575805664,33.0,35.94459915161133,308072.8490109952
114,114.3153532995459,0.9999999991776364,52047.07539440117,1,64.11269950866699,51.225399017333984,77.0,1496072.8970125604
115,72.46651435881083,0.9999999968455566,52454.794516451606,1,35.596750259399414,33.0,38.19350051879883,288986.558523448
116,95.89577675789482,1.0000000199861383,51424.86950362709,1,38.19350051879883,38.19350051879883,38.19350051879883,439469.02864578774
117,95.67403727282054,1.0000000329678604,52268.035249190674,1,42.72475051879883,33.0,52.449501037597656,558134.6692615747
118,140.86873322352267,1.000000032553906,51823.78815891072,1,55.0,33.0,77.0,1410118.708733444
119,133.14090280601224,1.0000000236426907,51362.9227757512,1,45.561899185180664,33.0,58.12379837036133,890291.8161221236
120,133.07689917450958,0.9999999615082312,51746.06474220315,1,48.383750915527344,33.0,63.76750183105469,1011684.9901341485
121,138.64004229979136,0.9999999793261445,51734.65658291035,1,42.574249267578125,33.0,52.14849853515625,802772.8469793434
122,112.17842929904127,1.0000000057866645,51661.04517126489,1,42.11269950866699,33.0,51.225399017333984,634762.8366392878
123,135.6171080653175,0.9999999768411437,51663.01150578816,1,50.661048889160156,33.0,68.32209777832031,1137781.8952108223
124,7775.571299148374,1.0376115693644465,19192.779453121162,6,59.9246562257105,38.19350051879883,79.70829772949219,91399681.70189373
125,140.86873322352267,1.000000032553906,51940.5726003923,1,44.0,33.0,55.0,874630.5914928957
126,124.24517346224,0.9999999616853039,51473.03133015735,1,55.99820137023926,38.19350051879883,73.80290222167969,1265234.751383737
127,127.0711670118296,1.0000000001545757,51463.775895897255,1,49.097049713134766,33.0,65.19409942626953,996773.8641730443
128,140.86873322352267,1.000000032553906,51649.938050528195,1,67.0890007019043,33.0,101.1780014038086,2163322.134898263
129,221.56810395507424,1.0000000179605653,51507.15612337892,1,55.95854949951172,33.0,78.91709899902344,2301965.7867121324
130,66.0,1.0,51255.09935913296,1,33.0,33.0,33.0,225798.83038411278
131,132.0,1.0,51539.43290845059,1,35.596750259399414,33.0,38.19350051879883,526397.9638359277
132,100.81666528902848,0.9999999964253372,51330.886096032904,1,42.11269950866699,33.0,51.225399017333984,570472.1793515015
133,117.41164946863812,0.9999999817506187,50331.72478852407,1,57.15800094604492,33.0,81.31600189208984,1276834.5211142406
134,97.74840152145711,1.0000000377940585,50779.43382820792,1,26.251150131225586,19.502300262451172,33.0,216282.02156963927
135,167.80071816455532,0.9999999877814086,50241.71914418058,1,65.84079933166504,38.19350051879883,93.48809814453125,2419566.8999900897
136,98.38699100999075,0.9999999756247011,50989.139579408074,1,42.11269950866699,33.0,51.225399017333984,556723.8530244494
137,65.16087305147971,0.999999994450562,50874.44876385929,1,32.069950103759766,31.13990020751953,33.0,210598.4031423242
138,103.18914671611545,0.999999988050068,50999.408471384086,1,44.0,33.0,55.0,640684.3192188953
139,111.09736861332574,1.0000000205254005,50553.24343471701,1,46.0984001159668,33.0,59.196800231933594,761655.3688782315
140,138.1882773609976,0.9999999939412764,51071.00105402626,1,49.883949279785156,33.0,66.76789855957031,1121548.1957343598
141,128.2809416865966,0.9999999755410116,50787.130271457936,1,70.75180053710938,55.0,86.50360107421875,2050707.9878093225
142,120.49896265113655,1.0000000020646884,50882.14070367385,1,55.0,33.0,77.0,1206214.0612025387
143,128.2809416865966,0.9999999755410116,50882.14070367385,1,55.0,33.0,77.0,1284112.9611943448
144,146.4486274089679,1.0000000256181398,50407.86090868178,1,52.29274940490723,38.19350051879883,66.39199829101562,1288594.9484991007
145,110.14378458254251,1.0000000091989447,50845.053057053155,1,45.715850830078125,33.0,58.43170166015625,741825.1487044301
146,135.6171080653175,0.9999999768411437,50876.85606741291,1,45.78504943847656,33.0,58.570098876953125,916337.8430618636
147,190.5255888325765,0.9999999991776364,49828.520485811234,1,69.68575096130371,38.19350051879883,101.1780014038086,3104513.658755835
148,94.6316039830886,0.9999999675311921,49821.03047351229,1,39.07004928588867,33.0,45.140098571777344,457461.2569078116
149,150.28495615837102,0.9999999885060276,49567.46288984368,1,68.03350067138672,33.0,103.06700134277344,2378457.11961996
150,128.86935427238336,1.0000000001888463,48394.05740750274,1,62.784698486328125,33.0,92.56939697265625,1715624.8672818928
151,138.75313482093995,0.9999999388150299,47860.02654062011,1,79.48119735717773,68.32209777832031,90.64029693603516,2771824.744266165
152,110.0,1.0,26968.35075226954,1,50.661048889160156,33.0,68.32209777832031,922862.9585173085
153,100.23318573981344,1.0000000092320753,21223.808100605893,1,44.709449768066406,38.19350051879883,51.225399017333984,633904.7990254808
154,150.6418273801826,0.9999999796593462,21063.4586187584,1,57.24885177612305,33.0,81.4977035522461,1643820.6069798616
155,197.41853096246624,0.9999999880318781,20190.392990102595,1,61.600101470947266,33.0,90.20020294189453,2522529.6975138346
156,191.14532051565067,0.999999978072283,20907.345572660783,1,92.27649688720703,55.0,129.55299377441406,5391374.350630463
157,192.29596329666086,1.0000000198860373,20124.30138700219,1,69.89899826049805,33.0,106.7979965209961,3225805.18057129
158,195.29906763868942,0.999999976308461,20786.78474543357,1,90.33725166320801,38.19350051879883,142.4810028076172,5563146.547107567
159,198.0,1.0,19954.178737208887,1,81.43450164794922,33.0,129.86900329589844,4611487.05088457
160,184.32785202307528,1.0000000091211307,20679.2149080941,1,82.12969779968262,51.225399017333984,113.03399658203125,4090437.3580969926
161,177.77011588507045,1.000000027007274,19943.839791939114,1,79.69549942016602,33.0,126.39099884033203,3953039.842996701
162,134.16235791547768,1.0000000327949874,19868.283108948453,1,66.94350051879883,33.0,100.88700103759766,2050721.8960329278
163,93.9081133360868,1.0000000187824156,19192.779453121162,1,41.34305000305176,33.0,49.686100006103516,511109.1730394672
164,121.17434850021391,1.0000000130092368,17808.282627804096,1,58.99114990234375,33.0,84.9822998046875,1410472.6908393844
165,177.207632785324,1.000000036355944,17703.326952447867,1,72.08649826049805,33.0,111.1729965209961,3176452.2528418307
166,113.72327278873406,0.9999999873181371,16802.82102562917,1,35.596750259399414,33.0,38.19350051879883,453512.87875704997
167,96.15352307638031,0.9999999664102591,5609.546642855557,1,49.45690155029297,33.0,65.91380310058594,766141.7744008884
168,184.06520583749662,1.0000000273372291,4596.283565731084,1,58.95089912414551,38.19350051879883,79.70829772949219,2092617.9602038045
169,128.2809416865966,0.9999999755410116,4381.159000659101,1,42.11269950866699,33.0,51.225399017333984,725879.0963948837
170,131.35746188657674,0.9999999561137213,5253.625821721298,1,64.65009880065918,60.97809982299805,68.32209777832031,1726671.7710177
171,117.88057251801239,0.999999961237126,3620.8586588786643,1,35.09734916687012,33.0,37.194698333740234,456727.76105281094
172,78.98122256484464,0.9999999810687418,3628.194824532312,1,45.36804962158203,33.0,57.73609924316406,523361.3933094145
173,96.5995008631955,0.9999999823986562,3621.351638064018,1,34.82500076293945,33.0,36.650001525878906,368387.10005224583
174,70.76516957977704,1.0000000331158536,3174.100785528524,1,33.0,33.0,33.0,242101.39384695498
175,134.02229073238715,0.9999999824026801,3175.604414538279,1,68.67939949035645,51.225399017333984,86.1333999633789,2028758.8363741492
176,113.5187209230266,0.9999999858071599,2909.9435486427865,1,47.10619926452637,33.0,61.212398529052734,815013.5411211253
177,129.95639033708326,0.9999999996631477,2698.7499116300583,1,54.12065124511719,33.0,75.24130249023438,1256548.5718605388
178,20891.675788350607,1.1995787334937824,26968.35075226954,6,61.61246493435645,38.19350051879883,99.0,259393103.74141604
179,52.25189515833794,0.9999999857191195,47860.02654062011,6,94.82014846801758,90.64029693603516,99.0,1476843.2607131354
180,5791.328156869961,1.5441881950409733,47912.27843577845,1,29.912332838231865,11.0,99.0,19444027.3372492
181,481.7789717242872,1.2505959780389002,47912.27843577845,6,84.22287368774414,68.32209777832031,99.0,10268949.106197644
182,40.20200362644945,1.0000000036676167,48394.05740750274,6,95.78469848632812,92.56939697265625,99.0,1159185.4853027074
183,709.8912802330249,1.0032139061004082,48434.25941112919,6,84.9588737487793,78.78910064697266,99.0,15729192.933226474
184,952.0746857853148,1.0129369636801888,49144.150691362214,6,68.2940423148019,55.0,78.78910064697266,13795738.230994841
185,115.5,1.0,50096.22537714753,5,61.110849380493164,46.59669876098633,75.625,1380570.7858498595
186,332.3221280602078,1.031991647831477,50211.72537714753,5,47.39917469024658,33.0,55.0,2639144.2653170894
187,371.0337608217342,1.0049032723078173,50544.04750520774,5,40.74910068511963,33.0,53.60940170288086,1861593.7199437907
188,27.761562996982004,1.000000023398175,50915.081266029476,5,54.15570068359375,53.60940170288086,54.70199966430664,255797.83561860284
189,59.85006532338847,1.0000000334070467,50942.84282902646,5,48.74909973144531,42.796199798583984,54.70199966430664,449056.52702071524
190,175.97538200169316,1.0004015091187635,51002.69289434984,5,40.66143290201823,38.19350051879883,42.796199798583984,888440.2947144341
191,49.5,1.0,51178.668276351535,4,47.297048568725586,40.994598388671875,53.5994987487793,349933.9294511812
192,59.890834299423936,0.9999999915024448,51228.168276351535,4,48.27874946594238,42.95800018310547,53.5994987487793,440328.7363482595
193,237.81913941828276,1.0163165358242203,51288.05911065096,4,49.869466145833336,42.95800018310547,55.42499923706055,1898556.9080679226
194,76.81361372212453,0.9999999977936589,51525.87825006924,3,56.78504943847656,55.42499923706055,58.14509963989258,778285.8285495967
195,33.01575146067312,1.000000017436022,51602.69186379136,3,57.91135025024414,57.6776008605957,58.14509963989258,347857.0360075476
196,110.35712695110628,1.0000000237636946,51635.70761525204,3,60.722551345825195,57.6776008605957,63.76750183105469,1279422.9463614097
197,58.4788303055267,0.9999999668367805,51746.06474220315,3,66.0447998046875,63.76750183105469,68.32209777832031,801674.1945612982
198,32.83291031876401,1.0000000514237997,51804.54357250867,3,68.32209777832031,68.32209777832031,68.32209777832031,481483.7295857843
199,32.83291031876401,1.0000000514237997,51837.376482827436,3,68.32209777832031,68.32209777832031,68.32209777832031,481483.7295857843
200,70.58464944716624,1.0000000186278752,51870.2093931462,3,68.32209777832031,68.32209777832031,68.32209777832031,1035100.4846038707
201,60.809976868464304,0.9999999734148382,51940.79404259337,3,70.60574722290039,68.32209777832031,72.88939666748047,952700.1718537809
202,45.47137493933179,1.0000000094040051,52001.60401946183,3,74.94469833374023,72.88939666748047,77.0,802562.1040222363
203,24.379739936273964,1.0000000071748685,52047.07539440117,3,73.03469848632812,69.06939697265625,77.0,408944.0971321518
204,37.275429667011906,1.000000024011508,52071.45513433744,3,63.01674842834473,56.9640998840332,69.06939697265625,466463.80047261546
205,92.22148357335564,0.9999999416699824,52108.73056400445,3,44.9820499420166,33.0,56.9640998840332,600084.9083342244
206,153.44883232144758,0.9999999676841744,52200.952047577804,3,35.596750259399414,33.0,38.19350051879883,611932.9961918676
207,161.69547985190073,0.9999999969400569,52354.40087989925,3,47.10330009460449,38.19350051879883,56.013099670410156,1140510.7433374356
208,398.864273306326,1.0214381528391905,52516.09635975115,3,35.689920043945314,11.0,56.013099670410156,1710652.2750739222
209,80.0812087820857,1.0000000188145899,52914.960633057475,3,26.556349754333496,20.112699508666992,33.0,180907.94776520936
210,80.30619387720347,1.012405940214238,52995.041841839564,2,24.408466339111328,20.112699508666992,33.0,150670.10947851554
211,133.91056320719974,1.048284063057737,53075.348035716765,2,21.355640029907228,11.0,33.0,223898.24896808105
212,123.42392120460877,1.0164592248225048,53209.25859892396,2,19.656749725341797,11.0,28.736099243164062,137013.96358914487
213,697.9623516049772,1.9945779743438643,53332.68252012857,1,21.95296075608995,11.0,68.32209777832031,2518229.660227389
214,1080.4237766144101,1.0171859050386136,48434.25941112919,5,65.8386107550727,51.225399017333984,99.0,13184392.876571909
215,52.77970210008293,1.0000000164300433,49514.6831877436,5,101.03350067138672,99.0,103.06700134277344,1692802.305288017
216,44.00039062543348,0.9999999479917172,49567.46288984368,5,104.76200103759766,103.06700134277344,106.45700073242188,1517231.6449614905
217,175.15556746119316,1.0000000234460207,49611.463280469114,5,109.78250122070312,106.45700073242188,113.10800170898438,6633960.258585716
218,33.97570192006338,0.9999999330977265,49786.61884793031,5,113.27949905395508,113.10800170898438,113.45099639892578,1369686.9279629102
219,101.49975602820629,1.0000000016633666,49820.59454985037,5,113.45099639892578,113.45099639892578,113.45099639892578,4104228.192733777
220,25.46035753767708,0.9999999949592796,49922.09430587858,5,113.45099639892578,113.45099639892578,113.45099639892578,1029511.0253735178
221,6.825452338239717,1.0000000015400365,49947.55466341625,5,112.56199645996094,111.6729965209961,113.45099639892578,271690.16336975474
222,17.19440091397567,1.0000000073641504,49954.380115754495,5,109.44999694824219,107.22699737548828,111.6729965209961,647184.549203969
223,146.9318908633294,1.0000000415002122,49971.57451666847,5,95.16904830932617,83.11109924316406,107.22699737548828,4203151.89675152
224,82.52275303436976,1.0000000264154738,50118.5064075318,5,91.05554962158203,83.11109924316406,99.0,2154949.040178222
225,40.68998361440475,1.0000000060576293,50201.02916056617,5,96.24404907226562,93.48809814453125,99.0,1184414.84656567
226,33.97691773426046,1.0000000137568323,50241.71914418058,5,91.19144821166992,88.8947982788086,93.48809814453125,887838.3140601247
227,56.028726609231136,0.999999966519385,50275.69606191484,5,85.10540008544922,81.31600189208984,88.8947982788086,1275738.8606695824
228,88.41359130863255,1.0000000207105435,50331.72478852407,5,76.1745491027832,71.03309631347656,81.31600189208984,1614164.0841705482
229,60.68712539635809,0.9999999874222109,50420.13837983271,5,66.9347972869873,62.83649826049805,71.03309631347656,855249.2835025946
230,86.58091726655663,0.9999999989392373,50480.82550522906,5,58.91824913024902,55.0,62.83649826049805,945608.7801644643
231,330.95856831205606,1.019648926265198,50567.40642249562,5,58.493666330973305,55.0,61.9109001159668,3560039.5084544867
232,46.66904755831214,0.9999999839076634,50898.36499080767,5,65.11649894714355,61.9109001159668,68.32209777832031,622173.6187708384
233,246.87165871513844,1.0362874633380814,50945.03403836598,4,59.45996602376302,51.487701416015625,68.32209777832031,2878684.347324071
234,9.620745821015536,1.00000001685327,51191.905697081114,4,50.7049503326416,49.92219924926758,51.487701416015625,77713.02732995724
235,128.61155359120673,1.041614377673864,51201.526442902126,4,48.89526621500651,38.19350051879883,58.570098876953125,876595.4682229646
236,194.3946373413683,1.027178051021846,51330.13799649333,4,55.046199798583984,51.56850051879883,58.570098876953125,1877979.0399568053
237,135.025923436946,0.9999999907745776,51524.5326338347,4,55.06929969787598,51.56850051879883,58.570098876953125,1288162.8696798796
238,66.332495807108,0.9999999873974531,51659.558557271645,4,58.570098876953125,58.570098876953125,58.570098876953125,714871.7428629143
239,428.95948920381363,1.2734004672134518,51725.891053078754,2,35.96697153363909,20.112699508666992,58.570098876953125,1638812.804834535
240,434.7607230896318,1.1604787757326553,52154.85054228256,2,24.576663624156605,11.0,55.0,1335760.2329345401
241,115.19349550499538,1.0268774210102618,52589.61126537218,2,28.704233169555664,20.112699508666992,33.0,317398.2246008361
242,408.87126455489357,1.184939981042822,52704.804760877174,1,15.860106404622396,11.0,20.112699508666992,349881.30273339665
243,822.8244124560613,1.115451885918586,16296.446805881284,3,36.31736649407281,20.112699508666992,64.49099731445312,3473092.339169362
244,3559.943689756763,1.0511840767104894,17119.27121833734,3,33.16479761704154,11.0,113.03399658203125,17438676.920983516
245,39.353922939942585,0.9999999782063704,20679.2149080941,3,122.04249572753906,113.03399658203125,131.05099487304688,1844795.029193084
246,68.21591439952694,1.0000000371510471,20718.568831034045,3,136.76599884033203,131.05099487304688,142.4810028076172,4010925.07704267
247,110.33035992210567,0.9999999955543335,20786.78474543357,3,139.53050231933594,136.5800018310547,142.4810028076172,6749132.459615862
248,10.23046730510502,1.0000000452035727,20897.11510535568,2,133.06649780273438,129.55299377441406,136.5800018310547,569224.6430772106
249,316.46252794510906,1.0276748082500768,20907.345572660783,2,67.54932308197021,38.19350051879883,129.55299377441406,4512449.796912625
250,72.18806899205671,1.0000000611854802,21223.808100605893,1,44.709449768066406,38.19350051879883,51.225399017333984,456539.02598512656
251,245.38092867917496,1.0000000336987027,49144.150691362214,5,73.55559921264648,68.32209777832031,78.78910064697266,4177864.723779494
252,374.4491018304595,1.0047633656636348,49389.53162004139,5,61.68243281046549,55.0,68.32209777832031,4295644.273959486
253,245.62438263560745,1.0000000335714199,49763.98072187185,5,70.71674919128418,61.72520065307617,79.70829772949219,3879716.688863665
254,183.40415507741278,1.00112398944146,50009.60510450746,4,64.9739990234375,51.225399017333984,79.70829772949219,2219409.5415430944
255,58.71731671202586,1.0000000176812875,50193.00925958487,4,75.68765068054199,63.98830032348633,87.38700103759766,1065151.3024137777
256,118.4736257569591,1.0000000048437248,50251.7265762969,4,93.19350051879883,87.38700103759766,99.0,3236714.6729178913
257,31.11269837220809,1.000000024777335,50370.20020205386,4,95.16524887084961,91.33049774169922,99.0,885685.0487193445
258,196.52724183273972,1.0677044926065795,50401.31290042606,4,78.88419850667317,68.32209777832031,91.33049774169922,3595044.1369521646
259,54.942411617623335,0.9999999688318243,50597.84014225881,4,77.92390060424805,77.0,78.8478012084961,1048140.0641070928
260,134.34771758150694,1.0000000022058484,50652.78255387643,4,82.67570114135742,78.8478012084961,86.50360107421875,2886995.8545767474
261,62.22539674441618,1.000000024777335,50787.130271457936,4,90.66905212402344,86.50360107421875,94.83450317382812,1608203.9353779603
262,178.2410677802575,0.9999999673019198,50849.355668202355,4,90.79600143432617,86.75749969482422,94.83450317382812,4619313.226745466
263,107.18049959505856,0.999999960345808,51027.59673598261,4,82.35089874267578,77.94429779052734,86.75749969482422,2285686.507436712
264,110.23926818931413,1.0000000249223322,51134.77723557767,4,67.87064933776855,57.797000885009766,77.94429779052734,1607043.648137836
265,85.86959226592104,1.0000000175457189,51245.01650376698,4,54.511199951171875,51.225399017333984,57.797000885009766,802576.4606999373
266,56.826508862744575,0.9999999556490096,51330.886096032904,4,45.90690040588379,40.588401794433594,51.225399017333984,377916.21897841874
267,119.23855482283813,1.0095993276678106,51387.71260489565,4,38.67620086669922,33.0,42.44020080566406,523108.9916123527
268,60.321205356858925,1.0000000036089924,51506.95115971849,4,55.38114929199219,42.44020080566406,68.32209777832031,591803.0280539668
269,72.69389912063014,0.9999999732937488,51567.27236507535,4,54.52279853820801,40.7234992980957,68.32209777832031,693393.1193734842
270,122.48500989050802,1.0018200232377084,51639.96626419598,4,41.49066670735677,33.0,50.74850082397461,619963.078217131
271,61.33688482423448,1.0000000208571505,51762.45127408649,4,63.874250411987305,50.74850082397461,77.0,797248.4106308707
272,36.29867102604641,1.0000000859076033,51823.78815891072,4,65.93860054016113,54.877201080322266,77.0,500466.32583494653
273,160.23769091630436,1.0944884217236541,51860.086829936765,4,21.597980117797853,11.0,54.877201080322266,361058.6532888335
274,85.001472713438,1.0326181795099634,52020.324520853064,4,18.333333333333332,11.0,33.0,100594.7938075204
275,100.33051451093148,1.0462454125529683,52105.3259935665,4,28.704233169555664,20.112699508666992,33.0,226652.2674006535
276,86.82654517238004,0.9999999937467051,52205.65650807743,4,35.596750259399414,33.0,38.19350051879883,346252.40054134745
277,211.87570616644496,1.0516665076907672,52292.48305324981,3,38.19350051879883,38.19350051879883,38.19350051879883,970979.2643483188
278,66.25446066324444,1.000000076928233,52504.35875941625,2,45.33625030517578,38.19350051879883,52.479000091552734,431354.9134326348
279,64.51797533546709,1.000000007470034,52570.6132200795,2,47.73850059509277,42.99800109863281,52.479000091552734,463439.76933543093
280,193.0153392100891,1.0480883964037,52635.131195414964,2,31.740700244903564,20.112699508666992,42.99800109863281,627021.5391093602
281,499.25774345978294,1.0822719331715782,52828.146534625055,1,14.847976347979378,11.0,30.852100372314453,399987.5511716527
282,2159.309148931039,1.2272958536110794,17708.973960017418,2,26.524559831619264,11.0,100.88700103759766,9547867.63975754
283,75.55668299065998,1.0000000558347375,19868.283108948453,2,113.63899993896484,100.88700103759766,126.39099884033203,3078198.5659151496
284,10.338945269773983,0.9999999884881913,19943.839791939114,2,128.13000106811523,126.39099884033203,129.86900329589844,533278.9472749518
285,48.37701061910228,1.000000005656474,19954.178737208887,2,127.53100204467773,125.19300079345703,129.86900329589844,2472117.416116073
286,76.23243753137369,1.0000000052154259,20002.555747827988,2,121.50650024414062,117.81999969482422,125.19300079345703,3536893.1379079376
287,45.51320164282912,0.9999999774920869,20078.78818535936,2,112.30899810791016,106.7979965209961,117.81999969482422,1804948.4792275543
288,66.09160310040504,0.9999999540072959,20124.30138700219,2,98.49909973144531,90.20020294189453,106.7979965209961,2019236.1979442649
289,224.23691964078995,1.035833226881552,20190.392990102595,1,58.141867319742836,33.0,90.20020294189453,2884817.9113845504
290,190.2627238277073,1.0129400371991242,51178.668276351535,4,37.3960329691569,33.0,40.994598388671875,799634.3386553469
291,53.88877434122992,0.9999999901538631,51368.93100017924,4,35.596750259399414,33.0,38.19350051879883,214901.0709556212
292,238.22539674441617,1.0938362909808923,51422.81977452047,4,36.6450798034668,33.0,51.225399017333984,954233.2777112568
293,22.04146837843586,1.0000000322941236,51661.04517126489,4,46.30604934692383,41.38669967651367,51.225399017333984,149037.8553342555
294,85.63379085737265,1.074175324274286,51683.08663964332,4,31.499799728393555,20.112699508666992,41.38669967651367,232897.67463480623
295,186.53159062161964,1.1872567315872498,51768.72043050069,4,28.798375129699707,11.0,38.19350051879883,525731.7942371599
296,54.44722215136416,0.999999972230615,51955.25202112231,4,43.89495086669922,38.19350051879883,49.59640121459961,331428.79382237047
297,169.94180392293433,1.0000000055573066,52009.69924327367,4,62.58225059509277,49.59640121459961,75.56809997558594,2121002.6198090925
298,356.9208833268988,1.058722492566982,52179.64104719661,4,60.16344928741455,38.19350051879883,75.56809997558594,3944362.5845883777
299,127.33420593069248,1.0000000023815365,52536.56193052351,3,52.608598709106445,36.89509963989258,68.32209777832031,1140079.5201071922
300,142.56482431620697,1.0876158800664666,52663.896136454205,3,34.29836654663086,33.0,36.89509963989258,507329.10550137365
301,258.10511776651526,1.0940193564663463,52806.46096077041,3,36.037566502889,33.0,51.225399017333984,1030690.6580893476
302,178.70832376358854,1.007547226341632,53064.566078536925,3,39.07513300577799,33.0,51.225399017333984,814339.1082058584
303,124.62611290723069,1.0823896542578144,53243.274402300514,2,34.63499959309896,33.0,37.904998779296875,459673.9298026768
304,106.89513670286084,1.0053786844977042,53367.90051520775,2,26.043465932210285,20.112699508666992,37.904998779296875,230206.94450567078
305,421.29972085314984,1.182263925121412,53474.79565191061,1,13.873242786952428,11.0,33.0,309755.0370828665
306,98.38071697447681,1.0000000260007555,50096.22537714753,5,68.73855018615723,61.85210037231445,75.625,1465247.9197526777
307,61.23011740454421,0.9999999935765703,50194.606094122006,5,57.97249984741211,54.092899322509766,61.85210037231445,647450.9400815875
308,199.35241565565886,0.9999999932956487,50255.83621152655,5,52.659149169921875,51.225399017333984,54.092899322509766,1737106.1426374225
309,256.00291197795264,1.0122963442964095,50455.18862718221,5,56.04913330078125,51.225399017333984,65.69660186767578,2498261.557639008
310,679.8846505791462,1.064158084357145,50711.19153916016,4,40.21123377482096,33.0,65.69660186767578,3486625.2326361258
311,21.367878937909953,1.0000000457558245,51391.0761897393,4,64.16654968261719,60.01100158691406,68.32209777832031,276780.4281494431
312,60.58726148013384,1.0000000046244484,51412.444068677214,3,71.0625,68.32209777832031,73.80290222167969,961672.9224153379
313,35.308515313761205,1.0000000473654542,51473.03133015735,3,75.40145111083984,73.80290222167969,77.0,630744.9437812824
314,24.0474920856698,1.0000000420859456,51508.339845471106,3,73.93159866333008,70.86319732666016,77.0,413170.3310483506
315,83.74240966106889,1.000000010850267,51532.38733755678,3,61.04429817199707,51.225399017333984,70.86319732666016,988814.611710088
316,214.73271924816316,1.0032246316801952,51616.12974721785,3,46.8814328511556,38.19350051879883,51.225399017333984,1358034.235514698
317,223.0133214068439,1.2873963202456407,51830.86246646601,2,19.350114004952566,11.0,51.225399017333984,354895.6385646799
318,452.8712645548936,1.204649395514157,52053.87578787284,1,15.288329180549173,11.0,20.112699508666992,380251.4399386214
319,139.02068416466074,1.0000000611814106,50420.13837983271,3,52.01654815673828,33.0,71.03309631347656,1234360.577409031
320,101.41498903022176,1.0000000332641519,50559.159063997366,3,42.11269950866699,33.0,51.225399017333984,573857.7795033137
321,107.90755466055818,1.0000000003159495,50660.57405302759,3,73.7856502532959,51.225399017333984,96.34590148925781,1903147.1329197818
322,95.84004782388128,0.9999999799690101,50768.48160768815,3,86.16875076293945,75.9916000366211,96.34590148925781,2246007.418010672
323,41.34978840645802,0.9999999937287838,50864.32165551203,3,71.34420013427734,66.6968002319336,75.9916000366211,662146.91305129
324,57.15767664977295,0.9999999991776364,50905.67144391849,3,63.0398006439209,59.3828010559082,66.6968002319336,714399.2705070195
325,82.61803417881201,0.9999999054277334,50962.82912056826,3,55.304100036621094,51.225399017333984,59.3828010559082,795291.0790839789
326,132.0,1.0,51045.447154747075,3,40.8062998453776,33.0,51.225399017333984,636660.6868322041
327,203.74754639909358,1.0328598077915139,51177.447154747075,3,40.8062998453776,33.0,51.225399017333984,1188786.3223187001
328,146.75820223096812,1.0000000562915183,51381.19470114617,3,33.0,33.0,33.0,502088.3113280153
329,188.08668213456377,1.0991517953411047,51527.95290337713,3,31.461240005493163,20.112699508666992,38.19350051879883,569904.4870194651
330,62.22539674441618,1.000000024777335,51716.039585511695,3,35.596750259399414,33.0,38.19350051879883,248146.37373904444
331,547.4093497365394,1.237981975693737,51778.264982256114,2,21.94148333867391,11.0,38.19350051879883,1451169.1796478853
332,400.0917465244061,1.1839300105289312,52325.67433199265,1,13.721735681806292,11.0,30.8789005279541,249526.6290593442
333,271.121882364046,1.1628431729456883,50942.84282902646,3,19.757588704427082,11.0,54.70199966430664,500227.7170819776
334,41.88079812062687,0.9999999947656948,51213.964711390494,3,19.445449829101562,18.778200149536133,20.112699508666992,49770.41153246692
335,284.8041402678906,1.1060209463143296,51255.84550951112,3,22.49297114780971,11.0,33.0,667420.4506285036
336,192.38037822383663,1.0305565743955403,51540.64964977901,3,44.5609327952067,20.112699508666992,58.570098876953125,1269093.9907885434
337,41.74144748643654,1.0000000009033245,51733.030028002846,3,52.45709991455078,46.34410095214844,58.570098876953125,362482.79939920345
338,20.554804791094465,1.0000000458689788,51774.77147548928,3,43.33565139770508,40.32720184326172,46.34410095214844,121464.95405203565
339,35.749377265254786,0.9999999737312657,51795.32628028037,3,38.10625076293945,35.88529968261719,40.32720184326172,163268.45529320775
340,95.63202643233419,1.111624381167203,51831.075657545625,3,33.9617665608724,33.0,35.88529968261719,338442.53327788133
341,161.55291090218628,1.0515734341098397,51926.70768397796,3,44.01053365071615,33.0,66.03160095214844,1110793.2883585205
342,10.218648834194374,0.9999999925305109,52088.26059488014,3,67.17684936523438,66.03160095214844,68.32209777832031,144885.4207171456
343,7.472470430256294,1.0000000196384846,52098.47924371434,3,68.8667984008789,68.32209777832031,69.4114990234375,111337.87090837979
344,122.68141032500016,0.9999999884402707,52105.9517141446,3,78.39925003051758,69.4114990234375,87.38700103759766,2379309.133235714
345,328.3714714920125,1.1355177378378594,52228.6331244696,3,61.67907524108887,33.0,87.38700103759766,3508277.949231544
346,21.356572847100225,0.9999999879307334,52557.00459596161,3,73.81024932861328,71.32929992675781,76.29119873046875,365660.7190401489
347,55.36970102862952,0.999999993554805,52578.36116880871,2,65.6705493927002,55.04990005493164,76.29119873046875,756716.7028386324
348,54.97250879046076,0.9999999545037495,52633.73086983734,2,47.55419921875,40.05849838256836,55.04990005493164,393781.33747553144
349,261.53072477340754,1.2830578958016146,52688.7033786278,1,17.26628854539659,11.0,40.05849838256836,351736.3483996152
350,157.1114254279427,1.0000000365995567,50009.60510450746,4,74.01519775390625,68.32209777832031,79.70829772949219,2709287.3743184567
351,140.3402439206969,1.0000000245274006,50166.7165299354,4,74.52149963378906,68.32209777832031,80.72090148925781,2454120.874424018
352,45.371693262087916,1.0000000133258686,50307.0567738561,4,75.22315216064453,69.72540283203125,80.72090148925781,807998.3813494263
353,230.8051566201227,1.0080845615623037,50352.42846711819,4,53.04810078938802,38.19350051879883,69.72540283203125,1681768.9009188921
354,181.44401437555373,1.0444253666095484,50583.23362373831,3,60.71969858805338,51.225399017333984,79.70829772949219,2002898.3558881073
355,80.37541893928471,0.9999999915718698,50764.67763811387,3,69.06999969482422,58.43170166015625,79.70829772949219,1214151.1338887222
356,55.576706579435005,0.9999999429998742,50845.053057053155,3,56.715850830078125,55.0,58.43170166015625,561803.0426504537
357,22.03325171068379,1.0000000409366723,50900.62976363259,3,55.0,55.0,55.0,209388.984097973
358,149.2112596287559,1.0000000113542746,50922.66301534328,3,71.19350051879883,55.0,87.38700103759766,2416896.2050918634
359,479.2307943115701,1.3159723317416787,51071.87427497203,3,48.03220062255859,38.19350051879883,87.38700103759766,3738010.045031186
360,147.54253548972946,1.0153705770754924,51551.1050692836,3,27.230299949645996,20.112699508666992,38.19350051879883,318925.1627969085
361,130.34019599722245,1.0909972646917503,51698.64760477333,2,29.602833429972332,20.112699508666992,38.19350051879883,421337.77564061095
362,156.70832376358854,1.0073592584538709,51828.987800770556,2,30.435400009155273,20.112699508666992,38.19350051879883,513158.0974168511
363,330.8621051325511,1.1087035580037645,51985.696124534144,2,20.867619705200195,11.0,33.0,520760.6276475738
364,242.54075004396208,1.2482878392456958,52316.55822966669,1,13.02504433525933,11.0,20.112699508666992,128855.64270108378
365,94.17570679968749,0.9999999385641842,50711.19153916016,4,67.00934982299805,65.69660186767578,68.32209777832031,1328663.9491793958
366,143.1959905883578,1.000000046800468,50805.367245959846,4,60.08829879760742,51.85449981689453,68.32209777832031,1634444.850313282
367,134.4604077686968,1.0000000321753757,50948.5632365482,4,54.90625,51.85449981689453,57.95800018310547,1274778.80782063
368,193.7802214352975,1.0000000466144279,51083.0236443169,4,56.479000091552734,55.0,57.95800018310547,1942372.6725831572
369,60.316326308557215,1.0000000027720486,51276.8038657522,4,55.0,55.0,55.0,573205.2144690737
370,95.15718536668895,1.0000000481367366,51337.12019206076,4,61.661048889160156,55.0,68.32209777832031,1141036.0213882206
371,78.29979747098061,1.000000005273004,51432.27737742745,4,68.32209777832031,68.32209777832031,68.32209777832031,1148240.5880566218
372,30.466431327038876,1.000000021760881,51510.577174898426,4,70.37564849853516,68.32209777832031,72.42919921875,474175.93983532826
373,108.89444430272832,0.999999972230615,51541.04360622547,4,86.8036003112793,72.42919921875,101.1780014038086,2601254.4566284018
374,166.0963575759565,0.9999999899036125,51649.938050528195,4,94.28250122070312,87.38700103759766,101.1780014038086,4646712.773452466
375,85.34790749132927,0.999999993805469,51816.034408104155,4,82.4990005493164,77.61100006103516,87.38700103759766,1827039.8626365154
376,109.08192521816692,1.0000000071477502,51901.38231559548,4,57.38290023803711,37.15480041503906,77.61100006103516,1175152.1978603816
377,293.2015126014882,1.0462447866691356,52010.46424081365,4,36.63545036315918,33.0,38.19350051879883,1181203.2680052684
378,176.6415441814041,1.0010067880897333,52303.665753415145,3,31.963233311971027,24.696199417114258,38.19350051879883,620979.1810230266
379,37.66279251435763,1.0000000081923583,52480.30729759655,2,27.975549697875977,24.696199417114258,31.254899978637695,93025.99337746827
380,697.6442081699292,1.2951532448062637,52517.9700901109,1,23.20738112926483,11.0,38.19350051879883,1539187.3387652587
381,155.07390400635916,1.0000000366981776,50597.84014225881,3,79.43000030517578,77.0,81.86000061035156,3074632.2223419556
382,129.22665740869218,1.000000025969548,50752.91404626516,3,79.43000030517578,77.0,81.86000061035156,2562161.9037898425
383,510.5545037293184,1.1405629248824047,50882.14070367385,3,43.170500074114116,33.0,77.0,3471242.157126387
384,200.70832376358854,1.0199941923769278,51392.695207403165,3,33.0,33.0,33.0,686662.1824822833
385,62.22539674441618,1.000000024777335,51593.403531166754,3,42.11269950866699,33.0,51.225399017333984,352103.0633536227
386,31.43596730373268,1.0000000258313504,51655.62892791117,2,42.15085029602051,33.07630157470703,51.225399017333984,178175.39318960437
387,42.347674187272084,1.00000006324983,51687.064895214906,2,22.038150787353516,11.0,33.07630157470703,70017.65540467825
388,149.52401001592685,1.0487298124979967,51729.41256940218,2,19.0450798034668,11.0,33.0,192295.4804911273
389,576.9307925840405,1.401738569181144,51878.9365794181,1,19.170682121725644,11.0,33.0,807229.1163906904
390,140.86873322352267,1.000000032553906,50370.20020205386,3,75.11269950866699,51.225399017333984,99.0,2581016.731919146
391,129.1901891119183,1.0183827657701081,50511.06893527738,3,39.07513300577799,33.0,51.225399017333984,589647.6268777801
392,109.46219240105957,0.9999999639232702,50640.2591243893,3,34.50675010681152,33.0,36.01350021362305,409730.2970159829
393,71.93525627342473,0.9999999904833441,50749.721316790354,3,45.87125015258789,36.01350021362305,55.729000091552734,482844.67179433483
394,10.371580916347598,0.999999984454821,50821.65657306378,3,57.14954948425293,55.729000091552734,58.570098876953125,106441.23289180206
395,423.07120515282804,1.1158673018545018,50832.02815398013,2,38.12726656595866,33.0,58.570098876953125,1812276.0980165587
396,731.2521476726295,1.2793594323829176,51255.09935913296,1,16.240504306295644,11.0,38.19350051879883,952539.85159485
397,201.63333057805696,0.9999999964253372,49947.55466341625,4,86.01054763793945,58.570098876953125,113.45099639892578,4845135.235924909
398,197.57629536497294,1.0025121019727188,50149.18799399431,4,54.89776611328125,51.225399017333984,58.570098876953125,1838611.509021698
399,55.0,1.0,50346.764289359286,4,56.73394966125488,54.89780044555664,58.570098876953125,556352.7082299785
400,46.66904755831214,0.9999999839076634,50401.764289359286,4,55.81584930419922,53.06159973144531,58.570098876953125,457136.8649626283
401,233.7832591486527,1.0274067549410242,50448.433336917595,4,48.48493321736654,38.19350051879883,54.19969940185547,1567601.1953156278
402,15.48777744392616,0.9999999828229212,50682.21659606625,4,54.38209915161133,54.19969940185547,54.56449890136719,143897.26604820747
403,251.70543997690768,1.0041097320838894,50697.704373510176,4,46.22103373209635,38.19350051879883,54.56449890136719,1608866.6817999447
404,210.3619044486661,1.0371089429132743,50949.40981348709,3,40.764034271240234,38.19350051879883,45.90510177612305,1069883.389219125
405,84.60347123475906,1.000000016383799,51159.77171793576,3,36.466400146484375,34.73929977416992,38.19350051879883,353710.8935801458
406,64.10036442931275,0.9999999960102279,51244.37518917052,3,44.86964988708496,34.73929977416992,55.0,412318.57500376226
407,54.44722215136416,0.999999972230615,51308.475553599834,3,56.561899185180664,55.0,58.12379837036133,547373.7326233166
408,17.184947542183185,0.9999999752489147,51362.9227757512,3,56.73604965209961,55.34830093383789,58.12379837036133,173821.25581277112
409,77.05244156164262,0.9999999624104698,51380.10772329338,2,42.933350563049316,30.518400192260742,55.34830093383789,458632.8873028032
410,618.7620371313915,1.2340723023268252,51457.16016485503,1,20.420387268066406,11.0,38.19350051879883,962667.9041981379
411,96.68923339572201,1.0000000157531856,50945.03403836598,4,64.30034828186035,60.27859878540039,68.32209777832031,1257536.4739971296
412,141.8122053027001,1.1281623333613442,51041.7232717617,3,50.424966176350914,35.996299743652344,60.27859878540039,1179823.3333836365
413,113.05308487608819,0.9999999960101907,51183.535477064404,3,57.852298736572266,35.996299743652344,79.70829772949219,1245256.0464823835
414,194.57508353302083,1.0238129883083893,51296.588561940494,3,70.42813110351562,58.570098876953125,79.70829772949219,2802158.4545419924
415,44.68064548234497,1.0000000110412752,51491.16364547351,3,76.35714721679688,73.00599670410156,79.70829772949219,818931.2490131281
416,61.36155212285692,0.9999999825740762,51535.84429095586,3,71.35109901428223,62.993900299072266,79.70829772949219,985891.316090415
417,105.29455448372478,0.9999999887901353,51597.205843078715,3,65.65799903869629,62.993900299072266,68.32209777832031,1426820.5160470079
418,25.46035753767708,0.9999999949592796,51702.50039756244,3,68.32209777832031,68.32209777832031,68.32209777832031,373367.71175617474
419,38.1051177665153,0.9999999991776364,51727.96075510012,3,68.32209777832031,68.32209777832031,68.32209777832031,558798.9306754225
420,233.2760906954067,1.0706213792035875,51766.06587286663,3,43.128899574279785,33.0,68.32209777832031,1229363.809926588
421,65.66582063752801,1.0000000514237997,51999.34196356204,3,38.19350051879883,38.19350051879883,38.19350051879883,300931.8499648756
422,170.2440649243398,1.0145553628870374,52065.007784199566,2,42.89733378092448,38.19350051879883,52.30500030517578,944886.0297802887
423,88.02277277387974,0.9999999889938024,52235.25184912391,2,47.23439979553223,42.16379928588867,52.30500030517578,619336.6688040765
424,23.82837076029129,0.9999999879268985,52323.27462189779,2,40.17864990234375,38.19350051879883,42.16379928588867,120945.0659047127
425,38.5,1.0,52347.10299265808,2,26.296350479125977,14.399200439453125,38.19350051879883,89344.17078181978
426,369.12912778244214,1.2521253211077952,52385.60299265808,1,15.709324995676676,11.0,33.0,427068.4614674474
427,67.56838667188529,0.9999999523343261,49389.53162004139,4,64.80219841003418,61.28229904174805,68.32209777832031,892277.262594036
428,165.3201515316309,0.9999999493075831,49457.10000671327,3,56.253849029541016,51.225399017333984,61.28229904174805,1647917.0783115546
429,62.61371530673563,0.9999999869237493,49622.4201582449,3,51.225399017333984,51.225399017333984,51.225399017333984,516166.7827321625
430,103.36814820762386,0.9999999942333583,49685.033873551634,3,53.03584861755371,51.225399017333984,54.84629821777344,913785.6132039176
431,360.42749419379237,1.1213439744012013,49788.402021759255,3,30.058542251586914,11.0,54.84629821777344,1365659.768160068
432,552.190646678997,1.086872326793707,50148.82951595304,2,32.83462227715386,20.112699508666992,52.09270095825195,1941705.829832734
433,68.64433158733029,0.9999999810849367,50701.02016263204,2,61.311052322387695,52.09270095825195,70.52940368652344,816756.175064198
434,168.0884801856033,1.0114323597895407,50769.664494219374,2,41.21403439839681,20.112699508666992,70.52940368652344,934642.9600310607
435,359.18407509476094,1.1875817386015277,50937.752974404975,1,22.533809852600097,11.0,33.0,730809.7471845605
436,250.52421067505944,1.0251624983453826,2855.746832650423,3,56.432333628336586,55.0,59.297000885009766,2501511.269674518
437,350.45148466408426,1.091187423713024,3106.271043325483,3,41.649879455566406,33.0,55.0,1884705.9693734343
438,158.09862923925962,1.0296133740479738,3456.7225279895674,3,43.262298583984375,36.02399826049805,51.225399017333984,1035107.1907674153
439,57.3692058637797,1.0000000067793544,3614.821157228827,3,46.88144874572754,42.537498474121094,51.225399017333984,397257.28027693625
440,473.2845933159845,1.0910306628447466,3672.1903630926067,3,41.00988698005676,20.112699508666992,68.32209777832031,2262924.391459675
441,1464.071686446965,1.0618074033700362,4145.474956408591,2,55.71435341468224,38.19350051879883,79.70829772949219,14886496.428333862
442,137.52091128042335,1.0256045149316977,5609.546642855557,1,32.34216753641764,11.0,65.91380310058594,662239.2401011267
443,241.34457534683,1.0465132941330808,50118.5064075318,3,62.706765492757164,38.19350051879883,83.11109924316406,2616641.890541138
444,236.02510662287585,1.0641015862134746,50359.850982878634,3,42.752299308776855,33.0,66.8156967163086,1392750.553903287
445,31.11269837220809,1.000000024777335,50595.87608950151,3,33.0,33.0,33.0,106442.58679503448
446,236.3164625090267,1.0688348784624508,50626.98878787371,2,22.0,11.0,33.0,596623.9173675468
447,197.44321288313955,1.1397869155067881,50863.30525038274,2,11.0,11.0,11.0,75054.62293126599
448,207.65344841617016,1.0487547899806573,51060.748463265874,1,12.301814215523857,11.0,20.112699508666992,109562.69784824704
449,115.09213225454857,0.9999999972733948,51725.891053078754,4,58.570098876953125,58.570098876953125,58.570098876953125,1240359.0632458548
450,129.21345470053998,0.9999999961331014,51840.9831853333,3,72.97854995727539,58.570098876953125,87.38700103759766,2190053.322637065
451,8.668754552332556,0.9999999970809922,51970.19664003384,3,85.99615097045898,84.60530090332031,87.38700103759766,201419.9450372423
452,30.162684585253107,0.9999999731776534,51978.86539458617,3,79.73740005493164,74.86949920654297,84.60530090332031,603230.4032113189
453,34.515893122614656,1.000000031689926,52009.028079171425,3,69.30620002746582,63.74290084838867,74.86949920654297,521969.2744527853
454,30.162684585253107,0.9999999731776534,52043.54397229404,3,58.875,54.00709915161133,63.74290084838867,329207.8999037844
455,170.2830128090481,1.0051081484864364,52073.706656879294,3,42.051666259765625,33.95439910888672,54.00709915161133,861906.8236844073
456,87.35667862735545,1.0752982592816653,52243.989669688344,3,21.689032872517902,11.0,33.95439910888672,121359.7672454981
457,165.03224659525858,1.0150899801306763,52331.346348315696,3,30.723933537801106,20.112699508666992,38.19350051879883,527821.8320214401
458,64.42674893102514,0.9999999805658314,52496.37859491095,2,33.43280029296875,33.0,33.8656005859375,226248.58178849582
459,315.85452452685837,1.1722460598013253,52560.805343841974,1,13.0,11.0,33.0,182400.16025697245
460,1490.0125224056014,1.1563616687800649,3106.271043325483,2,33.4732647895813,20.112699508666992,79.70829772949219,6588622.806602221
461,312.6554190549829,1.1968334225754125,4596.283565731084,1,37.18673934936523,11.0,79.70829772949219,2889212.862936034
462,100.81666528902848,0.9999999964253372,52536.56193052351,3,75.33009719848633,68.32209777832031,82.33809661865234,1802479.5563188498
463,53.35784783028028,0.9999999758083676,52637.37859581254,3,82.33809661865234,82.33809661865234,82.33809661865234,1136448.694380465
464,37.350501001718115,0.9999999728934824,52690.73644364282,3,82.33809661865234,82.33809661865234,82.33809661865234,795514.2485619207
465,510.65932683333654,1.1449530361488338,52728.086944644536,3,46.30479921613421,33.0,82.33809661865234,3400719.701698051
466,158.121173502311,1.006426991918524,53238.74627147787,2,39.07513300577799,33.0,51.225399017333984,755512.4397462389
467,64.70151843333622,0.999999932091054,53396.867444980184,2,40.03389930725098,33.0,47.06779861450195,329129.04770777514
468,33.034042658986685,1.000000009099348,53461.56896341352,2,40.83139991760254,34.595001220703125,47.06779861450195,174366.94511143898
469,366.0943139719991,1.1595053405207998,53494.60300607251,1,18.29330997467041,11.0,34.595001220703125,479250.1015418179
470,114.80601404234243,0.9999999915308792,50352.42846711819,2,62.80580139160156,55.886199951171875,69.72540283203125,1428458.774421221
471,82.24773315738001,0.9999999889061478,50467.23448116053,2,53.83334922790527,51.78049850463867,55.886199951171875,749181.5527032836
472,83.60816254625114,1.000000007415324,50549.48221431791,2,41.015249252319336,30.25,51.78049850463867,452011.36548003677
473,314.44751073934106,1.070227789121344,50633.090376864166,2,31.66966018676758,11.0,45.90480041503906,1159834.9691760507
474,51.87058378058403,1.0000000231348398,50947.5378876035,2,50.45240020751953,45.90480041503906,55.0,415919.4460070498
475,155.56349186104046,1.0000000002555316,50999.408471384086,2,49.397833506266274,38.19350051879883,55.0,1072634.0627361035
476,583.4991272241019,1.0525218557272729,51154.97196324513,2,42.10504313877651,33.0,55.0,3368520.1722223293
477,271.1807144706728,1.2098633746714633,51738.471090469226,1,22.323928560529435,11.0,37.15480041503906,544976.3717657219
478,170.1051177665153,1.0066273188344395,50849.355668202355,3,53.61150105794271,33.0,94.83450317382812,1956677.5980957737
479,203.60680774192136,1.039926185975526,51019.46078596887,2,30.042699813842773,20.112699508666992,46.94540023803711,548719.1223734325
480,291.8913826920775,1.041269301031297,51223.06759371079,2,39.43415985107422,33.0,51.225399017333984,1450921.4907916547
481,144.36845223247357,0.9999999878988894,51514.95897640287,2,39.83449935913086,33.0,46.66899871826172,726744.220588647
482,602.3438908682401,1.1348462514118587,51659.32742863535,1,28.454824606577557,11.0,51.225399017333984,2088590.8159942091
483,97.56446812444989,0.9999999973418686,51041.7232717617,3,53.40419960021973,46.52980041503906,60.27859878540039,878991.1609792612
484,199.05237138007308,1.1098024405234477,51139.28773988615,3,42.23717498779297,33.0,51.225399017333984,1043995.2863674995
485,138.44351285185934,1.0000000064211656,51338.340111266225,2,40.82394981384277,30.422500610351562,51.225399017333984,740542.4696271413
486,101.57931968435877,1.0124058945897623,51476.783624118085,2,33.920199712117515,20.112699508666992,51.225399017333984,344512.9199966482
487,52.17758139277826,0.9999999924425184,51578.36294380244,2,51.225399017333984,51.225399017333984,51.225399017333984,430134.74025115604
488,360.4532122165617,1.1481818734770606,51630.540525195225,1,18.300122774564304,11.0,51.225399017333984,558195.0985397452
489,161.37192480403664,1.1455482445580534,51567.27236507535,3,44.77403259277344,33.0,68.32209777832031,1109439.7567529369
490,140.03853897484026,1.0119244355321513,51728.64428987938,3,44.6102663675944,33.0,51.225399017333984,956403.8039386309
491,148.1182694145496,1.0080609854130826,51868.682828854224,2,38.535133361816406,33.0,49.60540008544922,645040.7589341688
492,29.399739597750305,0.9999999788649184,52016.80109826878,2,33.0,33.0,33.0,100582.22659201818
493,685.7450383096564,1.3270612266342143,52046.20083786653,1,26.27640696934291,11.0,38.19350051879883,1888423.1861330436
494,18.371173070873837,0.9999999571193029,50949.40981348709,4,43.678300857543945,41.451499938964844,45.90510177612305,110203.23752083367
495,125.17787344415146,1.0000000139006189,50967.78098655796,4,50.010799407958984,41.451499938964844,58.570098876953125,993173.0146281908
496,90.70832376358854,1.0000000346816338,51092.958860002116,3,45.78504943847656,33.0,58.570098876953125,612898.0784458274
497,93.41813785155645,1.000000013432903,51183.667183765705,2,33.0,33.0,33.0,319601.6057605084
498,76.72098753360193,1.000000027645686,51277.08532161726,2,34.674049377441406,33.0,36.34809875488281,290008.332277179
499,313.31156371753156,1.16924542016729,51353.80630915087,2,26.11412811279297,20.112699508666992,36.34809875488281,668051.1210499428
500,309.49358148994406,1.108705030724066,51667.11787286839,1,17.2225399017334,11.0,33.0,368512.69534279505
501,51.33182722004245,0.9999999639404535,51412.444068677214,3,66.75809860229492,65.19409942626953,68.32209777832031,718826.3331065917
502,78.25448919709521,1.0000000397818833,51463.775895897255,3,62.8130989074707,60.432098388671875,65.19409942626953,970437.3770756769
503,120.98112069381344,0.9999999654151319,51542.03038509435,2,64.3770980834961,60.432098388671875,68.32209777832031,1577152.0391514807
504,734.5604185788524,1.0810123361663746,51663.01150578816,1,20.156766573588055,11.0,68.32209777832031,1979180.0136171298
505,108.20435638277918,1.0000000281898054,50682.21659606625,3,45.40464973449707,36.60960006713867,54.19969940185547,709566.8527754174
506,23.61716141416956,1.0000000261272057,50790.42095244903,3,34.804800033569336,33.0,36.60960006713867,89959.06513081453
507,35.55435430630037,1.0000000703053105,50814.0381138632,3,28.337349891662598,23.674699783325195,33.0,90502.97168870035
508,180.15747186955906,1.0939222382436968,50849.5924681695,2,21.335466384887695,11.0,33.0,235386.74731359555
509,69.34701238163653,1.000000066768154,51029.74994003906,2,32.069950103759766,31.13990020751953,33.0,224127.89040706676
510,136.66846230464358,1.1258549034217429,51099.096952420696,2,18.912999788920086,11.0,31.13990020751953,160383.4176218995
511,22.0,1.0,51235.76541472534,2,11.0,11.0,11.0,8362.919643856028
512,167.428051671754,1.174304977628145,51257.76541472534,1,11.0,11.0,11.0,63644.8789362524
513,147.85944762556173,0.9999999751900636,51432.27737742745,3,52.75554847717285,37.18899917602539,68.32209777832031,1330331.587050974
514,117.3997395901259,1.0950113325584607,51580.13682505301,2,20.964499711990356,11.0,37.18899917602539,201344.6671001715
515,410.2646335824844,1.15803965644862,51697.53656464313,2,20.489309978485107,11.0,33.0,747093.0861225356
516,226.6630933716383,1.050855328955653,52107.80119822561,1,15.65301251411438,11.0,33.0,244133.7633502099
517,591.2489958281324,1.1289921433022994,49457.10000671327,4,43.8573853628976,33.0,61.28229904174805,3767659.1655328576
518,44.0,1.0,50048.3490025414,3,45.15024948120117,39.07509994506836,51.225399017333984,283488.80856628914
519,79.32212806020776,0.9999999970286895,50092.3490025414,3,51.225399017333984,51.225399017333984,51.225399017333984,653905.4107554368
520,164.42526750581965,1.0000000307413088,50171.67113060161,3,53.16440010070801,51.225399017333984,55.10340118408203,1460672.2352723514
521,118.99806590071266,0.9999999675417346,50336.09639810743,3,57.96199989318848,55.10340118408203,60.82059860229492,1256980.3366518263
522,57.995480723085294,1.0000000196454115,50455.09446400814,2,64.38384819030762,60.82059860229492,67.94709777832031,756033.5321941737
523,66.01402434265093,1.0000000229572812,50513.089944731226,2,61.01099967956543,54.07490158081055,67.94709777832031,775299.225075757
524,229.33629851630528,1.1157781361325774,50579.103969073876,2,52.95397472381592,38.19350051879883,68.32209777832031,2173775.964145237
525,72.88101176726832,0.9999999973158673,50808.44026759018,2,43.906349182128906,36.58729934692383,51.225399017333984,445474.76387087203
526,196.76338963926844,1.2063501310416946,50881.32127935745,1,23.37869987487793,11.0,38.19350051879883,501334.12382136955
527,57.7842566211848,1.0000000110711729,51602.69186379136,2,56.74720001220703,55.349300384521484,58.14509963989258,584704.0631394028
528,74.18046249780288,1.000000059705148,51660.476120412546,2,53.74889945983887,52.14849853515625,55.349300384521484,673452.3345718423
529,68.0427020294535,1.0000000045304211,51734.65658291035,2,46.98099899291992,41.813499450683594,52.14849853515625,473722.2366100531
530,97.18211501986822,1.0071523961957516,51802.6992849398,2,21.2711664835612,11.0,41.813499450683594,172987.13661868978
531,31.11269837220809,1.000000024777335,51899.88139995967,2,15.556349754333496,11.0,20.112699508666992,24330.3049128806
532,511.1296851416912,1.3028513600704619,51930.994098331874,1,16.746485573904856,11.0,33.0,805008.822491782
533,265.633808066415,1.0103432107884323,50805.367245959846,3,62.10513178507487,51.225399017333984,68.32209777832031,2973514.0376022346
534,9.38083151964686,0.9999999788080662,51071.00105402626,3,67.54499816894531,66.76789855957031,68.32209777832031,134461.13336136457
535,111.09455432198286,1.0000000291243543,51080.3818855459,2,68.32209777832031,68.32209777832031,68.32209777832031,1629164.7930415526
536,77.78174593052023,1.0000000002555316,51191.47643986789,2,68.32209777832031,68.32209777832031,68.32209777832031,1140643.5395768855
537,240.27087962073662,1.0352012489178581,51269.25818579841,2,35.59131622314453,11.0,68.32209777832031,1344144.8092744278
538,109.98561413068687,0.9999999594435911,51509.52906541915,2,43.22559928894043,35.225799560546875,51.225399017333984,652977.3285679189
539,379.41278435715674,1.225622370496662,51619.51467954984,1,25.998044119940865,11.0,51.225399017333984,1017689.3459579325
540,583.4908392314218,1.0581588501083032,2005.2860306260043,4,60.317498207092285,51.225399017333984,69.34649658203125,6372810.978135975
541,244.38583329775247,1.0445010527789962,2588.776869857426,3,59.530531565348305,54.24509811401367,69.34649658203125,2640637.820278232
542,340.9380823733459,1.0839489970152991,2833.1627031551784,2,32.24508285522461,20.112699508666992,54.24509811401367,1263910.5678213146
543,747.8482892240008,1.201625446649102,3174.100785528524,1,41.89671993255615,11.0,99.0,8030734.285262901
544,115.45579766243532,1.1615440608336196,52020.324520853064,3,24.629899978637695,11.0,38.19350051879883,307041.61387813103
545,63.503936885834094,1.0000000018621833,52135.7803185155,2,19.773849487304688,14.851499557495117,24.696199417114258,79618.18308865168
546,438.7455702643307,1.4512011649349257,52199.28425540133,1,14.560262441635132,11.0,33.0,466479.585868915
547,182.92085969998726,1.0727852914896827,51092.958860002116,3,46.59049987792969,33.0,58.570098876953125,1131840.7549793657
548,115.83992137195622,1.0000000114641905,51275.879719702105,3,43.19745063781738,38.19350051879883,48.20140075683594,682122.8168950947
549,11.034406431937143,1.000000065578897,51391.71964107406,3,38.94095039367676,38.19350051879883,39.68840026855469,52573.300921846814
550,72.22138033359889,0.9999999749725865,51402.754047505994,3,44.59955024719238,39.68840026855469,49.51070022583008,453135.88652952464
551,71.9932535838748,0.9999999717840296,51474.97542783959,3,44.534400939941406,39.558101654052734,49.51070022583008,450439.7320546518
552,75.3082747861007,1.0000000195286778,51546.96868142347,2,46.65605163574219,39.558101654052734,53.75400161743164,518974.7114621009
553,141.5474371643533,1.013855107548869,51622.276956209564,2,35.62223370869955,20.112699508666992,53.75400161743164,503996.3418786188
554,300.8469439211655,1.1317394925285171,51763.82439337392,1,15.933809852600097,11.0,33.0,280445.10771572567
555,160.39042833408107,1.0314401859320106,51525.87825006924,3,30.99376614888509,11.0,55.42499923706055,515054.2331998191
556,18.24252636613126,0.9999999648115976,51686.26867840332,2,29.778149604797363,26.556299209594727,33.0,51017.788780797906
557,600.7098220253355,1.5712256990673006,51704.51120476945,1,19.11180603504181,11.0,33.0,1007068.1542775647
558,25.28233080464551,0.9999999738145473,51422.81977452047,3,33.683349609375,33.0,34.36669921875,90127.45711795779
559,25.142553014897544,0.9999999874885329,51448.10210532511,2,35.050048828125,34.36669921875,35.7333984375,97049.10403372245
560,42.99399684430883,1.0000000273946374,51473.24465834001,2,36.89509963989258,35.7333984375,38.056800842285156,183924.0633927433
561,24.321611516163234,1.0000000045944444,51516.238655184316,2,35.51539993286133,32.9739990234375,38.056800842285156,96541.99619974977
562,54.214543441599275,1.0000000194169907,51540.56026670048,2,26.543349266052246,20.112699508666992,32.9739990234375,122346.62016246913
563,297.7175055209222,1.1636250456054273,51594.77481014208,2,20.951499727037216,11.0,33.0,496257.52188301866
564,167.68467639272575,1.1088423643212484,51892.492315662996,1,17.704233169555664,11.0,33.0,189279.5434162533
565,115.39727860997354,1.0483876728814416,50148.82951595304,2,34.586900075276695,33.0,37.76070022583008,420349.1363998115
566,227.49937406163338,1.0798908026681262,50264.226794563016,2,20.64556662241618,11.0,37.76070022583008,349316.5820159869
567,66.0,1.0,50491.72616862464,2,26.556349754333496,20.112699508666992,33.0,149097.70917218702
568,162.55591125534767,1.0346536972855378,50557.72616862464,2,18.593916257222492,11.0,20.112699508666992,176164.5588340242
569,126.10511776651529,1.1031336913456573,50720.28207987998,1,15.556349754333496,11.0,20.112699508666992,100528.04703389796
570,373.1893292627675,1.1152642074448087,49763.98072187185,2,20.095059967041017,11.0,61.72520065307617,953030.8774505453
571,330.8621051325511,1.1401178345830543,50137.170051134606,1,17.378889656066896,11.0,20.112699508666992,356286.65749862924
572,766.3378434302745,1.0422478286235175,3614.821157228827,2,31.647363142533735,11.0,51.225399017333984,3560072.528959257
573,999.9713399606156,1.5636390843014714,4381.159000659101,1,66.60924360487196,51.225399017333984,99.0,15099047.748976331
574,247.18472820668367,1.0421201566852516,52303.665753415145,3,35.596750259399414,33.0,38.19350051879883,1008913.7801350357
575,132.3300106671246,1.0754122232983192,52550.85048162183,3,39.07513300577799,33.0,51.225399017333984,650348.8555316865
576,80.45283363335459,0.9999999819813282,52683.18049228895,2,38.04124927520752,24.857099533081055,51.225399017333984,380408.3280718055
577,343.39573444265193,1.1627777958725116,52763.6333259223,1,14.747483253479004,11.0,33.0,312795.36564670684
578,306.05808001763546,1.0817159761252284,51639.96626419598,2,22.741862058639526,11.0,47.87329864501953,619128.2558509414
579,87.31012525448779,0.9999999770494781,51946.02434421361,2,40.89569854736328,33.91809844970703,47.87329864501953,463194.81232278404
580,61.23586157502806,1.0000000434025387,52033.3344694681,2,35.62299919128418,33.91809844970703,37.32789993286133,244313.86328176086
581,368.58573663765094,1.3522645868194358,52094.57033104313,1,24.2962220509847,11.0,37.32789993286133,837729.0387450559
582,104.53256222025296,0.9999999996593748,51816.034408104155,3,73.07305145263672,58.75910186767578,87.38700103759766,1775969.5692206179
583,82.50032552597095,0.99999996923656,51920.566970324406,2,49.56230163574219,40.365501403808594,58.75910186767578,643968.6577203057
584,351.4821442822457,1.2897547666987381,52003.06729585038,2,40.918460083007815,33.0,51.225399017333984,1824997.2823095475
585,57.32750690134273,0.9999999979468802,52354.54944013263,2,46.51664924621582,41.807899475097656,51.225399017333984,391030.51083033474
586,31.066679828733786,1.0000000266484645,52411.87694703397,2,48.187849044799805,45.150299072265625,51.225399017333984,226931.41736799592
587,121.69786594897347,1.0091609000506157,52442.9436268627,2,37.55103302001953,33.0,45.150299072265625,513818.5882096917
588,252.49519828114776,1.1475691034961362,52564.64149281167,1,20.105112314224243,11.0,34.50279998779297,312556.15781522443
589,185.08101664274187,1.034870298691197,50583.23362373831,3,36.32159996032715,20.112699508666992,53.835601806640625,715868.6728314939
590,69.22888077079828,0.9999999846142363,50768.31464038105,3,56.202850341796875,53.835601806640625,58.570098876953125,687401.728616404
591,45.17471251784167,1.0000000707868044,50837.54352115185,2,54.931400299072266,51.292701721191406,58.570098876953125,428865.7069875756
592,236.9753659168067,1.051418647923067,50882.71823366969,2,16.036587715148926,11.0,51.292701721191406,406468.7762541609
593,155.96766082982282,1.2069862011778871,51119.6935995865,1,14.037566502888998,11.0,20.112699508666992,130922.14258611918
594,103.98933614564976,1.0000000196097463,52043.54397229404,2,50.42625045776367,37.10960006713867,63.74290084838867,850026.0613554211
595,66.7695447974966,0.9999999743701649,52147.53330843969,2,35.054800033569336,33.0,37.10960006713867,258059.82854549258
596,167.4906673131748,1.0455845956585186,52214.30285323719,2,29.411266962687176,22.233800888061523,33.0,532090.2256963926
597,188.61496145639816,1.223997271990486,52381.79352055037,2,16.53896681467692,11.0,33.0,232971.39330262528
598,181.33809511662426,1.1216813385645377,52570.408482006766,1,11.0,11.0,11.0,68932.54084043561
599,408.17822275654447,1.1436275557938453,51926.70768397796,2,23.970563368363813,11.0,33.0,850986.1837137933
600,252.18249627811127,1.1081546720012228,52334.885906734504,1,19.889342716762,11.0,33.0,438586.9938034131
601,106.0801583709225,0.9999999653335999,51778.264982256114,2,33.0,33.0,33.0,362920.85632533766
602,170.19349550499538,1.0224275250959725,51884.34514062704,2,19.889342716762,11.0,33.0,255821.42242971214
603,264.540750043962,1.1624600137696748,52054.538636132034,1,16.467619705200196,11.0,20.112699508666992,242621.4821091502
604,139.66147968216913,0.9999999707687531,52516.09635975115,2,55.50654983520508,55.0,56.013099670410156,1351845.4617216436
605,38.1051177665153,0.9999999991776364,52655.75783943332,2,50.798349380493164,46.59669876098633,55.0,309614.74799876724
606,38.1051177665153,0.9999999991776364,52693.86295719983,2,42.39509963989258,38.19350051879883,46.59669876098633,215865.90492432195
607,169.2268694578542,1.0565953936976828,52731.968074966346,2,24.483779907226562,11.0,38.19350051879883,303286.8851530091
608,82.3164625090267,1.000000034662144,52901.1949444242,2,33.0,33.0,33.0,281620.61078230303
609,233.1065904799533,1.1425695465556795,52983.51140693323,1,15.469488779703775,11.0,33.0,200644.55611062382
610,161.51717449550972,1.0000000517456726,50370.20020205386,2,74.47900009155273,49.95800018310547,99.0,2916427.339361077
611,48.69845833815419,0.9999999735702123,50531.717376549364,2,44.07575035095215,38.19350051879883,49.95800018310547,298975.2955106162
612,175.29285703035612,1.008980855642433,50580.41583488752,2,32.28795003890991,20.112699508666992,38.19350051879883,549012.6009875853
613,38.45735566180144,1.00000000422634,50755.70869191788,2,36.201799392700195,34.55799865722656,37.84560012817383,158448.44166174193
614,80.28271627961801,1.0000000178851451,50794.166047579674,2,32.84894943237305,31.13990020751953,34.55799865722656,272399.6679753434
615,315.79330135499623,1.1514384195476992,50874.44876385929,1,17.03652992248535,11.0,33.0,381721.3211666879
616,12.258657704687863,1.0000000203320412,53243.274402300514,2,33.39949989318848,33.0,33.79899978637695,42962.88347384248
617,551.047433339247,1.1781385161477305,53255.533060005204,1,17.97791315714518,11.0,38.19350051879883,868896.9768955465
618,69.46070382097474,1.00000004077421,51380.10772329338,2,44.7494010925293,34.1505012512207,55.34830093383789,445153.2068215077
619,109.42938445618807,1.0908143936506154,51449.568427114355,2,24.565800189971924,11.0,34.1505012512207,188634.65450697998
620,503.22461133395177,1.2191800720692008,51558.997811570545,1,17.69218333562215,11.0,38.19350051879883,916775.57807868
621,162.90820364032862,1.007681765957164,51045.447154747075,2,46.8814328511556,38.19350051879883,51.225399017333984,1030280.4600364703
622,66.0,1.0,51208.3553583874,2,51.225399017333984,51.225399017333984,51.225399017333984,544082.1878715326
623,33.0,1.0,51274.3553583874,2,41.16904926300049,31.112699508666992,51.225399017333984,179208.45288951654
624,211.17842929904128,1.0715300165781507,51307.3553583874,2,27.028174877166748,11.0,33.0,541962.2628954962
625,245.21781613872338,1.0877639945755533,51518.53378768644,1,13.444444444444445,11.0,33.0,176844.5094124321
626,311.0207416483589,1.2785881462326791,50849.5924681695,2,18.483432981703018,11.0,23.674699783325195,363537.11055257014
627,213.54833064965487,1.1283858499166624,51160.61320981786,1,13.278174877166748,11.0,20.112699508666992,121496.82186077141
628,79.16968674437183,1.000000017438522,51840.9831853333,3,50.53215026855469,42.49420166015625,58.570098876953125,640459.7325447298
629,243.16538225389917,1.19875855830745,51920.15287207768,2,21.784885951450892,11.0,42.49420166015625,415629.1061794028
630,311.75856618268546,1.4100516978700561,52163.31825433156,1,19.25,11.0,33.0,584446.5927235559
631,133.56817806378245,1.0360360009047223,52480.30729759655,2,27.66746648152669,20.112699508666992,38.19350051879883,317782.7724800868
632,79.35216356511589,0.9999999791177459,52613.87547566033,2,38.19350051879883,38.19350051879883,38.19350051879883,363653.3416496699
633,51.30013023828404,1.0000000253706276,52693.22763922544,2,38.19350051879883,38.19350051879883,38.19350051879883,235097.0923437743
634,107.44029592145925,1.0000000331631713,52744.527769463726,2,35.596750259399414,33.0,38.19350051879883,428457.20554089174
635,378.04025400498034,1.182270465791822,52851.96806538518,1,19.8,11.0,33.0,657432.104670397
636,237.06459481534878,1.056915109982922,51201.526442902126,2,38.341525077819824,33.0,49.92219924926758,1059675.098251776
637,21.997947597135695,0.999999995647985,51438.59103771747,2,36.69425010681152,35.94459915161133,37.44390106201172,93065.4512999236
638,382.78106249922115,1.193912019806868,51460.58898531461,1,21.752972516146574,11.0,35.94459915161133,696743.1981464582
639,89.81384459506424,1.0000000202822492,51183.667183765705,3,40.59390068054199,33.0,48.187801361083984,470382.8423635634
640,245.72959085396064,1.1671516567128029,51273.481028360766,3,42.57954978942871,33.0,51.225399017333984,1443105.3712442233
641,62.40071616281452,1.000000020649554,51519.210619214726,3,35.45249938964844,33.0,37.904998779296875,246788.75621260784
642,140.21070626494748,1.0061227717479053,51581.61133537754,2,30.98240025838216,11.0,48.947200775146484,380299.78470036865
643,98.44722215136416,1.0813480437886285,51721.82204164249,2,40.0469004313151,33.0,48.947200775146484,466257.59287643206
644,102.57010852370435,1.011390060941051,51820.26926379385,2,21.583266894022625,11.0,38.19350051879883,164155.74948201567
645,102.21781613872339,1.1186889840351972,51922.839372317554,1,14.417249917984009,11.0,20.112699508666992,72586.5071502703
646,130.413469880303,1.0000000189633518,52010.46424081365,3,29.756450653076172,22.35810089111328,37.15480041503906,370247.84157380275
647,124.55723664060962,1.0143404729745353,52140.87771069395,3,41.60296630859375,22.35810089111328,51.225399017333984,760180.5562802022
648,160.9657453878188,1.0245324351214595,52265.43494733456,3,40.8062998453776,33.0,51.225399017333984,763809.4177316104
649,30.214562158437552,1.000000023036416,52426.400692722375,3,37.37344932556152,36.55339813232422,38.19350051879883,132605.70980727038
650,168.78511110953414,1.0469526776936802,52456.61525488081,3,34.18446604410807,33.0,36.55339813232422,620452.847059562
651,44.04464888182549,1.0000000378032001,52625.40036599034,2,29.919349670410156,26.838699340820312,33.0,124302.3595842189
652,161.2057850228436,1.1317193487350756,52669.445014872166,1,15.15856647491455,11.0,26.838699340820312,142003.92624756595
653,33.60960847072122,1.0000000230347235,50967.78098655796,2,39.42729949951172,37.403099060058594,41.451499938964844,164281.54697582242
654,276.09395983224954,1.0464742116965937,51001.390595028686,2,27.290199597676594,20.112699508666992,37.403099060058594,730961.5782241029
655,232.33051451093147,1.2360104770178553,51277.48455486093,1,14.037566502888998,11.0,20.112699508666992,176736.81507704366
656,411.08052504711515,1.122701554583002,50660.57405302759,2,22.383422003851997,11.0,51.225399017333984,807901.3062133795
657,209.62912778244214,1.1076768467375602,51071.6545780747,1,21.191156932285853,11.0,33.0,299243.35355643585
658,158.3153532995459,1.0076629287946162,50814.0381138632,2,33.0,33.0,33.0,541627.6004259414
659,332.516429410234,1.1052731086668837,50972.35346716275,1,12.692307692307692,11.0,33.0,188733.89621124108
660,147.44155596190984,0.9999999804940968,51276.8038657522,2,49.61064910888672,44.22129821777344,55.0,1144523.3058647062
661,65.993991231491,1.0000000484041307,51424.245421714106,2,41.20739936828613,38.19350051879883,44.22129821777344,352678.00748012494
662,49.193495504995376,0.9999999756247011,51490.23941294559,2,38.19350051879883,38.19350051879883,38.19350051879883,225442.86490220367
663,145.1065904799533,1.2935338123946847,51539.43290845059,2,23.72885971069336,20.112699508666992,38.19350051879883,264421.0247126368
664,258.6458678104774,1.1011093187640173,51684.539498930535,1,16.69543719291687,11.0,20.112699508666992,264511.4336734772
665,231.88855291896797,1.0536465159990545,49971.57451666847,2,57.742332458496094,33.0,107.22699737548828,3077848.6393041317
666,176.02783364554205,1.1090557050293328,50203.463069587444,2,19.223016421000164,11.0,33.0,208902.26093916682
667,240.4929722914072,1.1825768159464847,50379.49090323299,1,16.028174877166748,11.0,33.0,310730.7686610023
668,43.90570429669844,0.9999999954085106,52243.989669688344,2,35.02524948120117,33.95439910888672,36.096099853515625,169265.5572535323
669,92.50938636478952,1.0000000238842373,52287.89537398504,2,36.4955997467041,36.096099853515625,36.89509963989258,387109.6687850705
670,105.00032468634988,1.0798516643863496,52380.40476034983,2,34.00263341267904,32.11280059814453,36.89509963989258,373496.53825522534
671,255.5588228564314,1.1177706375027614,52485.40508503618,1,13.111280059814453,11.0,32.11280059814453,142891.4830165023
672,156.71638755563282,1.0451476044587342,52065.007784199566,2,25.576550006866455,11.0,38.19350051879883,436031.0005008024
673,264.0480152340441,1.06923940517937,52221.724171755195,2,18.778174877166748,11.0,33.0,470565.50335714006
674,104.10511776651529,1.2646938194605468,52485.772186989234,1,17.834524631500244,11.0,20.112699508666992,121546.52634394614
675,109.97304177263244,1.0000000368536321,2588.776869857426,3,72.29389953613281,69.34649658203125,75.24130249023438,1806674.6626884448
676,89.44594709624552,1.0000000151655775,2698.7499116300583,3,77.47480010986328,75.24130249023438,79.70829772949219,1687142.47158536
677,413.22893274165074,1.0367167227015386,2788.195858726304,2,32.8854991367885,20.112699508666992,79.70829772949219,1903681.2228421806
678,419.43386741071015,1.232917343667156,3201.4247914679545,2,49.102498626708986,33.0,79.70829772949219,3697413.186706534
679,64.06299757601401,1.0000000259958102,3620.8586588786643,1,35.09734916687012,33.0,37.194698333740234,248211.7869758117
680,200.97761069333072,0.9999999767978409,52728.086944644536,2,72.30234909057617,62.2666015625,82.33809661865234,3321869.1267932933
681,137.8042089342702,0.9999999597743154,52929.06455533786,2,62.219350814819336,62.17210006713867,62.2666015625,1675959.0652273316
682,10.93993555471906,0.9999999881640034,53066.868764272134,2,60.6346492767334,59.097198486328125,62.17210006713867,126386.1382927739
683,74.79238557461184,0.9999999553242805,53077.808699826855,2,48.64534950256348,38.19350051879883,59.097198486328125,564575.4155277828
684,110.0,1.0,53152.60108540147,2,46.596750259399414,38.19350051879883,55.0,758466.8196861878
685,275.2642350189362,1.0612549563973266,53262.60108540147,1,18.778174877166748,11.0,55.0,538511.6264553788
686,183.79688672236918,1.1886103170706837,52504.35875941625,2,17.05103333791097,11.0,38.19350051879883,200337.53392788133
687,176.1497250912756,1.0784127305978433,52688.15564613862,1,14.417262315750122,11.0,20.112699508666992,124935.6100601851
688,100.57185362944325,0.9999999999179486,50905.67144391849,2,55.2367000579834,43.7765998840332,66.6968002319336,977842.4315788909
689,33.64411400022821,0.9999999569681111,51006.24329754793,2,39.47830009460449,35.18000030517578,43.7765998840332,165382.13027901232
690,77.03224659525858,1.075790292919913,51039.88741154816,2,22.097566604614258,11.0,35.18000030517578,152617.50265973937
691,237.66860962755575,1.3005426328052092,51116.919658143415,1,13.02504433525933,11.0,20.112699508666992,139506.9326774099
692,153.9640298920834,0.9999999666019647,51532.38733755678,2,51.93159866333008,33.0,70.86319732666016,1362251.3109731202
693,226.61238775440694,1.0249443536516862,51686.351367448864,2,34.29837512969971,33.0,38.19350051879883,810546.2349804554
694,362.5100838485679,1.1217614696598492,51912.96375520327,2,34.26859982808431,33.0,38.19350051879883,1308021.4154811855
695,174.08552704659624,1.0061455128098928,52275.47383905183,1,19.382699489593506,11.0,35.41809844970703,313932.3902538661
696,159.57740124662388,1.0669800354248593,50626.98878787371,2,33.971766789754234,30.721799850463867,38.19350051879883,620889.1936330997
697,306.62216831393755,1.2962079521508318,50786.56618912034,1,17.763454263860528,11.0,30.721799850463867,340906.5475011021
698,374.3465702467272,1.1219855551833142,50166.7165299354,1,17.5123227926401,11.0,68.32209777832031,736294.081178236
699,498.64610115844545,1.1418830772828152,52589.61126537218,1,21.370899836222332,11.0,33.0,1020189.55284809
700,459.54591152169724,1.1934669076740207,52088.26059488014,2,51.889500300089516,38.19350051879883,66.03160095214844,4284664.964931289
701,127.55226166685303,1.0000000024641975,52547.806506401845,2,38.109649658203125,38.02579879760742,38.19350051879883,581980.7886612887
702,36.06183061689196,1.0000000555604303,52675.3587680687,2,36.29189872741699,34.55799865722656,38.02579879760742,149330.08492306017
703,205.93084738759413,1.1448486976804373,52711.42059868559,1,29.979219436645508,11.0,51.225399017333984,831179.1362791857
704,173.02478627261524,1.080308303030458,51338.340111266225,2,40.8062998453776,33.0,51.225399017333984,841540.7946101872
705,83.62894237673795,0.9999999758428769,51511.36489753884,2,35.596750259399414,33.0,38.19350051879883,333500.8033963213
706,442.1706251218576,1.1507496204415348,51594.99383991558,1,23.972999784681534,11.0,38.19350051879883,991127.4501861567
707,31.06645034754293,1.000000007355986,52265.43494733456,2,48.187849044799805,45.150299072265625,51.225399017333984,226929.74546481512
708,62.271671375886086,1.0000000012962567,52296.5013976821,2,39.07514953613281,33.0,45.150299072265625,301111.2111462985
709,96.02144739362001,1.0000000121388783,52358.773069057985,2,33.0,33.0,33.0,328508.0340921144
710,72.16853183305538,1.0006671772388749,52454.794516451606,2,20.729000091552734,11.0,33.0,89807.03990934642
711,83.95837935596815,1.101042271777452,52526.96304828466,2,12.79675006866455,11.0,18.187000274658203,40198.1758219795
712,110.85499578061845,1.2349331220564896,52610.92142764063,1,11.0,11.0,11.0,42139.610063155116
713,91.04162341596215,0.9999999718744,51868.682828854224,2,42.369150161743164,35.13290023803711,49.60540008544922,518431.87026254873
714,35.22623535329212,1.0000000260390296,51959.72445227019,2,34.066450119018555,33.0,35.13290023803711,128472.95144873258
715,263.5099580140221,1.046498705156334,51994.95068762348,2,28.6,11.0,33.0,823464.8703031881
716,192.002945426876,1.2220814108911424,52258.460645637504,1,17.05103333791097,11.0,38.19350051879883,305875.18983513303
717,33.00412383466639,1.000000004451633,51804.54357250867,2,62.162248611450195,56.00239944458008,68.32209777832031,401967.2760015013
718,118.12722796855124,1.0294718378314263,51837.54769634334,2,30.32219950358073,14.851499557495117,56.00239944458008,491114.32348899136
719,236.65017571904602,1.368727850409755,51955.67492431189,1,13.452988730536568,11.0,20.112699508666992,150691.96821860428
720,363.51822520675285,1.079826242051275,51683.08663964332,2,33.46076011657715,21.723600387573242,41.38669967651367,1357818.5181796043
721,222.501472713438,1.144692854795505,52046.60486485007,1,16.22953748703003,11.0,33.0,267591.7351909541
722,456.6730889051428,1.0763804315734506,49954.380115754495,1,23.94576613108317,11.0,111.6729965209961,2569711.6412194613
723,85.34702140826556,0.9999999812297103,52331.346348315696,2,25.911999702453613,20.112699508666992,31.711299896240234,183033.87801549787
724,313.83152993189753,1.2149866927735615,52416.69336972396,1,18.004939842224122,11.0,33.0,333732.5667500115
725,100.4932040673433,1.0000000184875255,52292.48305324981,3,38.19350051879883,38.19350051879883,38.19350051879883,460538.01675397175
726,89.36051435656378,1.000000028835764,52392.976257317154,2,38.19350051879883,38.19350051879883,38.19350051879883,409519.3701301216
727,236.47009095242834,1.1390071451440413,52482.33677167372,1,17.05906656053331,11.0,38.19350051879883,288270.2041140155
728,57.366698094539835,0.9999999804030878,52354.40087989925,2,32.04860019683838,25.90369987487793,38.19350051879883,187377.53330160974
729,279.20366739416755,1.297325786211111,52411.76757799379,1,14.312909889221192,11.0,25.90369987487793,200643.7246536557
730,349.10055091478506,1.2542444916760715,51795.32628028037,1,14.494536486538975,11.0,40.32720184326172,300880.146507744
731,215.7577218510811,1.0308393082152618,51733.030028002846,2,41.52336629231771,33.0,58.570098876953125,1112332.2222608689
732,70.1474863810604,1.000000036428631,51948.787749853924,2,35.596750259399414,33.0,38.19350051879883,279738.5807125266
733,21.367878937909953,1.0000000457558245,52018.93523623498,2,37.58250045776367,36.971500396728516,38.19350051879883,94824.56760930667
734,202.66782995176135,1.001586675732749,52040.303115172894,2,34.32383346557617,33.0,36.971500396728516,750891.2116211648
735,131.8448748200841,1.0520460502195002,52242.97094512465,1,15.4,11.0,33.0,122004.40499689727
736,382.5280786437884,1.095281438678154,52354.54944013263,1,18.285999818281695,11.0,41.807899475097656,524218.40765664785
737,38.114044566524214,1.0000000098932322,50962.82912056826,2,58.151750564575195,56.92070007324219,59.3828010559082,404972.3421158481
738,221.81855419560796,1.1139597156401988,51000.943165134784,2,45.83096694946289,33.0,56.92070007324219,1301240.2063343832
739,65.85327441648813,1.0000000445249426,51222.761719330396,2,40.28610038757324,33.0,47.572200775146484,339427.7222409615
740,207.3319872243695,1.0955387939927164,51288.61499374689,1,16.746485573904856,11.0,33.0,199920.09102595563
741,318.00574080115115,1.5866211581072633,51686.351367448864,1,18.313708912242543,11.0,33.0,479732.90383500076
742,156.54332678669587,1.122829247460627,51686.26867840332,2,30.852099895477295,26.556299209594727,33.0,483699.161576743
743,237.46820361552852,1.1901323884607955,51842.81200519002,1,15.759687423706055,11.0,30.852100372314453,223598.09574835928
744,112.9528645638954,0.9999999908219191,51506.95115971849,3,41.33930015563965,40.238399505615234,42.44020080566406,606563.1487963349
745,100.9418772406754,0.9999999798717286,51619.90402428238,3,38.20789909362793,36.177398681640625,40.238399505615234,463378.87574210216
746,172.6511545532766,1.0012162567592662,51720.84590152306,2,46.209398905436196,36.177398681640625,51.225399017333984,1212795.338770331
747,81.38602100400036,1.0000000510935096,51893.49705607634,2,44.9421501159668,38.65890121459961,51.225399017333984,519789.8241534767
748,22.169575524264925,1.0000000354862963,51974.88307708034,2,35.12370014190674,31.588499069213867,38.65890121459961,86212.81299200577
749,151.34629707214089,1.1428641299477407,51997.0526526046,1,18.76277961730957,11.0,31.588499069213867,178869.8289786307
750,282.23451338083555,1.0046478356047048,51510.577174898426,3,52.00979995727539,38.19350051879883,68.32209777832031,2133066.505207962
751,185.46108046565848,1.0386066465170412,51792.81168827926,2,46.22143427530924,34.1505012512207,55.0,1413101.3561379607
752,239.9380730684144,1.2410335647237818,51978.27276874492,1,17.450071607317245,11.0,34.1505012512207,317137.96067955764
753,42.485743970234836,0.9999999880881568,50336.09639810743,2,59.23044967651367,55.10340118408203,63.35749816894531,469013.59335590986
754,29.278766604121877,0.9999999990451032,50378.58214207766,2,64.87474822998047,63.35749816894531,66.39199829101562,387198.08111654664
755,5.234292283045121,0.9999999571811262,50407.86090868178,2,66.66324996948242,66.39199829101562,66.93450164794922,73077.422875828
756,337.4024963996719,1.0785821258091386,50413.095200964824,1,21.391000270843506,11.0,66.93450164794922,1391272.965438908
757,254.92267305481556,1.2508044506612483,50455.18862718221,2,21.95374243600028,11.0,51.225399017333984,622390.8489985703
758,129.3229339052387,1.17566303550217,50710.11130023702,1,16.467619705200196,11.0,20.112699508666992,111885.60119018394
759,149.9466571818125,1.000000012727026,50401.31290042606,2,70.16524887084961,49.0,91.33049774169922,2389502.0326327626
760,71.93287887114441,1.0000000317550257,50551.259557607875,2,41.0,33.0,49.0,384699.7498084381
761,29.51653403502408,0.9999999739036517,50623.19243647902,2,33.0,33.0,33.0,100981.803576185
762,126.72485769388538,1.0927501247612585,50652.70897051404,2,18.922999954223634,11.0,33.0,130920.69812672319
763,152.36419812286954,1.0548656265472247,50779.43382820792,1,18.625575065612793,11.0,33.0,259495.6757182025
764,217.05720534211753,1.000000000653847,49611.463280469114,2,103.81750106811523,101.1780014038086,106.45700073242188,7351209.293774675
765,20.463481195842213,0.999999965439217,49828.520485811234,2,98.34574890136719,95.51349639892578,101.1780014038086,621957.3956253876
766,146.20043444484133,0.9999999657437167,49848.98396700708,2,74.26459884643555,53.01570129394531,95.51349639892578,2602285.0943481456
767,331.26109524407246,1.1070078815943634,49995.18440145192,1,28.391050100326538,11.0,53.01570129394531,1064159.6419629082
768,166.44423564360144,1.0109832238347503,53064.566078536925,2,39.07513300577799,33.0,51.225399017333984,810570.5574015252
769,271.30870376379846,1.0839120771358668,53231.01031418053,1,18.778174877166748,11.0,33.0,372061.42906459287
770,457.1235629942412,1.1052082835068353,52929.06455533786,1,20.683009910583497,11.0,62.2666015625,980411.2173730412
771,239.01930938567472,1.0825068190584968,51727.96075510012,2,29.390482902526855,11.0,68.32209777832031,787831.5986906204
772,147.80288219511306,1.0863553978722118,51966.98006448578,1,17.959080123901366,11.0,36.682701110839844,177555.4728122439
773,139.30099292351986,1.1029285733986944,52135.7803185155,2,14.424049854278564,11.0,24.696199417114258,105993.99834794155
774,150.22539674441617,1.0796691588413008,52275.08131143902,1,11.0,11.0,11.0,57105.58675209845
775,118.14815946139015,0.9999999713884106,52683.18049228895,2,51.225399017333984,51.225399017333984,51.225399017333984,973974.4080601053
776,206.4924090320119,1.0886255278199966,52801.32865175034,2,38.8547248840332,33.0,51.225399017333984,1023978.541934738
777,203.4127843571568,1.4619266418587211,53007.82106078235,1,22.0,11.0,33.0,439086.7392570117
778,128.22539674441617,1.0145989277759124,51581.61133537754,2,24.408466339111328,20.112699508666992,33.0,228176.18071251886
779,278.8469439211655,1.2611958398971903,51709.83673212196,1,16.69543719291687,11.0,20.112699508666992,282311.0314744882
780,56.826508862744575,0.9999999556490096,51655.62892791117,2,34.8088493347168,18.39229965209961,51.225399017333984,232349.54350540743
781,34.3334146208557,0.9999999602646086,51712.45543677392,2,14.696149826049805,11.0,18.39229965209961,23786.791571362777
782,254.72666494326467,1.3281433168708139,51746.78885139478,1,19.917262315750122,11.0,33.0,436804.2978671559
783,153.89160629149427,1.0638747750026154,51698.64760477333,2,14.250383377075195,11.0,30.502300262451172,125440.63497059078
784,103.86257640518751,1.1032209892175109,51852.539211064824,1,14.645079803466796,11.0,20.112699508666992,91348.46366287334
785,465.76323894891,1.1381630161822467,51593.403531166754,1,24.356349754333497,11.0,33.0,844615.0946523305
786,481.9217281671295,1.1207845563399024,51154.97196324513,1,23.96442985534668,11.0,55.0,1441173.7947598146
787,20.401696531023937,0.9999999692285629,51080.3818855459,2,67.60199737548828,66.88189697265625,68.32209777832031,292921.7706178189
788,485.5423839119406,1.0428358047379958,51100.783582076925,1,28.59252166748047,11.0,66.88189697265625,2845071.3088593506
789,461.50458009003927,1.0774691351309893,17119.27121833734,2,33.83105686732701,20.112699508666992,89.5009994506836,2924635.6507107243
790,122.55115402048744,0.9999999912702203,17580.77579842738,2,100.33699798583984,89.5009994506836,111.1729965209961,3891120.027400158
791,104.95567535622891,1.000000020374844,17703.326952447867,2,98.0776481628418,84.9822998046875,111.1729965209961,3190575.7201095517
792,96.65198159867853,1.0000000420024104,17808.282627804096,1,61.587900161743164,38.19350051879883,84.9822998046875,1207125.9973527358
793,492.47107824614477,1.065252747015714,2501.2637685534296,2,51.41521987915039,38.19350051879883,79.70829772949219,3646366.8278332134
794,511.3710154263192,1.1804537166985,2993.7348467995744,1,48.85929902394613,11.0,79.70829772949219,5807038.05062718
795,227.6597735025498,1.1398064117597482,53332.68252012857,2,24.326916376749676,11.0,33.0,437838.5810806102
796,239.69555182534438,1.1817560800957347,53560.34229363112,1,33.108699321746826,11.0,68.32209777832031,1552016.9237943746
797,239.67522629021965,1.0631775686427343,53396.867444980184,1,15.469488779703775,11.0,33.0,254821.1239452194
798,252.51754168494125,1.2267973520512014,52578.36116880871,2,49.67752456665039,33.0,76.29119873046875,2009948.437898031
799,128.75169901791588,1.0000000411049346,52830.87871049365,2,53.61034965515137,38.19350051879883,69.0271987915039,1194565.0415188426
800,47.86707915674708,0.9999999680003573,52959.63040951156,2,71.42124938964844,69.0271987915039,73.81529998779297,767369.1364224546
801,198.26090379348108,1.046780819698115,53007.49748866831,1,36.76017475128174,11.0,73.81529998779297,1459736.0264183762
802,43.14537607439118,1.0000000411700096,53238.74627147787,2,47.72049903869629,44.215599060058594,51.225399017333984,309224.77473853005
803,11.826545922359339,1.0000000175053065,53281.89164755226,2,43.25264930725098,42.28969955444336,44.215599060058594,69519.23163618428
804,87.66833584674652,1.0000000101040931,53293.71819347462,2,37.64484977722168,33.0,42.28969955444336,392285.3699843543
805,224.49210877650606,1.17827799387705,53381.38652932137,1,23.5187832514445,11.0,33.0,543391.5560892421
806,78.66236245037075,1.000000016594356,52228.6331244696,2,82.54170227050781,77.69640350341797,87.38700103759766,1685629.9625033187
807,107.64694789346137,0.9999999825856186,52307.29548691997,2,71.06595230102539,64.43550109863281,77.69640350341797,1712904.2918978478
808,30.96873424849124,0.9999999840897699,52414.94243481343,2,62.522850036621094,60.610198974609375,64.43550109863281,380440.1299676477
809,79.25319246426346,1.0000000426146813,52445.91116906192,2,57.80509948730469,55.0,60.610198974609375,832606.2987952196
810,100.81666528902848,0.9999999964253372,52525.16436152618,2,56.78504943847656,55.0,58.570098876953125,1021629.0835916396
811,156.70832376358854,1.1555202906916973,52625.98102681521,1,28.39252471923828,11.0,58.570098876953125,693739.6350031022
812,279.1105568450099,1.0600009302869586,51884.34514062704,1,14.45696661207411,11.0,33.0,250943.18237629236
813,321.5827961394647,1.3316086417245032,52663.896136454205,1,21.945277743869358,11.0,38.19350051879883,662706.1897160448
814,76.93238916473344,1.0000000111665501,51702.50039756244,2,50.588998794555664,32.855899810791016,68.32209777832031,643879.1320787813
815,94.97876189424186,1.097373620928904,51779.43278672718,2,16.463974952697754,11.0,32.855899810791016,95764.427885591
816,103.86257640518751,1.1930887592302288,51874.41154862142,1,11.0,11.0,11.0,39481.562416805886
817,270.84643309803783,1.111870352401652,51774.77147548928,1,18.977210998535156,11.0,46.34410095214844,466141.76989810687
818,93.33809511662427,0.9999999839076634,51558.997811570545,2,33.0,33.0,33.0,319327.7734359244
819,129.56547530419238,1.0095692163221184,51652.33590668717,2,22.0,11.0,33.0,248761.28576706606
820,87.75745863867222,1.1069776045136257,51781.90138199136,1,11.0,11.0,11.0,33359.48032597551
821,307.70417222438186,1.0098038775570881,51955.25202112231,2,35.34510040283203,33.0,38.19350051879883,1153992.1645491016
822,18.63913062757375,1.000000053055153,52262.95619334669,2,36.18345069885254,35.18000030517578,37.1869010925293,76684.35812175143
823,214.31107838321054,1.0790342604354757,52281.59532397427,1,28.281079864501955,20.112699508666992,35.18000030517578,469014.24888293643
824,331.08938187629184,1.0825869905720955,51307.3553583874,1,15.25978872511122,11.0,31.112699508666992,311281.26115651964
825,293.8539500066163,1.0728378591764236,51402.754047505994,1,18.237688700358074,11.0,39.68840026855469,406976.15486048034
826,321.029130996319,1.1326018537994664,51837.54769634334,1,21.482277552286785,11.0,56.00239944458008,749757.6707664297
827,100.07860544701347,0.999999997953189,51830.86246646601,2,43.094749450683594,34.9640998840332,51.225399017333984,590830.0322245642
828,244.3735920177361,1.3480849203102245,51930.941071913025,1,19.0236873626709,11.0,34.9640998840332,428310.8530401876
829,328.3498347272977,1.121831188922589,51391.71964107406,1,20.516033172607422,11.0,38.19350051879883,671039.1367768865
830,487.3178180443713,1.2818006519506484,51687.064895214906,1,25.25574451022678,11.0,33.07630157470703,1381349.078244913
831,460.42410862799034,1.2574637596001224,51368.93100017924,1,25.824322170681423,11.0,38.19350051879883,1240707.8797615797
832,104.37492516794777,1.0000000140061716,51337.12019206076,2,44.76715087890625,34.5343017578125,55.0,668595.7255085688
833,7.4261891244506675,1.000000024060848,51441.495117228704,2,33.76715087890625,33.0,34.5343017578125,26605.98964097438
834,199.41889224941156,1.0912369604196908,51448.92130635316,1,18.587528501238143,11.0,33.0,215236.5210796822
835,446.79032676994757,1.513499936949429,50882.71823366969,1,25.254744635687935,11.0,51.292701721191406,1414011.2219005283
836,233.752702245542,1.0501616347412759,50346.764289359286,2,25.735200119018554,11.0,54.89780044555664,897500.3248599507
837,119.86247366187257,1.0470103357278984,50580.516991604825,1,14.378179931640625,11.0,20.112699508666992,86870.66084488037
838,138.92178305554378,1.0243676614263522,50048.3490025414,3,35.02503331502279,33.0,39.07509994506836,542671.3339969422
839,216.6838612899897,1.049935315856197,50187.27078559694,2,25.267619705200197,20.112699508666992,33.0,567786.8454892153
840,53.11269837220809,1.079669101216376,50403.95464688693,1,17.075133005777996,11.0,20.112699508666992,52288.7673416348
841,32.628451753033715,0.9999999832050975,49788.402021759255,2,49.99319839477539,45.140098571777344,54.84629821777344,256998.30453183717
842,234.57087961715828,1.0637153908501853,49821.03047351229,1,18.68477463722229,11.0,45.140098571777344,412225.99550406117
843,237.9663841806233,0.9999999970286895,4145.474956408591,2,68.32209777832031,68.32209777832031,68.32209777832031,3489698.211074355
844,774.8388877766635,1.1060372254638753,4383.441340589215,1,52.36941146850586,33.0,68.32209777832031,7677023.810457505
845,121.7476899164826,1.0000000133310587,2788.195858726304,2,70.46034812927246,61.212398529052734,79.70829772949219,1909795.4258509772
846,358.88902658680576,1.163370680971726,2909.9435486427865,2,44.60944938659668,33.0,61.212398529052734,1916702.0208018494
847,57.93854545012162,1.0000000038501284,3268.8325752295923,2,51.225399017333984,51.225399017333984,51.225399017333984,477626.2189276898
848,192.45282048484398,1.0827756846373755,3326.771120679714,1,33.39087438583374,11.0,51.225399017333984,990813.8515924311
849,225.02637017138213,1.0811830531536748,52380.40476034983,1,15.375974893569946,11.0,36.89509963989258,217989.86640240718
850,243.3168260129839,1.3314501481900536,53075.348035716765,1,18.306349754333496,11.0,33.0,280625.913094859
851,259.58632412916717,1.1919171753104336,53152.60108540147,1,17.816449880599976,11.0,38.19350051879883,429893.04349868547
852,109.74964387392122,1.01446240598697,51999.34196356204,2,20.06450017293294,11.0,38.19350051879883,192133.57565188888
853,144.3305145109315,1.1089231028490503,52109.091607435956,1,11.0,11.0,11.0,54864.7491990728
854,309.95964229337363,1.1316616858773638,52655.75783943332,1,22.667262315750122,11.0,55.0,645636.377012504
855,147.58048651498612,0.999999975624701,52637.37859581254,2,57.66904830932617,33.0,82.33809661865234,1635979.8178542273
856,254.76534094334733,1.2487296883387617,52784.95908232752,1,21.191156932285853,11.0,33.0,511238.3941910756
857,83.8414784968665,1.000000024527679,51920.15287207768,2,31.30345058441162,20.112699508666992,42.49420166015625,269098.36953046516
858,206.55591125534764,1.2435908419931505,52003.99435057455,1,14.905442646571569,11.0,20.112699508666992,170601.19112818677
859,301.789311268116,1.075224028013102,52179.64104719661,1,22.488274812698364,11.0,75.56809997558594,1047438.9982081109
860,231.43192357569987,1.1270136870427887,52009.69924327367,1,15.824550151824951,11.0,49.59640121459961,322969.27207839885
861,293.82189655637524,1.1247393924789897,51535.84429095586,1,23.005799531936646,11.0,79.70829772949219,1065073.2781750544
862,129.83938909338738,1.000000023930021,52001.60401946183,2,70.87444686889648,68.8594970703125,72.88939666748047,2049522.460575117
863,12.119328853796116,1.0000000292884035,52131.44340855522,2,68.6713981628418,68.4832992553711,68.8594970703125,179548.2992914213
864,108.79834845916277,1.0000000090628052,52143.56273740902,2,48.90829944610596,29.33329963684082,68.4832992553711,861250.3054054257
865,153.24280687111232,1.1619172945179026,52252.36108586818,1,16.489199829101562,11.0,29.33329963684082,143115.51078021212
866,272.71303272986535,1.1497507517668704,52046.20083786653,1,18.306349754333496,11.0,33.0,316887.8195164613
867,307.4836253236671,1.1717195492834782,51519.210619214726,1,18.919474601745605,11.0,37.904998779296875,455912.65817487735
868,134.86472563548128,0.9999999614467057,51860.086829936765,2,42.350900650024414,29.824600219726562,54.877201080322266,782090.1029202302
869,192.99897681557508,1.1462625105497317,51994.95155557225,1,17.59467124938965,11.0,29.824600219726562,195858.16542914347
870,465.02371016437036,1.4304788432800308,51191.905697081114,1,26.56357479095459,11.0,58.570098876953125,2265959.720435609
871,295.8035558090327,1.5985269105708515,51000.943165134784,1,20.157349824905396,11.0,56.92070007324219,649520.922332197
872,336.33914780979023,2.0799282397378445,51473.24465834001,1,17.508937120437622,11.0,35.7333984375,450891.67337716836
873,120.1767903603466,1.000000016894015,51920.566970324406,3,58.98000144958496,58.75910186767578,59.20090103149414,1313354.7667314368
874,92.1777083857496,1.0000000491260634,52040.74376068475,3,56.62860107421875,54.05630111694336,59.20090103149414,929278.7829830947
875,80.0812087820857,1.0000000188145899,52132.921469070505,3,56.31319999694824,54.05630111694336,58.570098876953125,798239.7662055626
876,77.00843705362034,0.9999999862777217,52213.00267785259,2,46.07269859313965,33.57529830932617,58.570098876953125,526136.6692273886
877,110.68300488110592,1.064140457248548,52290.011114906214,1,21.20017433166504,11.0,33.57529830932617,165175.3711794179
878,101.87804751840363,0.9999999583874172,51542.03038509435,2,52.93534851074219,45.4385986328125,60.432098388671875,902850.5483437562
879,231.11124469468558,1.2138183367913407,51643.908432612756,1,21.666285378592356,11.0,45.4385986328125,517184.1414531384
880,262.1396196119362,1.2465339173141787,51245.01650376698,2,60.474500020345054,44.70940017700195,78.91709899902344,2658457.2322772266
881,277.987048560773,1.1053169670725944,51507.15612337892,1,33.555999755859375,11.0,78.91709899902344,1811181.745621081
882,69.40739504553633,1.0000000091684274,51019.46078596887,2,26.863900184631348,20.727800369262695,33.0,160096.43112969847
883,178.5336611060496,1.1828178384786656,51088.868181014404,1,14.99331419808524,11.0,20.727800369262695,139994.44820687312
884,232.01878956568933,1.114779494956963,50448.433336917595,1,16.257699966430664,11.0,53.06159973144531,312388.17820354976
885,115.72685784830333,0.9999999810062816,50837.54352115185,2,47.24419975280762,35.91830062866211,58.570098876953125,827031.6336110843
886,227.5219992042778,1.1196505019658465,50953.270379000154,1,17.16338566371373,11.0,35.91830062866211,249636.25838234264
887,62.310050128003795,0.99999998657758,50764.67763811387,2,70.94404792785645,62.1797981262207,79.70829772949219,990247.2348441256
888,335.73582669332956,1.5180491243533443,50826.987688241876,1,25.359699521745956,11.0,62.1797981262207,1285303.4189759728
889,182.45202930503714,1.0590571963532296,49820.59454985037,2,51.22546513875326,20.112699508666992,113.45099639892578,2505118.4817449627
890,142.21023553303058,1.2003535412480144,50003.04657915541,1,17.075133005777996,11.0,20.112699508666992,140590.6048579731
891,404.0711061990397,1.4375141351406104,49848.98396700708,1,37.59236192703247,11.0,95.51349639892578,3632267.433280051
892,326.80534941217223,1.3709661349412574,50467.23448116053,1,25.038137435913086,11.0,55.886199951171875,866610.6743783099
893,249.3583449404253,1.5470116173929367,53367.90051520775,1,18.749013900756836,11.0,37.904998779296875,416953.11731416616
894,267.790308035001,1.1842299685331754,52416.69336972396,1,19.705242701939174,11.0,33.0,429770.0834162478
895,294.4852749165842,1.338569431439019,52547.806506401845,1,21.933085577828543,11.0,38.19350051879883,666735.7243050218
896,49.193495504995376,0.9999999756247011,52054.538636132034,2,15.556349754333496,11.0,20.112699508666992,38469.59173642536
897,29.51609731592135,0.9999999760625681,52103.73213163703,2,11.0,11.0,11.0,11220.034361909939
898,117.88763375441494,1.0892750848239308,52133.24822895295,1,11.0,11.0,11.0,44812.946021168784
899,235.03747300197335,1.0577723865927915,52323.27462189779,1,19.35741397312709,11.0,42.16379928588867,332619.8390029097
900,66.0,1.0,52995.041841839564,2,26.556349754333496,20.112699508666992,33.0,149097.70917218702
901,168.45079348883235,1.2761423749153966,53061.041841839564,1,14.666666666666666,11.0,33.0,142880.01622997515
902,70.19845419483248,0.9999999769836191,52482.33677167372,2,29.15310001373291,20.112699508666992,38.19350051879883,193441.39329565308
903,160.43563227744676,1.2326622665727465,52552.53522586855,1,15.556349754333496,11.0,20.112699508666992,123712.5552785211
904,105.05940023702375,0.9999999787853681,52392.976257317154,2,37.5443000793457,36.89509963989258,38.19350051879883,465281.84420999466
905,106.50256160109011,1.0000000540261413,52498.03565755418,2,28.878000259399414,20.86090087890625,36.89509963989258,286194.0696850972
906,116.89560006906456,1.1215017231799886,52604.53821915527,1,14.794720077514649,11.0,20.86090087890625,92402.50641208935
907,55.59203379288757,1.0000000073150248,51766.06587286663,2,65.15854835510254,61.994998931884766,68.32209777832031,742072.5146267945
908,290.1546643261868,1.2170929903379875,51821.65790665952,1,31.38884957631429,11.0,61.994998931884766,1572902.5377197892
909,206.55591125534767,1.130291329033647,51716.039585511695,1,16.18660000392369,11.0,38.19350051879883,212997.73658915178
910,259.55550170605153,1.097263828582982,51779.43278672718,1,17.265128544398717,11.0,33.0,383311.4043746506
911,247.23535925255075,1.1579181980075524,51948.787749853924,1,16.746485573904856,11.0,33.0,310530.64384407894
912,89.27860929851892,0.9999999895722697,52108.73056400445,2,52.41499900817871,47.86589813232422,56.9640998840332,772498.3031229465
913,88.17247968186157,1.0000000222256837,52198.00917330297,2,40.43294906616211,33.0,47.86589813232422,457950.6932494195
914,140.41131164371876,1.1851693693571692,52286.18165298483,1,23.445079803466797,11.0,33.0,298239.24910919974
915,128.1449481452076,0.9999999192251784,51659.558557271645,2,40.336299896240234,22.102500915527344,58.570098876953125,699618.7029687057
916,246.14786728226184,1.0647557352661348,51787.70350541685,1,18.035866737365723,11.0,33.0,346131.1665873162
917,257.07921217684674,1.0761443173423992,52071.45513433744,1,24.502885001046316,11.0,69.06939697265625,964936.2209200455
918,264.8882999784354,1.3011872646628215,51721.82204164249,1,20.32647132873535,11.0,48.947200775146484,512648.773951569
919,228.8850126381237,1.1163541294260744,51438.59103771747,1,18.683142798287527,11.0,37.44390106201172,313742.3735948447
920,219.44321288313955,1.1082990549653513,51160.61320981786,1,18.04829978942871,11.0,33.0,308428.8152622779
921,193.52401001592685,1.0827799126354463,51930.994098331874,1,13.603628431047712,11.0,20.112699508666992,114678.89613469213
922,195.64428899382773,1.048040918346362,51878.9365794181,1,16.746485573904856,11.0,33.0,183055.57434816845
923,211.428051671754,1.220517653393275,51116.919658143415,1,14.905442646571569,11.0,20.112699508666992,161723.502756239
924,258.8572125529888,1.459422040527414,51768.72043050069,1,14.142857142857142,11.0,33.0,202704.02227591648
925,260.4446855965776,1.0944599831589263,51594.77481014208,1,18.04829978942871,11.0,33.0,348329.48902908975
926,214.64586781047737,1.052084504986822,51729.41256940218,1,13.603628431047712,11.0,20.112699508666992,139933.02717642504
927,97.89162515797581,1.0000000072252577,51720.84590152306,2,35.108049392700195,34.038700103759766,36.177398681640625,379177.966081208
928,234.23530181497154,1.0450368918395943,51818.73752668104,1,20.025233268737793,11.0,34.038700103759766,493939.92384404986
929,278.72612387684575,1.1218615572629118,50769.664494219374,1,25.25068610055106,11.0,70.52940368652344,1103889.5269278022
930,101.35295113556359,1.0000000008461412,50480.82550522906,2,47.91824913024902,33.0,62.83649826049805,754740.2728716412
931,176.2192888521614,1.0703769913641261,50582.17845636463,1,17.704233169555664,11.0,33.0,204897.57090589282
932,30.46027382349981,1.0000000026534244,51387.71260489565,2,39.93100166320801,39.27360153198242,40.588401794433594,152596.0597154464
933,225.26096018419122,1.0423423702770998,51418.172878719146,1,23.935283342997234,11.0,39.27360153198242,532182.3493765071
934,91.00476250919263,0.999999935581514,50697.704373510176,2,32.782249450683594,11.0,54.56449890136719,352466.3721066076
935,157.21781613872338,1.1160590264364265,50788.709136019366,1,14.037566502888998,11.0,20.112699508666992,126771.48598237563
936,33.233157201496006,0.9999999726154145,51580.13682505301,2,30.351399421691895,23.5137996673584,37.18899917602539,97805.78033070489
937,154.90317129731125,1.076809801065063,51613.3699822545,1,13.085633277893066,11.0,23.5137996673584,78311.13351225066
938,207.3319872243695,1.4207488048888146,50203.463069587444,1,16.746485573904856,11.0,33.0,220282.18711182004
939,100.05710987105459,0.9999999622574927,50915.081266029476,2,43.30470085144043,33.0,53.60940170288086,600604.6576012571
940,169.40373103802597,1.2025644916106308,51015.13837590053,1,22.0,11.0,33.0,378159.7111788465
941,286.27496953286357,1.129987127922778,50652.78255387643,1,26.439028603690012,11.0,78.8478012084961,1298473.701281102
942,42.4426304633178,0.9999999928255044,50455.09446400814,3,56.86524963378906,52.9099006652832,60.82059860229492,431862.8953422854
943,44.00534952762379,1.0000000300431071,50497.53709447146,2,49.32110023498535,45.7322998046875,52.9099006652832,336888.8542858571
944,194.66225246868407,1.1377474118109792,50541.54244399908,1,19.7689998626709,11.0,45.7322998046875,352990.6516796971
945,250.7057442094422,1.37188293037304,50551.259557607875,1,20.334014075142996,11.0,49.0,506018.40548552084
946,4.295801090942113,0.9999999832912161,50187.27078559694,2,32.75214958190918,32.50429916381836,33.0,14477.112576332509
947,175.61228199309224,1.1193283746350822,50191.566586687884,1,14.584049860636393,11.0,32.50429916381836,151921.15342858844
948,240.390147259002,1.0076480645959447,50194.606094122006,2,61.72473271687826,55.0,68.32209777832031,3081418.9799259882
949,66.0,1.0,50434.996241381006,2,55.0,55.0,55.0,627218.9732892021
950,122.68280689591244,1.035528428427015,50500.996241381006,1,24.278174877166748,11.0,55.0,363136.89842934225
951,587.9973746807109,1.0483251972047234,4383.441340589215,1,46.43758501325335,33.0,68.32209777832031,3948897.4228187082
952,166.93255028907913,0.9999999648764462,3301.403027850208,2,54.34359931945801,36.037601470947266,72.64959716796875,1607353.767458884
953,532.0984097685754,1.2652867480014813,3468.3355781392875,1,36.17808278401693,11.0,72.64959716796875,3716479.421640453
954,234.34740321906662,1.0878863065568984,53461.56896341352,1,22.196749687194824,11.0,47.06779861450195,634326.3489527145
955,197.92923795609636,1.1254150988963723,52688.7033786278,1,18.88064956665039,11.0,40.05849838256836,268348.8730268793
956,60.10080985794663,0.999999980920523,53262.60108540147,2,48.372549057006836,41.74509811401367,55.0,444566.8903132432
957,187.3692121669804,1.0119185895518523,53322.701895259415,1,26.232799530029297,11.0,41.74509811401367,580861.8552673613
958,195.001472713438,1.2175233075773257,52901.1949444242,1,18.333333333333332,11.0,33.0,226038.58846536084
959,168.44243758704792,1.1438285507042587,52381.79352055037,1,12.872300148010254,11.0,22.233800888061523,89128.916899589
960,183.21170824646862,1.066266111408556,52163.31825433156,1,17.704233169555664,11.0,33.0,210365.68291728682
961,265.2996735040773,1.06786457006454,52154.85054228256,1,26.40933322906494,11.0,51.225399017333984,1022073.6267973946
962,180.5135597084892,1.1371680525655434,52498.03565755418,1,15.315849939982096,11.0,36.89509963989258,190649.1318333574
963,269.40783114166,1.307791443678307,52040.303115172894,1,25.699483235677082,11.0,36.971500396728516,666918.294008629
964,103.18914671611545,0.999999988050068,51725.891053078754,2,34.78504943847656,11.0,58.570098876953125,453387.90046873025
965,122.33051451093148,1.135027793839192,51829.08019979487,1,12.822539901733398,11.0,20.112699508666992,74318.59556934837
966,226.1888603261786,1.1217830845186914,51518.53378768644,1,23.5187832514445,11.0,33.0,482171.24491415964
967,269.282345448322,1.0489796691982922,52801.32865175034,1,24.408466339111328,11.0,51.225399017333984,698187.5891759797
968,171.52401001592685,1.188962155689428,52744.527769463726,1,15.53225008646647,11.0,38.19350051879883,149525.85352279764
969,130.72193489171968,1.0266050213890696,52094.57033104313,2,19.77596664428711,11.0,37.32789993286133,212622.57318591356
970,91.21781613872339,1.108135803218289,52225.29226593485,1,13.278174877166748,11.0,20.112699508666992,62491.641481011204
971,202.49210877650603,1.0699649562611284,51578.36294380244,1,19.223016421000164,11.0,51.225399017333984,466600.0951001448
972,98.99837692718853,1.119475863482103,52625.40036599034,2,33.0,33.0,33.0,338692.6989772773
973,19.05255888325765,0.9999999991776364,52724.398742917525,2,33.0,33.0,33.0,65182.5078060888
974,113.67870724735809,1.0831593940485875,52743.451301800786,1,18.333333333333332,11.0,33.0,147833.13194055433
975,204.0673919159553,1.232494704306938,52526.96304828466,1,16.754183133443195,11.0,20.112699508666992,218569.15559957596
976,205.97260917623743,1.2772896848295847,51524.5326338347,1,17.761416753133137,11.0,51.56850051879883,339714.267864322
977,190.1390685435902,1.3751502226748142,51527.95290337713,1,16.185449918111164,11.0,33.0,186015.67923242104
978,188.34138839229325,1.40702119019172,52442.9436268627,1,19.72928301493327,11.0,45.150299072265625,279172.4655368384
979,175.44321288313958,1.0954081416368344,51071.6545780747,1,14.666666666666666,11.0,33.0,145538.0638763244
980,167.49644191151245,0.999999983339133,51546.96868142347,3,43.823801040649414,39.558101654052734,48.089500427246094,1013782.9391115732
981,176.48218166151767,1.003207772133467,51714.46512333498,2,38.029833475748696,33.0,48.089500427246094,746801.5966346406
982,102.24558860981361,1.0524575755209336,51890.9473049965,1,21.370899836222332,11.0,33.0,174695.34877074984
983,179.2295584157331,1.167801180143849,52296.5013976821,1,16.69171651204427,11.0,45.150299072265625,226654.01348374394
984,279.51585249636,1.0524085094429103,51930.941071913025,1,26.883699735005695,20.112699508666992,34.9640998840332,570242.1985543297
985,248.7108927347681,1.063488772342376,51912.96375520327,1,17.05103333791097,11.0,38.19350051879883,410073.56842383306
986,202.2119179498295,1.3513421998977253,51959.72445227019,1,20.207599957784016,11.0,35.13290023803711,448044.354003187
987,279.6337815278803,1.1535729324980317,51183.535477064404,1,20.351499875386555,11.0,35.996299743652344,604349.3710002119
988,195.7946459070602,1.0969769195188588,51139.28773988615,1,16.92163340250651,11.0,46.52980041503906,279573.57481394906
989,135.21781613872338,1.1221492155860533,50863.30525038274,1,11.0,11.0,11.0,51400.71475459165
990,180.28678791302315,1.2395617931218863,51275.879719702105,1,17.200233459472656,11.0,48.20140075683594,246157.90813967396
991,237.58632412916717,1.3000923596333178,51828.987800770556,1,20.08859984079997,11.0,38.19350051879883,488110.5663091756
992,163.1126983722081,1.1177347710641423,51255.84550951112,1,15.556349754333496,11.0,20.112699508666992,150976.85988001237
993,346.002945426876,1.2841373415938468,51619.51467954984,1,33.88968308766683,11.0,55.0,2075022.2130164644
994,110.28317989780483,1.0000000661060322,50898.36499080767,2,60.8341007232666,59.757301330566406,61.9109001159668,1282326.635059636
995,210.70568415701706,1.0605445599976184,51008.64817070548,1,26.219079971313477,11.0,59.757301330566406,678272.772265785
996,176.1414479705486,1.2612128131313378,51001.390595028686,1,16.919299761454266,11.0,37.403099060058594,203135.42807786993
997,99.23458062704577,0.9999999963056571,51159.77171793576,2,35.8963508605957,33.59920120239258,38.19350051879883,402259.1730285378
998,200.43578515927157,1.7780519344144583,51259.0062985628,1,21.742380142211914,11.0,33.59920120239258,479927.2737125003
999,192.92097278502297,1.0903317470497305,51978.27276874492,1,16.37720012664795,11.0,34.1505012512207,190536.18008850532
1000,125.42249195008444,1.0000000526103587,51508.339845471106,2,51.672800064086914,26.345600128173828,77.0,1136332.859264461
1001,144.70154775336908,1.3785107340913823,51633.76233742119,1,15.891659927368163,11.0,26.345600128173828,115279.87374941836
1002,76.66412235958569,0.9999999846659623,51448.10210532511,2,24.96149969100952,15.556300163269043,34.36669921875,157167.98652302296
1003,124.21781613872339,1.1236486278261892,51524.7662276847,1,13.733799934387207,11.0,20.112699508666992,80949.42679412634
1004,147.7609121130336,1.0000000140690384,51792.81168827926,2,52.256900787353516,49.51380157470703,55.0,1268806.6339205361
1005,251.81813800246647,1.330602879497638,51940.5726003923,1,38.46761970520019,11.0,55.0,1796630.7598618919
1006,192.3244066186767,1.0448710879452587,50788.709136019366,1,11.0,11.0,11.0,73108.79773508942
1007,94.77737071685414,0.9999999625361642,51288.05911065096,2,37.979000091552734,33.0,42.95800018310547,431939.1359610241
1008,175.29861327151067,1.174835033884506,51382.83648136781,1,24.2,11.0,33.0,465230.60630692565
1009,239.8834575603669,1.0858078337060233,50790.42095244903,1,22.601600011189777,11.0,36.60960006713867,630153.6045845598
1010,163.6623742190718,1.0000000332676215,51134.77723557767,2,54.81449890136719,31.68470001220703,77.94429779052734,1636551.5134180612
1011,114.41852128858851,1.048240848907035,51298.43960979674,1,16.959479904174806,11.0,31.68470001220703,137654.9233291134
1012,246.51334267482454,1.0363769217390721,51027.59673598261,1,28.182599703470867,11.0,86.75749969482422,1685788.0845125
1013,157.1114254279427,1.0000000365995567,50832.02815398013,2,54.897748947143555,51.225399017333984,58.570098876953125,1489752.1413257846
1014,92.81097053269458,1.0000000435400633,50989.139579408074,2,40.69719982147217,30.16900062561035,51.225399017333984,493696.35876925016
1015,129.14104794965144,1.1126551086814749,51081.95054994077,1,20.348599910736084,11.0,30.16900062561035,198514.39804567114
1016,184.7678617308723,1.1326009029788637,50947.5378876035,1,19.85503323872884,11.0,45.90480041503906,303113.66329439
1017,220.56162654236738,1.0876373704878628,50821.65657306378,1,19.97361660003662,11.0,55.729000091552734,566647.5441055815
1018,122.91600791280484,0.9999999993263642,50149.18799399431,2,40.480499267578125,22.390899658203125,58.570098876953125,674896.7014878965
1019,201.4188228479766,1.04313566431643,50272.104001907115,1,22.078179931640626,11.0,33.0,344451.4822353589
1020,283.8636839492008,1.172990429542152,50511.06893527738,1,22.26058292388916,11.0,51.225399017333984,512946.01890594815
1021,258.2563850594112,1.1317923865353985,50193.00925958487,1,23.498050053914387,11.0,63.98830032348633,1010788.762113938
1022,325.59019850312484,1.085155501817373,20718.568831034045,1,39.860615730285645,11.0,131.05099487304688,4492920.092058783
1023,232.91855929661912,1.0694694036965586,52830.87871049365,1,24.483779907226562,11.0,38.19350051879883,589053.9920198551
1024,144.3920013790716,1.1346199167445334,52325.67433199265,1,16.798320007324218,11.0,30.8789005279541,146125.4593062499
1025,264.72092793628997,1.1093367308486686,52633.73086983734,1,34.832519912719725,11.0,55.04990005493164,1221948.5424690368
1026,141.67951190643583,1.054320967013956,53281.89164755226,1,19.46565971374512,11.0,44.215599060058594,267527.8828896165
1027,63.601254519499555,1.0000000158798454,52496.37859491095,2,26.46815013885498,19.07069969177246,33.8656005859375,143623.62027224124
1028,108.82177008877038,1.0973717024925798,52559.97984943045,1,13.017674922943115,11.0,19.07069969177246,63867.24656881076
1029,142.2183475199393,1.090676729974553,52485.40508503618,1,17.045100021362305,11.0,32.11280059814453,177563.60791504395
1030,214.3497410144821,1.0066342053185284,52557.00459596161,2,53.582733154296875,38.19350051879883,71.32929992675781,2144240.5537610273
1031,103.0822698462253,1.0749406844755063,52771.35433697609,1,36.46233367919922,33.0,38.19350051879883,440343.93585782486
1032,187.2810986873647,1.0323259068852741,52983.51140693323,1,23.445079803466797,11.0,33.0,413935.49179966364
1033,160.16299066503703,1.0700960656482694,52828.146534625055,1,18.615499877929686,11.0,30.852100372314453,214841.17537010874
1034,281.4882542628602,1.1694844044060464,52381.79352055037,1,22.046760177612306,11.0,33.0,698866.9718751903
1035,172.66022317683203,1.0989667303050996,52221.724171755195,1,16.467619705200196,11.0,20.112699508666992,150230.19707840562
1036,235.69743081577727,1.1323186809447392,53077.808699826855,1,25.019439697265625,11.0,59.097198486328125,945943.9171403055
1037,162.9741998404085,1.0375552901027592,52235.25184912391,1,19.261000061035155,11.0,52.30500030517578,344340.89096220955
1038,253.8638415782244,1.1947890110220114,53066.868764272134,1,31.0731201171875,11.0,62.17210006713867,1309081.201145289
1039,170.13022797739205,1.1884729920181563,52635.131195414964,1,17.399600219726562,11.0,42.99800109863281,216693.59635790857
1040,128.22539674441617,1.0823117512124658,52109.091607435956,1,11.0,11.0,11.0,48742.667108242415
1041,285.306733526367,1.0509408282104313,52929.06455533786,1,25.6533203125,11.0,62.2666015625,863222.3972576992
1042,147.40373103802597,1.1166949321062574,52552.53522586855,1,14.645079803466796,11.0,20.112699508666992,115163.3623637564
1043,257.9170722352932,1.0687439993522971,52690.73644364282,1,35.89015922546387,11.0,82.33809661865234,1725673.6772241003
1044,210.70509497011142,1.3396011206661567,52009.028079171425,1,23.773899841308594,11.0,74.86949920654297,899560.1337391969
1045,131.44321288313958,1.1094723629836525,52275.08131143902,1,11.0,11.0,11.0,49965.8639996979
1046,226.2417190107709,1.0812270846588818,52411.76757799379,1,24.603279876708985,11.0,33.0,499421.30430195923
1047,155.0708631543341,1.1144935011719814,52018.93523623498,1,18.261240005493164,11.0,38.19350051879883,208174.7761308439
1048,177.66507530834386,1.0457601878259395,52262.95619334669,1,18.05992012023926,11.0,37.1869010925293,227124.22745978562
1049,160.2119312280974,1.2194231476970065,51787.70350541685,1,23.088119888305663,20.112699508666992,33.0,257646.24616910628
1050,113.21781613872338,1.1806340407184763,51257.76541472534,1,11.0,11.0,11.0,43037.79511073562
1051,96.48760628544291,1.000000041990433,51597.205843078715,2,56.84185028076172,50.68980026245117,62.993900299072266,983219.0062281189
1052,208.59782398744727,1.0159709977724303,51693.69344936416,1,26.422450065612793,11.0,50.68980026245117,790613.4190067678
1053,271.9558589232921,1.1786351753597177,51535.84429095586,1,30.209279251098632,11.0,79.70829772949219,1562658.5454929564
1054,174.2351181009008,1.0675161573945384,52131.44340855522,1,26.216979217529296,11.0,68.8594970703125,648903.3773774051
1055,182.47601485801272,1.0490983923721793,52107.80119822561,1,15.867359924316407,11.0,26.22410011291504,195569.99663802556
1056,291.19178367707445,1.0872578101693249,51476.783624118085,1,30.974659729003907,20.112699508666992,51.225399017333984,813932.9221421278
1057,151.063999184852,1.1052115453767055,51381.19470114617,1,19.0450798034668,11.0,33.0,185122.90280686505
1058,116.00474701820241,1.0000000132305276,51714.46512333498,2,53.32979965209961,48.089500427246094,58.570098876953125,1039826.920218725
1059,135.4291608812348,1.0405320441734276,51830.46987035318,1,22.89252471923828,11.0,58.570098876953125,381868.28235430166
1060,129.3229339052387,1.1312822824421254,51540.64964977901,1,16.467619705200196,11.0,20.112699508666992,111885.60119018394
1061,151.67522629021965,1.16535413964968,52550.85048162183,1,19.0450798034668,11.0,33.0,197432.50935725012
1062,137.8940451351861,1.0626756025854989,52517.9700901109,1,16.873519897460938,11.0,31.254899978637695,173203.17978266417
1063,236.88493740067787,1.050800100168785,51274.3553583874,1,27.090159606933593,11.0,51.225399017333984,854270.9295475439
1064,229.37829434280079,1.1354961400436954,51940.79404259337,1,24.28695945739746,11.0,68.32209777832031,982686.7257546685
1065,113.64744715702044,1.095706566698018,51955.67492431189,1,11.770299911499023,11.0,14.851499557495117,50283.07021378847
1066,183.56400063144957,1.13544985574115,52358.773069057985,1,19.8,11.0,33.0,349628.6198678992
1067,214.1051177665153,1.3368000124562989,52016.80109826878,1,22.661240005493163,11.0,38.19350051879883,577814.9969227631
1068,128.2809416865966,0.9999999755410116,51296.588561940494,2,58.95089912414551,38.19350051879883,79.70829772949219,1458412.6055119752
1069,125.0822698462253,1.1150296126592623,51424.86950362709,1,24.596750259399414,11.0,38.19350051879883,358347.22509436414
1070,166.66184962629146,1.0696333178513378,51222.761719330396,1,20.136980056762695,11.0,47.572200775146484,292190.90378797444
1071,248.4253628495371,1.0114169903884267,51474.97542783959,1,27.416839599609375,11.0,49.51070022583008,925155.7731767735
1072,220.77981963416255,1.1587935290236029,51870.2093931462,1,26.109499359130858,11.0,68.32209777832031,895006.0184381043
1073,118.03021510036186,1.087675853867827,51852.539211064824,1,12.822539901733398,11.0,20.112699508666992,69021.76564469631
1074,139.27970984110314,1.126053960048114,51099.096952420696,1,16.850519943237305,11.0,31.13990020751953,134626.64836795273
1075,265.3279596536881,1.2472529367512024,51837.376482827436,1,30.50949935913086,11.0,68.32209777832031,1246654.61054194
1076,218.9055618205039,1.205350697967092,51974.88307708034,1,24.57686004638672,11.0,38.65890121459961,630730.5182993963
1077,173.8348422532045,1.0578006694663142,51353.80630915087,1,16.069619750976564,11.0,36.34809875488281,233096.9898572443
1078,205.32986544303282,1.077510378674876,51762.45127408649,1,18.949700164794923,11.0,50.74850082397461,451192.2080413757
1079,194.3838436436456,1.0589453071032398,51893.49705607634,1,20.867619705200195,11.0,51.225399017333984,548007.4789802657
1080,254.96573453346514,1.221624909591226,51308.475553599834,1,30.422539901733398,11.0,55.0,1044812.9114977707
1081,182.08820400855495,1.0678747377394615,51540.56026670048,1,20.862419509887694,11.0,32.9739990234375,295470.79159233044
1082,152.3836074052784,1.2538267362995026,52140.87771069395,1,15.094160079956055,11.0,22.35810089111328,110662.65085745133
1083,102.42205917609537,1.0000000104530864,51616.12974721785,2,44.709449768066406,38.19350051879883,51.225399017333984,647747.8918714483
1084,166.3305145109315,1.380348105866315,51718.551806393945,1,31.076550006866455,20.112699508666992,38.19350051879883,452807.6576566938
1085,211.6393964142654,1.068885840476088,51728.64428987938,1,19.8,11.0,33.0,427347.16621511173
1086,182.80841262309235,1.1598617492326646,51244.37518917052,1,17.570399856567384,11.0,34.73929977416992,283660.2771059936
1087,223.21781613872338,1.212710578434631,51635.70761525204,1,23.98059997558594,11.0,57.6776008605957,747454.6590058204
1088,225.93847670447613,1.4860590245716931,51660.476120412546,1,27.914939880371094,11.0,55.349300384521484,789411.8992773716
1089,232.3038405044431,1.0666468594472087,51514.95897640287,1,26.0225399017334,11.0,33.0,640329.7949112866
1090,128.83436750606495,1.0508772600309382,51712.45543677392,1,14.30099983215332,11.0,20.112699508666992,103654.43935944393
1091,160.08870985125583,1.0945297877986373,51738.471090469226,1,19.876039886474608,11.0,37.15480041503906,260332.4663021555
1092,256.9987442658593,1.1748030531812204,50864.32165551203,1,39.02085990905762,20.112699508666992,75.9916000366211,1438115.3270239017
1093,198.37350451649158,1.0988262793517931,51619.90402428238,1,25.64767990112305,11.0,40.238399505615234,615905.4723402291
1094,180.69661120366322,1.2149032245195608,50786.56618912034,1,18.58943977355957,11.0,30.721799850463867,221402.1050490014
1095,160.78792466242774,1.0775857457949576,51382.83648136781,1,19.0450798034668,11.0,33.0,204558.69025162415
1096,154.40800525064168,1.067220349168833,50559.159063997366,1,15.4,11.0,33.0,138764.39344932465
1097,244.62476991399961,1.2330753220924484,51391.0761897393,1,28.84728012084961,11.0,60.01100158691406,965826.180873363
1098,147.58911487275114,1.0656755110806186,51223.06759371079,1,18.189080047607423,11.0,46.94540023803711,202400.39419510917
1099,155.68245488990738,1.0579644909593244,50701.02016263204,1,21.04108009338379,11.0,52.09270095825195,392542.94938097417
1100,246.87966519568099,1.051522521029088,51228.168276351535,1,23.91989974975586,11.0,53.5994987487793,1017110.5432015279
1101,321.5534818513684,1.0543246642184356,51134.77723557767,1,36.83393936157226,11.0,77.94429779052734,2834387.307055942
1102,188.2571873811941,1.074270516182287,50359.850982878634,1,25.808219146728515,11.0,66.8156967163086,794848.2933800231
1103,184.55591125534767,1.0653919664120306,50401.764289359286,1,25.98163948059082,11.0,58.570098876953125,595154.6743633167
1104,144.33051451093147,1.10892310284905,51015.13837590053,1,19.0450798034668,11.0,33.0,206690.4638006292
1105,63.82779079242369,1.0000000232779966,50953.270379000154,2,28.01550006866455,20.112699508666992,35.91830062866211,161556.95920532284
1106,82.10511776651529,1.125255678138998,51017.098169792574,1,15.556349754333496,11.0,20.112699508666992,64206.66496128774
1107,288.7260004818585,1.2551927870975663,50579.103969073876,1,28.414980316162108,11.0,54.07490158081055,834024.9591464604
1108,149.44640684849676,1.0541551566568088,50755.70869191788,1,20.014199829101564,11.0,37.84560012817383,249673.12376654331
1109,36.73375280478828,0.9999999891228806,50497.53709447146,2,50.079851150512695,47.24980163574219,52.9099006652832,289736.55411014473
1110,198.51713446232486,1.0818743095159664,50534.270847276246,1,29.139000415802002,11.0,47.24980163574219,805455.5942868289
1111,122.0005432919813,1.0910648011684463,50272.104001907115,1,15.100719833374024,11.0,22.390899658203125,103985.26851988191
1112,82.0152558347301,0.9999999639782591,50191.566586687884,2,27.795499801635742,23.086700439453125,32.50429916381836,200968.69432476387
1113,154.08285292665198,1.1002838484059314,50273.58184252262,1,16.29984998703003,11.0,23.086700439453125,180919.0543833623
1114,315.13312779805517,1.0706434635651279,50544.04750520774,1,42.83870010375976,33.0,55.0,1876430.9224062501
1115,187.1047123650347,1.1786898542668123,50633.090376864166,1,25.4725399017334,11.0,33.0,368172.3449631836
1116,268.6814131314882,1.1290729707823584,50511.06893527738,1,24.483779907226562,11.0,51.225399017333984,1062764.503509894
1117,169.90062303463583,1.060802083379974,50092.3490025414,1,22.690159606933594,11.0,51.225399017333984,334705.7648324867
1118,235.85012074401197,1.0358480916878334,49786.61884793031,1,35.821600341796874,11.0,113.10800170898438,2282289.2475392283
1119,192.11649418466075,1.0360633607848795,50193.00925958487,1,25.242739868164062,11.0,63.98830032348633,636880.7285439827
1120,77.02949212411113,1.0000000586041526,49514.6831877436,2,84.09944915771484,69.19889831542969,99.0,1729473.9422410203
1121,213.2928409122436,1.0847174186736848,49591.712679867705,1,43.34809970855713,33.0,69.19889831542969,1231822.240519361
1122,181.92613990231195,1.0953048021075336,49685.033873551634,1,20.867619705200195,11.0,51.225399017333984,376766.49021603423
1123,219.18417942655213,1.1008888900647706,49622.4201582449,1,26.306319808959962,11.0,51.225399017333984,808693.2979960141
1124,33.00049005491344,1.0000000537465819,20897.11510535568,2,129.2670021057129,121.9540023803711,136.5800018310547,1734237.8604657627
1125,133.34302334780796,1.0000000432694793,20930.115595410593,2,101.7258529663086,81.4977035522461,121.9540023803711,4392073.596453629
1126,201.67366350526817,1.0001201797796337,21063.4586187584,1,41.832567850748696,11.0,81.4977035522461,1589204.2049865515
1127,286.2301457513647,1.1188208632056151,5498.372846290486,2,75.18813069661458,68.32209777832031,82.33809661865234,4811818.651072792
1128,209.18194952054762,1.0253031659003184,5784.602992041851,1,65.84386571248372,38.19350051879883,82.33809661865234,3344382.4986354397
1129,170.70958648857948,1.111591469442183,3456.7225279895674,1,17.827339553833006,11.0,36.02399826049805,252002.90494267573
1130,472.98415391635535,1.0486195466965527,715.3562128164939,1,51.55206069946289,33.0,76.56680297851562,4710630.9590092115
1131,104.10511776651529,1.1153550537017412,52704.804760877174,1,13.278174877166748,11.0,20.112699508666992,57256.16941555559
1132,165.25376367195855,1.2042443672760654,53007.49748866831,1,34.48199987411499,11.0,73.81529998779297,1091381.8507888615
1133,170.04195585583852,1.0207196064878585,53474.79565191061,1,17.834524631500244,11.0,20.112699508666992,200887.0550521284
1134,144.60175424760064,1.2955471785443706,53494.60300607251,1,21.455100059509277,11.0,34.595001220703125,272370.50647163775
1135,91.21781613872339,1.108135803218289,52570.408482006766,1,11.0,11.0,11.0,34674.875466879595
1136,113.39143569008776,1.0616181086267713,53293.71819347462,1,18.82242488861084,11.0,42.28969955444336,170083.86756190882
1137,121.12324776671035,1.113289861037329,53255.533060005204,1,18.977924823760986,11.0,33.79899978637695,180441.95922117907
1138,148.1051177665153,1.092082823836931,52560.805343841974,1,22.0,11.0,33.0,372196.3676729808
1139,180.20584765398627,1.0502557465275348,52557.00459596161,1,28.3604998588562,11.0,71.32929992675781,954620.8914524975
1140,88.34241761564202,1.0019361138377967,52385.60299265808,1,11.849800109863281,11.0,14.399200439453125,39327.19474897759
1141,107.3229339052387,1.0400602780251103,52103.73213163703,1,13.278174877166748,11.0,20.112699508666992,68613.72357184158
1142,257.0317632972328,1.5836473134605757,52414.94243481343,1,29.858875274658203,11.0,64.43550109863281,1188442.6904945825
1143,116.53060510745783,1.1524416677364244,52688.15564613862,1,15.556349754333496,11.0,20.112699508666992,91127.59026413159
1144,156.97104418745522,1.1143072398358471,53061.041841839564,1,34.334524631500244,20.112699508666992,51.225399017333984,537798.8528425447
1145,186.32210727003283,1.1790477458740272,52105.9517141446,1,33.38104963302612,11.0,69.4114990234375,1186787.7920569764
1146,109.96745755259168,0.999999971994147,52098.47924371434,2,44.43789863586426,20.553699493408203,68.32209777832031,747906.9944405991
1147,53.14529854969633,1.0140004401231086,52208.446701266934,1,14.184566497802734,11.0,20.553699493408203,29582.27563898216
1148,219.8528728297037,1.059283195956882,52073.706656879294,1,29.52994966506958,11.0,54.00709915161133,951911.872321606
1149,147.65437675834767,1.0963064597948537,52147.53330843969,1,22.083749771118164,11.0,37.10960006713867,290028.5411556501
1150,129.9019090172537,1.087812623882901,51966.98006448578,1,21.977025032043457,11.0,36.682701110839844,240190.78661030217
1151,227.16320582955947,1.0970802378812372,52690.73644364282,1,34.334524154663086,11.0,82.33809661865234,1676505.7936106059
1152,174.3826422211108,1.1686962809306134,52784.95908232752,1,22.0,11.0,33.0,442426.6362263384
1153,137.31618034675276,1.0065843742158154,52242.97094512465,1,18.778174877166748,11.0,33.0,205791.55598345783
1154,220.14791273518338,1.144287203239192,51978.86539458617,1,37.179500102996826,11.0,84.60530090332031,1676673.5100413968
1155,153.29861327151067,1.0882373593772126,53007.82106078235,1,24.278174877166748,11.0,33.0,366728.12101673696
1156,142.21023553303058,1.2003535412480144,52205.65650807743,1,24.278174877166748,11.0,33.0,341678.84990529646
1157,184.86873322352267,1.011617265766207,51970.19664003384,1,32.37492513656616,11.0,87.38700103759766,1471030.4943252518
1158,79.92629337889383,1.049016538852785,51781.90138199136,1,11.0,11.0,11.0,30382.598224321016
1159,131.79550526812054,1.0937480509421968,52286.18165298483,1,21.056349754333496,11.0,33.0,221032.32109155407
1160,137.98404119849283,1.0717066098764043,52200.952047577804,1,18.778174877166748,11.0,33.0,237882.27031946712
1161,158.71125329102796,1.0622258544569823,51630.540525195225,1,25.612699508666992,11.0,51.225399017333984,411322.8674940153
1162,115.96499298635038,1.1438790052723797,52763.6333259223,1,14.464274883270264,11.0,24.857099533081055,86818.44376740023
1163,133.02699089144443,1.1389559488421248,52669.445014872166,1,19.516024589538574,11.0,26.838699340820312,180569.92289955745
1164,82.10511776651529,1.125255678138998,52053.87578787284,1,11.0,11.0,11.0,31210.841022398457
1165,132.43482643241583,1.0323811273286854,52258.460645637504,1,15.556349754333496,11.0,20.112699508666992,118773.71127115097
1166,123.07269539482266,1.1045921570409136,51594.99383991558,1,21.056349754333496,11.0,33.0,201327.0057085783
1167,91.21781613872339,1.108135803218289,51060.748463265874,1,11.0,11.0,11.0,34674.875466879595
1168,102.30619387720347,1.0960818527850607,51652.33590668717,1,16.5,11.0,33.0,101223.45523487609
1169,207.5522201564882,1.1771714809155265,52143.56273740902,1,37.66919994354248,11.0,68.4832992553711,1101306.5982190212
1170,115.43043260573106,1.0755762507803686,52564.64149281167,1,16.875699996948242,11.0,34.50279998779297,130541.10957349079
1171,126.10511776651529,1.0644151183152795,52613.87547566033,1,20.076550006866455,11.0,38.19350051879883,220033.31380890234
1172,222.53695312221112,1.0759203238563346,51491.16364547351,1,37.50149917602539,11.0,73.00599670410156,1269380.446072113
1173,265.771440790205,1.0762182666372269,51330.13799649333,1,28.39252471923828,11.0,58.570098876953125,1215550.1276123174
1174,175.73804814096172,1.0864010300487377,51994.95155557225,1,24.782700061798096,11.0,38.19350051879883,493338.19658510794
1175,106.22539674441617,1.079669101216376,51177.447154747075,1,17.798375129699707,11.0,38.19350051879883,147042.06066365945
1176,177.56349186104046,1.108646447164681,51208.3553583874,1,25.612699508666992,11.0,51.225399017333984,581255.7391818911
1177,152.0990098742605,1.0797216056762229,51277.48455486093,1,18.778174877166748,11.0,33.0,255637.3723063654
1178,115.13986712066387,1.0678515412807283,51449.568427114355,1,16.787625312805176,11.0,34.1505012512207,106280.50593950902
1179,114.02407621777375,1.0797729185537999,51457.16016485503,1,20.43594980239868,11.0,30.518400192260742,188132.2842675918
1180,115.39780268584275,1.0380539506505917,51997.0526526046,1,20.703474521636963,11.0,31.588499069213867,189650.9021630665
1181,132.0,1.095445117272085,51985.696124534144,1,22.0,11.0,33.0,306640.3869413877
1182,146.60816503256453,1.033625093426343,51039.88741154816,1,17.045000076293945,11.0,35.18000030517578,157657.48718546217
1183,126.10511776651529,1.2508360294818797,51029.74994003906,1,16.5,11.0,33.0,131565.8767486708
1184,55.03257133808173,0.9999999570823372,52213.00267785259,2,55.50979995727539,52.449501037597656,58.570098876953125,533272.0194827741
1185,117.75628893918847,1.0014484799885721,52268.035249190674,1,39.483167012532554,33.0,52.449501037597656,580805.4172607907
1186,123.66826273747297,1.1242553744519714,51818.73752668104,1,21.316024780273438,11.0,34.038700103759766,208497.0111792436
1187,131.6858079425264,1.1103242349113271,51659.32742863535,1,22.195424556732178,11.0,46.66899871826172,238102.61889561938
1188,104.10511776651529,1.1153550537017412,51746.78885139478,1,15.556349754333496,11.0,20.112699508666992,100037.84952345092
1189,109.29861327151067,1.0841323958440785,50720.28207987998,1,13.278174877166748,11.0,20.112699508666992,61317.51311496779
1190,149.75211792768786,1.129070329883624,51259.0062985628,1,21.20615005493164,11.0,33.59920120239258,247508.13527587667
1191,163.29942702704923,1.0294066228398697,52003.06729585038,1,26.119550228118896,11.0,40.365501403808594,478177.1561131695
1192,162.99635809679586,1.036978215297992,51633.76233742119,1,17.114574909210205,11.0,26.345600128173828,220083.6881888588
1193,132.08508643471282,1.1343894127038592,51633.76233742119,1,19.392749786376953,11.0,26.345600128173828,179966.69260733377
1194,108.06035080964317,1.125599939325732,51213.964711390494,1,12.944550037384033,11.0,18.778200149536133,57005.661903246735
1195,189.94368819913933,1.174859031334212,51901.38231559548,1,35.43092489242554,11.0,77.61100006103516,1180744.6133132933
1196,119.11269837220809,1.0618146448097157,51684.539498930535,1,17.834524631500244,11.0,20.112699508666992,140618.74707493506
1197,166.69832859272225,1.1019242687944457,51509.52906541915,1,22.55644989013672,11.0,35.225799560546875,408808.3889749058
1198,181.39624543776466,1.055700375801531,51508.339845471106,1,32.056349754333496,11.0,77.0,995282.9713050409
1199,129.3229339052387,1.0915757300864661,51655.62892791117,1,23.334524631500244,11.0,51.225399017333984,305578.1252627344
1200,135.21781613872338,1.0243773949903285,50937.752974404975,1,21.056349754333496,11.0,33.0,218435.36186662753
1201,171.0710187774315,1.0573458972651282,50768.48160768815,1,34.6146502494812,11.0,96.34590148925781,1468658.023161673
1202,102.30619387720347,1.0960818527850607,50972.35346716275,1,18.778174877166748,11.0,33.0,122568.01043407008
1203,103.52103101672233,1.1329515870032516,51697.53656464313,1,12.13907504081726,11.0,15.556300163269043,48384.606619177954
1204,155.3559739959365,1.1158801872531614,50567.40642249562,1,27.5,11.0,55.0,590529.4425966038
1205,137.19349550499538,1.158008757585983,50582.17845636463,1,24.278174877166748,11.0,33.0,354133.828110969
1206,110.1659251006134,1.1564899989978672,50379.49090323299,1,17.834524631500244,11.0,20.112699508666992,124794.24410196132
1207,205.2050833075174,1.033205323280882,51541.04360622547,1,28.635474681854248,11.0,72.42919921875,1111624.8026982236
1208,116.12740172763358,1.1364538010593817,51613.3699822545,1,16.406624794006348,11.0,23.5137996673584,99938.96823492117
1209,155.53236359323836,1.0538816036922123,51551.1050692836,1,22.354724884033203,11.0,38.19350051879883,296806.80821222416
1210,116.11417108564609,1.180178060771648,50595.87608950151,1,18.778174877166748,11.0,33.0,137428.44954494445
1211,93.19349550499538,1.0273974302511266,50491.72616862464,1,16.5,11.0,33.0,97759.42079039494
1212,176.6449601028445,1.0683517589139424,50881.32127935745,1,30.674999713897705,20.112699508666992,36.58729934692383,496459.19655894744
1213,117.17304918185127,1.0495524980628455,50580.516991604825,1,12.944550037384033,11.0,18.778200149536133,60469.69634772788
1214,150.66808757637446,1.0738045596156818,51441.495117228704,1,22.383575439453125,11.0,34.5343017578125,374132.0553089894
1215,129.67522629021965,1.1559729250168325,51490.23941294559,1,17.798375129699707,11.0,38.19350051879883,168545.88554744297
1216,111.05537683612972,1.0110769474020642,51088.868181014404,1,13.431950092315674,11.0,20.727800369262695,63469.76401971785
1217,122.68280689591244,1.1152982445082948,50808.44026759018,1,25.612699508666992,11.0,51.225399017333984,347990.2928154936
1218,294.9761797533304,1.2114241505856298,51191.47643986789,1,46.386874198913574,33.0,68.32209777832031,2246374.4773258204
1219,185.4036319219213,1.3717378468611516,51002.69289434984,1,32.227224826812744,20.112699508666992,42.796199798583984,667604.9179205366
1220,102.30619387720347,1.0960818527850607,50710.11130023702,1,13.278174877166748,11.0,20.112699508666992,58659.46546861855
1221,109.97213231289389,1.0000000226522534,50922.66301534328,2,48.42625045776367,41.852500915527344,55.0,815180.307354087
1222,140.09310260877623,1.0321798346996127,51032.63514765617,1,42.02596664428711,33.0,51.225399017333984,701028.8850400602
1223,140.14823375219055,0.9999999615867337,50413.095200964824,2,63.065650939941406,59.196800231933594,66.93450164794922,1753346.486456309
1224,143.07252491180577,1.0510688184803652,50553.24343471701,1,27.0656000773112,11.0,59.196800231933594,484556.636042118
1225,159.64802339311018,1.1143779490360681,50264.226794563016,1,22.246524810791016,11.0,37.76070022583008,314593.0414226513
1226,213.58954609560405,1.0113889779114495,50652.78255387643,1,40.29647493362427,11.0,78.8478012084961,1927328.4100617545
1227,123.10659047995331,1.0391054573512664,50652.70897051404,1,18.778174877166748,11.0,33.0,163363.14197450565
1228,168.20086635627658,1.023296225752179,50826.987688241876,1,28.351299285888672,11.0,62.1797981262207,676625.0755263915
1229,155.88598052687308,1.0811037155866439,50768.31464038105,1,27.208900451660156,11.0,53.835601806640625,623383.1075228208
1230,120.2102355330306,1.115355060668472,50137.170051134606,1,13.278174877166748,11.0,20.112699508666992,63378.25150638596
1231,160.16603486324453,1.076174942464923,50378.58214207766,1,28.645724296569824,11.0,63.35749816894531,647760.1189714002
1232,194.3226118019125,1.1618129508925332,50623.19243647902,1,31.076550006866455,20.112699508666992,38.19350051879883,621151.1561604238
1233,216.09589046251972,1.1248740977476397,50640.2591243893,1,27.5,11.0,55.0,1009824.3871613655
1234,112.17842929904127,1.0000000057866645,50764.67763811387,2,69.13919830322266,58.570098876953125,79.70829772949219,1697765.505790504
1235,161.37192480403664,1.0271177304300436,50876.85606741291,1,41.52336629231771,33.0,58.570098876953125,926267.8429507487
1236,229.93678957527402,1.1017029809537886,50580.41583488752,1,34.29837512969971,33.0,38.19350051879883,847732.6521504403
1237,147.18914671611543,1.0853287273792342,50171.67113060161,1,21.056349754333496,11.0,51.225399017333984,374242.698182322
1238,199.3776912431362,1.044099815295485,49922.09430587858,1,36.612749099731445,11.0,113.45099639892578,1967280.4369507919
1239,230.29382040125174,1.0346343277327432,49995.18440145192,1,38.00392532348633,33.0,53.01570129394531,1102672.2464612052
1240,158.3153532995459,1.0076629287946162,50434.996241381006,1,26.556349754333496,11.0,55.0,588136.9651333827
1241,137.4623288219791,1.0607071546917497,50531.717376549364,1,20.739500045776367,11.0,49.95800018310547,299874.9730848925
1242,280.4501326856564,1.1529867679315295,50549.48221431791,1,38.993499755859375,33.0,51.78049850463867,1422257.3992475052
1243,188.84141846126505,1.1230185241562751,50255.83621152655,1,33.66574954986572,11.0,58.570098876953125,1284247.1082050614
1244,160.38740265928917,1.1636643850206791,50211.72537714753,1,25.399174690246582,11.0,46.59669876098633,495220.11886775086
1245,197.49875782532,1.0365996445572219,50251.7265762969,1,34.65310001373291,11.0,87.38700103759766,1385637.0113463693
1246,168.35148443714675,1.0357699749947733,50307.0567738561,1,30.7084002494812,11.0,80.72090148925781,1063752.1020003643
1247,165.96115416659723,1.001858855448439,49591.712679867705,1,25.549724578857422,11.0,69.19889831542969,740969.9107363882
1248,211.29683119172157,1.0105083836309434,20078.78818535936,1,39.9831748008728,11.0,117.81999969482422,2943535.240705876
1249,265.35450035433087,1.0515691678717958,20002.555747827988,1,56.156949520111084,11.0,125.19300079345703,5745298.293073414
1250,247.65896248781888,1.0318087602977237,17580.77579842738,1,42.95977449417114,11.0,89.5009994506836,2662464.7499177107
1251,201.9000256097483,1.0495341981407704,3675.3193759145656,1,40.88362455368042,11.0,77.42179870605469,1731012.9588685462
1252,72.24099291191965,0.9999999390576869,3555.9538316203925,2,69.04214859008789,57.73609924316406,80.34819793701172,1091508.0946680903
1253,161.42225181157622,1.0241778617305897,3628.194824532312,1,29.61626625061035,11.0,57.73609924316406,662469.2145334412
1254,203.24448631451077,1.3446373127977864,3403.5394693260364,1,32.81614971160889,11.0,54.26459884643555,843761.2135828006
1255,150.51562356520316,1.0198883568598052,3268.8325752295923,1,26.556349754333496,11.0,51.225399017333984,538241.6113103621
1256,216.19209395429624,1.224076313540413,2993.7348467995744,1,40.55552434921265,11.0,68.32209777832031,2170348.6801268123
1257,151.4656417335725,1.0000000298849385,2833.1627031551784,2,65.62254905700684,54.24509811401367,77.0,2069665.2273661497
1258,190.97606964952837,0.9999999760743766,2984.6283448887507,2,81.56669998168945,77.0,86.1333999633789,3995840.626501919
1259,104.17499455858642,0.9999999917084051,3175.604414538279,1,81.56669998168945,77.0,86.1333999633789,2179679.735680008
1260,274.39452972799336,1.0587465971422507,1748.4711689972878,1,42.76784944534302,11.0,88.7332992553711,3236894.742572468
1261,127.00847513010291,1.0049698886275245,53560.34229363112,1,18.333333333333332,11.0,33.0,169790.47786684122
1262,170.82037828131106,1.0741720140942037,52959.63040951156,1,45.00906626383463,33.0,69.0271987915039,1180088.695918066
1263,76.2102355330306,0.9999999991776364,52485.772186989234,1,17.075133005777996,11.0,20.112699508666992,78223.89439220574
1264,90.86518493997991,1.0091409524193398,53209.25859892396,1,16.630299886067707,11.0,20.112699508666992,92497.5618897074
1265,104.3164625090267,1.034714467464963,52771.35433697609,1,20.06450017293294,11.0,38.19350051879883,180755.07471899065
1266,91.57010852370435,1.009500648894834,52334.885906734504,1,18.333333333333332,11.0,33.0,122961.70349616182
1267,65.12628944168216,1.0036719575172595,52559.97984943045,1,13.69023323059082,11.0,19.07069969177246,36563.22077183964
1268,107.3351950198059,1.0503638613615496,53231.01031418053,1,18.333333333333332,11.0,33.0,128523.67915521194
1269,163.61445963313466,1.1154863652345464,52711.42059868559,1,33.51933288574219,33.0,34.55799865722656,578529.2065885437
1270,83.19189175027842,1.1102684718187135,52133.24822895295,1,11.0,11.0,11.0,31623.958958317402
1271,167.68242758803095,1.0689075641325145,53322.701895259415,1,24.285932540893555,11.0,41.74509811401367,435083.7692652902
1272,157.16260683493798,1.0295998052655206,52445.91116906192,1,30.574299494425457,11.0,60.610198974609375,690229.8498781648
1273,154.60636308287064,1.0684966792318396,52307.29548691997,1,55.705101013183594,38.19350051879883,77.69640350341797,1388245.92745465
1274,105.28207622640693,1.052680214292343,52208.446701266934,1,14.184566497802734,11.0,20.553699493408203,75477.10388847759
1275,102.86425867507666,1.0426390486873074,52214.30285323719,1,21.370899836222332,11.0,33.0,176092.95365374416
1276,135.3085746238367,1.0638205065787116,52570.6132200795,1,39.49300003051758,33.0,52.479000091552734,630420.3597284948
1277,152.37991449563157,1.1832803301670216,52604.53821915527,1,21.62030029296875,11.0,33.0,299938.7487992773
1278,131.44321288313958,1.1949382989376325,52806.46096077041,1,18.333333333333332,11.0,33.0,168235.41116679815
1279,156.70832376358854,1.0281317367586253,52693.86295719983,1,37.532232920328774,33.0,46.59669876098633,681553.2242701793
1280,85.631337105911,1.0281999374632105,51874.41154862142,1,11.0,11.0,11.0,32551.27198810445
1281,149.67293732371687,1.1862752013853561,51821.65790665952,1,31.035899480183918,11.0,61.994998931884766,671773.9495679316
1282,91.99389210774521,1.0141725861675683,52316.55822966669,1,17.075133005777996,11.0,20.112699508666992,98282.38454179934
1283,81.52103101672233,1.0587146885288614,51922.839372317554,1,12.518766721089682,11.0,15.556300163269043,40021.68697532193
1284,131.1718059734765,1.0154470863652532,52281.59532397427,1,29.43089993794759,20.112699508666992,35.18000030517578,310221.5007597559
1285,86.46589068933059,1.0382206608488609,52610.92142764063,1,11.0,11.0,11.0,32868.512793166024
1286,85.7519234012727,1.0223489839751836,52199.28425540133,1,12.283833185831705,11.0,14.851499557495117,39678.97414763275
1287,169.98774284748754,1.0259715107832565,52198.00917330297,1,23.28863271077474,11.0,47.86589813232422,420336.262272888
1288,90.34185096952478,1.0063729535966786,52851.96806538518,1,18.333333333333332,11.0,33.0,120938.46856409615
