segment_id,length,tortuosity,root_dist,strahler_index,radius_mean,radius_min,radius_max,volume
0,112.68283854051974,1.0926586279430708,11123.123977819041,1,15.637249946594238,10.0,32.54899978637695,115309.5166464629
1,214.1249341866793,1.0130297791659042,10401.607843493583,1,30.86299991607666,10.0,53.45199966430664,861843.9782975147
2,159.5853279500704,1.0745752466885619,10591.953434552563,1,30.825599670410156,10.0,73.30239868164062,908815.6869304313
3,1073.535052577415,1.151021852090482,0.0,6,60.764722400241425,10.0,231.2969970703125,41597884.858890995
4,260.5387265785649,0.9999999991245995,1073.5350525774152,6,209.13700103759766,186.9770050048828,231.2969970703125,35934053.01803403
5,194.5284095256509,0.99999998797305,1334.07377915598,6,144.09850311279297,101.22000122070312,186.9770050048828,13064248.21408138
6,144.3903311776081,1.000000078629851,1528.6021886816309,6,77.23280143737793,53.245601654052734,101.22000122070312,2792775.3617607295
7,69.36461521813807,0.9999999830474822,1672.9925198592389,6,51.68520164489746,50.12480163574219,53.245601654052734,582307.2795530414
8,95.6133293659488,0.9999999446749458,1742.357135077377,6,45.713951110839844,41.3031005859375,50.12480163574219,629667.8546758242
9,140.3506930223729,1.0000000019476174,1837.970464443326,6,38.012250900268555,34.72140121459961,41.3031005859375,638697.5645166093
10,38.71721399199273,1.0000000339639836,10689.776684622913,2,53.7997989654541,49.12189865112305,58.477699279785156,352946.073874735
11,118.81633136597328,1.0610243860810424,10728.493898614906,1,25.802066167195637,10.0,49.12189865112305,363885.1419275781
12,176.1351392383489,1.0447854089388653,10716.051704202286,1,28.275150299072266,10.0,83.10060119628906,1129771.6709971917
13,173.5197663138586,1.0741903378098734,10702.269725940385,1,18.220999717712402,10.0,42.88399887084961,307767.9064568077
14,410.6227627368999,1.0372340743723565,1978.321157465699,6,33.548316955566406,30.0,46.56850051879883,1498549.7780637825
15,192.43929600463082,1.1024255248978612,11051.761088436053,1,30.28392457962036,10.0,62.85139846801758,881359.9765241129
16,97.566303550217,1.0400603318536528,10492.118876865963,1,12.071074962615967,10.0,18.284299850463867,53661.84462127095
17,217.40963185335497,1.0659383956922943,10807.928037363481,1,31.213199615478516,10.0,74.85279846191406,998790.4913825021
18,149.6899561620387,1.0241842212448682,10472.598158858927,1,19.686924934387207,10.0,32.179100036621094,223655.71922123386
19,184.9088928546547,1.0172735866764469,10193.117670584783,1,32.36067581176758,10.0,79.44270324707031,1281645.239148947
20,116.99532134166043,1.0953744526020315,10322.92540573941,1,24.722050189971924,10.0,40.60390090942383,238046.1318697956
21,217.8990852156191,1.3115983665808397,10143.073407223943,1,36.82872438430786,10.0,72.46209716796875,1694115.492582038
22,96.5685424949238,1.0796691347054441,9656.727117100261,1,16.2132248878479,10.0,18.284299850463867,89997.59999116353
23,153.33698494947828,1.0945686678548991,9936.68488220665,1,24.00547504425049,10.0,46.02190017700195,475353.18585419795
24,108.2842712474619,1.0618146159235824,9238.28276716966,1,17.071074962615967,10.0,30.0,136582.37297072037
25,169.09327140138862,1.3807953465052512,9966.245457308258,1,25.15542459487915,10.0,42.337398529052734,519778.73548893665
26,159.92162919147947,1.1881981187332429,9824.033164682018,1,22.348999500274658,10.0,51.111698150634766,478307.2999084843
27,199.51014494932195,1.162319891479575,9832.536745511661,1,40.971275329589844,30.0,52.59519958496094,1095208.2973912875
28,133.00563079745768,1.0515018563281184,9178.28276716966,1,19.142149925231934,10.0,30.0,177269.29333893867
29,152.62060586270468,1.0384516460206044,9576.320695735758,1,17.071074962615967,10.0,30.0,211598.19258824276
30,143.86416391618087,0.9999999837097394,9223.742329845618,2,57.04854965209961,35.08000183105469,79.01709747314453,1543637.3310561653
31,117.42113918831113,1.1505871872909088,9367.6064937618,1,21.12143389383952,10.0,35.08000183105469,238014.25708893838
32,155.52334190721086,1.0919634102140832,9318.238143243145,1,27.80097484588623,10.0,61.20389938354492,683526.0610964308
33,171.43107479506844,1.133405610718969,9095.986464958054,1,23.300899982452393,10.0,54.9193000793457,526074.624410799
34,157.24081856697188,1.0651982258785662,8867.826316865561,1,22.8403000831604,10.0,53.076900482177734,471542.51816430595
35,177.88651561447284,1.0746517685625028,2090.351670220711,1,19.142149925231934,10.0,30.0,261061.47490094835
36,290.7247017690456,1.15946097414996,1720.919369644823,1,58.195199966430664,34.72140121459961,101.22699737548828,4044085.437706609
37,229.44858595112478,1.0000000351724359,1073.5350525774152,3,303.14849853515625,231.2969970703125,375.0,67484397.80831687
38,162.6282618999647,0.9999999785960045,1302.98363852854,2,265.58599853515625,156.1719970703125,375.0,38076413.03705112
39,191.7525435854674,0.9999999758422713,1465.6119004285047,1,136.3314971923828,116.49099731445312,156.1719970703125,11275574.511379668
40,179.85682255430333,1.1808179045787173,54273.818274783254,1,42.27746709187826,30.0,62.111000061035156,1118581.4641448616
41,118.2842712474619,1.0105707468633829,54132.788647841095,1,19.42809995015462,10.0,30.0,186308.90316154395
42,129.72225936499984,1.1338554371912788,52595.639813109374,1,32.82023366292318,30.0,34.72140121459961,460305.4479853851
43,137.08474915649794,1.0114715189063221,52970.26886162161,1,26.403000513712566,10.0,50.92470169067383,457930.24706026044
44,118.40052576563522,1.0610430369152972,53299.89610131062,1,26.09476661682129,10.0,50.0,351181.96723036235
45,150.8374322321823,1.0202534882197676,52518.265275601065,1,26.431767145792644,10.0,51.01100158691406,493187.1047535199
46,166.99537773715184,1.0346347456856992,49445.49763578531,1,35.28283373514811,10.0,77.56420135498047,1208790.8989154224
47,175.29419921159638,1.1037296480408005,41495.87269966825,1,61.24133555094401,34.72140121459961,95.75700378417969,2475300.3528381875
48,195.64659966250537,1.036924883349606,40555.68016928378,1,50.4737663269043,30.0,74.85279846191406,1879679.853144498
49,114.98460352785644,1.07688362067855,39793.26735184668,1,22.857133229573567,10.0,48.5713996887207,276259.7677910469
50,141.33892229503567,1.050241852732087,29358.778524965288,1,25.941933314005535,10.0,49.541500091552734,482371.36614171544
51,132.47221879201993,1.0456523175669854,29142.001418814245,1,24.9509334564209,10.0,46.56850051879883,408010.66642512457
52,62.92528739883945,1.0487547899806575,13312.625955689478,1,15.522866566975912,10.0,18.284299850463867,52094.542737961645
53,5240.559167630414,1.5543034681117212,2388.9439202025987,6,25.065090116563734,10.0,57.51020050048828,14375962.904590264
54,77.96248888719299,1.0222226011396092,12817.83089282094,1,11.167099952697754,10.0,13.501299858093262,29814.00042382904
55,71.4898495151619,1.0043363518478627,12982.619328291104,1,10.0,10.0,10.0,22459.198470919702
56,73.0056307974577,1.0124059791645021,12960.445168730694,1,12.761433283487955,10.0,18.284299850463867,37788.598760970795
57,83.6308110070411,1.1597507230750934,12463.669725130438,1,15.522866566975912,10.0,18.284299850463867,73841.21339987247
58,94.2484388903373,1.1103371550599825,12368.8970698975,1,16.405066808064777,10.0,29.215200424194336,88639.068150209
59,180.9284045346555,1.0033015664753264,12586.964632054656,1,26.401767094930012,10.0,50.92100143432617,613450.8142765312
60,114.1394438087847,1.0489623167534203,12392.720819190505,1,19.42809995015462,10.0,30.0,170810.85117782996
61,116.56639973761962,1.0000000095826427,12346.401024815603,2,40.60669994354248,31.21339988708496,50.0,614606.0658133419
62,41.93149174546501,0.9999999974639197,12462.967424553222,1,30.60669994354248,30.0,31.21339988708496,123418.44700318991
63,129.54451150103324,1.0115726847157245,12191.167672598247,1,23.333333333333332,10.0,50.0,361898.88706160017
64,104.76956395135367,1.1824976873979713,11692.982921141345,1,15.522866566975912,10.0,18.284299850463867,98610.9952232476
65,110.97865736806948,1.0130421744407712,11787.888635820982,1,19.85529963175456,10.0,39.56589889526367,202651.44717006062
66,79.36237570137334,1.0605243913135205,11461.041635545773,1,21.00190035502116,10.0,34.72140121459961,124236.04285128498
67,79.76968181563443,1.0428747952330646,11710.094134923773,1,19.42809995015462,10.0,30.0,114402.53373060227
68,103.92304845413264,0.9999999858296579,11550.28788780248,1,15.522866566975912,10.0,18.284299850463867,95153.81837925878
69,134.89125293076057,1.040708665304009,11750.62614821561,1,24.41520055135091,10.0,53.245601654052734,423477.4418255048
70,73.0056307974577,1.0124059791645021,11630.380902674917,1,12.761433283487955,10.0,18.284299850463867,47182.589554459075
71,125.27009495381601,1.0092503987229242,11702.602716434863,1,25.524266560872395,10.0,56.57279968261719,401550.8471278419
72,123.84117207143248,1.0073847970173617,11741.1182228335,1,23.74619992574056,10.0,42.95429992675781,299328.3924303787
73,113.13708498984761,1.0000000002555316,11003.200413725135,1,27.176633834838867,10.0,53.245601654052734,386414.2167435133
74,79.36237570137334,1.0605243913135205,11835.517253242386,1,12.761433283487955,10.0,18.284299850463867,39785.62962601708
75,110.92044297293214,1.0004288576223115,10940.683021125624,1,23.92733319600423,10.0,43.49769973754883,279765.9561272004
76,77.27406610312546,1.0326181795099634,11379.537454301175,1,12.761433283487955,10.0,18.284299850463867,40547.233716171635
77,137.2276904813025,1.0141761339546904,11726.780120557656,1,21.969532648722332,10.0,37.624298095703125,296401.1238229927
78,120.51937831086653,1.0000626722672892,11312.48276326549,1,20.99380048116048,10.0,34.69710159301758,217774.96284080314
79,142.27156632896146,1.1751729780860145,11410.887399208044,1,26.09476661682129,18.284299850463867,30.0,265619.6687948248
80,138.5640646055102,1.0954451347622816,11473.96263877174,1,30.13176663716634,10.0,62.111000061035156,602196.0144464701
81,111.6515138991168,1.0192342273800994,11337.81252180311,1,24.41520055135091,10.0,53.245601654052734,339089.07144211594
82,178.89178724118165,1.0242785353399404,11729.198562465186,1,49.69773483276367,30.0,84.3718032836914,1598865.1375326396
83,90.1567114542818,1.0018668488231264,11105.085795910776,1,18.532166798909504,10.0,27.31220054626465,114222.782516931
84,194.16407864998737,1.1807706855492648,11656.703847927487,1,36.49136606852213,10.0,69.4740982055664,1179080.1535604638
85,148.06248474865697,1.0074375614748898,11247.819071329668,1,24.9509334564209,10.0,46.56850051879883,462775.10498110036
86,160.853267295046,1.0547034454840858,11574.883874906602,1,42.09176762898763,34.72140121459961,46.56850051879883,977615.0397162247
87,124.00574404324917,1.020613986857893,11511.405607148801,1,19.42809995015462,10.0,30.0,196990.8402889345
88,97.88656935474513,1.1870490152879263,11654.918713512985,1,16.666666666666668,10.0,30.0,96982.56015686214
89,77.264649774275,1.0498170326253482,10960.270747624527,1,11.785099983215332,10.0,15.355299949645996,32724.587758966507
90,159.3311121732816,1.0200400719238205,10896.505180160384,1,26.357066472371418,18.284299850463867,30.78689956665039,303941.8766174892
91,73.0056307974577,1.0124059791645021,10883.08191001166,1,10.0,10.0,10.0,22935.395242801518
92,175.51136476148292,1.212427731544109,11020.158231072526,1,35.17306645711263,30.0,45.51919937133789,673564.0872033447
93,152.13299860164517,1.0293296842915918,11090.194453820104,1,21.59423319498698,10.0,44.78269958496094,325036.08747316326
94,94.2484388903373,1.0103905060874776,10927.692259429192,1,16.405066808064777,10.0,29.215200424194336,88639.068150209
95,157.11833331750995,1.0360460227423394,11065.988323675952,1,39.644965489705406,10.0,90.65059661865234,1395668.4441291147
96,107.20663322216161,1.0573298458951714,11142.08765089354,1,22.96666653951009,10.0,40.615699768066406,243624.27367033134
97,128.2842712474619,1.0017318616509678,11425.493022834205,1,24.9509334564209,10.0,46.56850051879883,369553.0948264814
98,123.24555320336759,1.1443062690647072,11041.795430279177,1,28.85616683959961,10.0,46.56850051879883,377446.0348029386
99,107.13072018377338,1.009828121264164,10855.091613109855,1,21.400533040364582,10.0,44.20159912109375,200341.38127034708
100,91.20955864630136,1.0462453959052718,10758.893322696957,1,19.42809995015462,10.0,30.0,128000.97172253781
101,152.4802762413454,1.0620541746933478,10945.893544430624,1,26.598366419474285,10.0,51.510799407958984,529343.9098474309
102,108.46513145254454,1.013648584441728,11293.873857574537,1,21.00190035502116,10.0,34.72140121459961,190514.3784439861
103,151.6515138991168,1.1989105079522602,10979.137539939593,1,31.573800404866535,30.0,34.72140121459961,471707.2726506829
104,236.10890349688626,1.0466576676304842,10901.20347179726,1,41.035499572753906,30.0,50.0,1428498.358290033
105,138.81178850154052,1.0785474737878198,10891.60462046102,1,25.179066340128582,10.0,47.252899169921875,415413.9315423541
106,116.64659488987728,1.072200233219414,10809.112402359597,1,40.380133310953774,34.72140121459961,50.0,676208.1590168802
107,142.3719410487275,1.1359454161785976,10452.601734076976,1,25.649200439453125,10.0,36.947601318359375,346384.96804824925
108,134.5229515311304,1.008557331619799,11254.19183895535,1,25.128466924031574,10.0,47.10110092163086,398101.54873552057
109,162.50981532003607,1.0310629674470249,10680.028168422676,1,35.259033203125,30.0,41.05569839477539,679840.916775697
110,69.2820323027551,0.9999999491227188,10605.886951957247,1,12.761433283487955,10.0,18.284299850463867,44776.07874722482
111,144.9033091443679,1.0246211253853552,10816.48686757813,1,24.41520055135091,10.0,53.245601654052734,432353.9937171053
112,87.20298258093007,1.020157064288897,10602.10585331925,1,17.679733276367188,10.0,24.754899978637695,99433.96430899424
113,149.53226908213813,1.057352815012101,10479.098432920393,1,33.58213233947754,10.0,72.46209716796875,853755.428106004
114,121.9803902718557,1.0309224707216689,10005.482741365084,1,16.666666666666668,10.0,30.0,145114.88773224255
115,107.41134140122782,1.0009373574398326,10208.930946414719,1,19.108033498128254,10.0,37.324100494384766,153106.25921842727
116,129.00124513435907,1.1092863382942226,10435.49396204257,1,38.770833333333336,30.0,56.3125,667159.3708388911
117,234.2762075816081,1.0285164247216974,10394.034510734986,1,41.004433949788414,34.72140121459961,53.570499420166016,1203818.0919851582
118,193.25880312532615,1.0040054219791192,10394.034510734986,1,37.856833140055336,30.0,53.570499420166016,991072.8179017347
119,94.27976686931555,1.0114335003440837,10506.502760161995,1,16.797800064086914,10.0,30.393400192260742,93801.93066588423
120,74.77308183408317,1.103115888750903,10531.411717543655,1,13.239866574605307,10.0,18.284299850463867,50720.76513264371
121,80.89683388684017,1.0581883613275753,10188.836042433053,1,13.553133646647135,10.0,20.659400939941406,53053.15583080209
122,168.92734534973945,1.01931598435181,10362.608574662085,1,42.147500356038414,30.0,61.721099853515625,1014260.3651308962
123,139.04408124048305,1.011396916013534,9955.113111011555,1,32.88393338521322,10.0,70.36750030517578,740965.9730766774
124,118.30701880478512,1.0070962008950815,10317.367917619227,1,21.00190035502116,10.0,34.72140121459961,212928.20270066027
125,158.08400179206893,1.0380933207901095,10276.39390673418,1,32.83743222554525,10.0,70.22799682617188,869147.3856600855
126,152.09844813622905,1.0483317323283983,9870.683418000466,1,30.10143280029297,10.0,70.3042984008789,801109.2655030374
127,21512.498330981223,1.1909312525909317,7629.503087833021,4,55.84442154348713,30.0,79.44270324707031,221809468.60160834
128,216.7771061510433,1.0000000301769343,29142.001418814245,4,48.05500030517578,46.56850051879883,49.541500091552734,1573181.901937144
129,94.6167670545699,1.032353584126908,10228.168651026297,1,16.666666666666668,10.0,30.0,99187.9623382345
130,97.566303550217,1.0400603318536528,9935.856148736346,1,16.666666666666668,10.0,30.0,103203.33761284708
131,116.42402688982995,1.0069302358783683,9659.037425722447,1,12.761433283487955,10.0,18.284299850463867,65849.34343995116
132,116.74697104845757,1.0105048588376888,10099.743786566936,1,26.477100372314453,10.0,59.43130111694336,434472.5034174387
133,143.17552417822247,1.0024291826166205,9760.668307098515,1,24.9509334564209,10.0,46.56850051879883,421862.08793907793
134,126.332495807108,1.0832921814830325,9715.812498523579,1,24.90713373819987,10.0,34.72140121459961,300297.3125006931
135,163.5815917204686,1.0576069086825841,9684.497085211391,1,37.077667236328125,10.0,71.23300170898438,704600.9479815667
136,117.34884549403145,1.057542221291294,9652.299101908158,1,26.96910031636556,18.284299850463867,32.62300109863281,231834.1731769747
137,166.9693845669907,1.0050375927478896,9643.224644342148,1,33.14756774902344,10.0,79.44270324707031,1115263.56269259
138,204.4546180681984,1.0518794290971123,9422.120709366141,1,50.26146570841471,30.0,74.21589660644531,1942006.1189353685
139,174.9951917573192,1.0646056773729218,9301.35051792275,1,52.03500111897787,30.0,96.1050033569336,2011506.1409098925
140,130.62312138349776,1.146346213012669,8930.888468848707,1,51.17790095011393,30.0,76.96520233154297,1227271.414978147
141,146.28362871168284,1.0046833122338557,8944.311609569453,1,29.358965555826824,10.0,68.07689666748047,678038.7211258505
142,127.73106926043472,1.0418768949930566,2307.6980699206033,1,20.65216636657715,10.0,33.67219924926758,248011.69645540928
143,160.75265986001523,1.027283020694972,1865.6285897016176,1,28.041200002034504,10.0,44.123600006103516,493810.2463572738
144,134.89125293076057,1.040708665304009,1672.9925198592389,1,27.176633834838867,10.0,53.245601654052734,511382.14524948166
145,335.7649790773486,0.999999984949262,1302.98363852854,2,261.34400177001953,147.68800354003906,375.0,76588095.76255779
146,168.78994515843056,0.9999999860694603,1638.7486176058887,1,88.84400177001953,30.0,147.68800354003906,4797591.059087183
147,200.00693183866863,1.0000000217414182,56182.54946946186,1,61.80744934082031,53.614898681640625,70.0,2414418.580848526
148,65.82627645487132,0.9999999660978539,55816.85726298553,1,30.26395034790039,30.0,30.52790069580078,189413.7140822444
149,121.87545040047391,1.0000000021841688,55366.63612621255,1,67.62615013122559,46.56850051879883,88.68379974365234,1807630.698580147
150,116.93292702031924,0.9999999745806717,55348.11722290407,1,55.39345169067383,30.0,80.78690338134766,1206167.0217121085
151,134.05268554686612,0.999999977234573,55039.642199931324,1,67.89964866638184,46.56850051879883,89.23079681396484,2005478.3448898105
152,127.46058870782807,1.0000000169462306,54432.393397242005,1,66.85900115966797,30.0,103.71800231933594,1971308.364765127
153,66.1203919465465,1.000000001525148,54157.11855202948,1,32.253400802612305,30.0,34.50680160522461,216442.41392987967
154,103.19883720275146,0.9999999992488096,54030.30103754727,1,40.22710037231445,30.0,50.454200744628906,535944.2723058693
155,104.4030650891055,0.9999999669226679,53973.292266292316,1,46.05550003051758,30.0,62.111000061035156,723889.777483509
156,114.89125293076057,1.0000000201965684,54037.22982875729,1,38.284250259399414,30.0,46.56850051879883,537283.1232736418
157,120.0,1.0,53903.292266292316,1,46.05550003051758,30.0,62.111000061035156,832032.7602504896
158,103.09907174344661,1.0000000393355482,53891.5643681703,1,46.05550003051758,30.0,62.111000061035156,714848.3488974079
159,84.8528137423857,1.0000000002555316,53685.53841441748,1,34.72140121459961,34.72140121459961,34.72140121459961,321373.9030236823
160,118.38968603600817,0.9999999953672951,52996.73001156726,1,61.64090156555176,34.72140121459961,88.5604019165039,1503035.1423901992
161,98.24874910621185,1.0000000033274212,53667.645928292804,1,31.972150802612305,30.0,33.94430160522461,315915.5945963337
162,126.06099597901797,0.9999999918272948,52826.22184289968,1,51.45785140991211,30.0,72.91570281982422,1109441.0367165927
163,133.59931808289795,0.999999989707209,52770.591955464944,1,43.31915092468262,30.0,56.638301849365234,812434.1156506343
164,103.3440854621105,0.9999999977623405,53127.463281563854,1,46.0848503112793,34.72140121459961,57.448299407958984,703502.3755962444
165,107.59244865186683,0.9999999595597764,52926.41610541319,1,38.284250259399414,30.0,46.56850051879883,503150.6653725831
166,121.41429375865246,1.0000000195760852,52778.87451122555,1,43.08709907531738,30.0,56.174198150634766,729908.3112622504
167,124.45350906877948,1.0000000208837259,50916.47626089038,1,46.87579917907715,30.0,63.7515983581543,896237.3703007635
168,91.62467091021175,0.99999998880407,49533.8961943519,1,47.95034980773926,34.72140121459961,61.179298400878906,678620.6950036191
169,106.98280502912333,1.0000000157445563,44621.43829551585,1,49.83319854736328,30.0,69.66639709472656,878712.6711792042
170,178.82304145916925,0.9999999867798194,39381.3836669099,1,60.137550354003906,30.0,90.27510070800781,2201810.3008480836
171,168.4328479188112,1.0000000109804905,41804.955963013,1,89.59049987792969,70.0,109.18099975585938,4314872.558487455
172,139.63849140307371,1.0000000188597176,41635.97858610523,1,74.38469886779785,34.72140121459961,114.0479965209961,2657337.4119666317
173,134.59967786472652,0.9999999420190414,41325.73563256629,1,79.21799850463867,70.0,88.43599700927734,2665614.768474029
174,8137.174683023913,1.0543275843834246,29358.778524965288,4,53.39718697865804,35.70859909057617,70.0,75067957.40921107
175,67.2964802259456,1.0000000290425484,12267.738494892397,1,30.0,30.0,30.0,190276.3095751444
176,95.2528678282092,0.9999999913479294,12816.97359429514,1,39.768049240112305,30.0,49.53609848022461,482773.90649301716
177,74.55367194176287,0.9999999886153902,12462.967424553222,1,30.60669994354248,30.0,31.21339988708496,219436.46905552247
178,97.97958971132712,0.9999999830750286,12148.807140380293,1,30.0,30.0,30.0,277030.7680037005
179,100.74720839804942,1.0000000075083755,12640.715264376286,1,30.0,30.0,30.0,284856.0186568868
180,116.61903789690601,0.9999999695936012,11388.838129320398,1,46.56850051879883,46.56850051879883,46.56850051879883,794518.1968303373
181,60.0,1.0,11589.661209526617,1,30.0,30.0,30.0,169646.00329384883
182,117.54888993391792,1.0000000065824668,11669.353397036899,1,45.22974967956543,30.0,60.45949935913086,784020.9591591255
183,1137.8156869900397,1.0498907933780532,37495.95320798919,4,52.95980987548828,30.0,70.0,9928153.680892779
184,95.77559058939069,1.0000000167071055,11182.838196558852,1,37.071950912475586,30.0,44.14390182495117,418535.16312612133
185,63.245553203367585,1.0000000180309803,12027.96542531476,1,30.0,30.0,30.0,178822.5855599833
186,81.434812909849,0.9999999810489407,11086.025930648739,1,38.284250259399414,30.0,46.56850051879883,380825.79152152047
187,66.332495807108,0.9999999873974531,11229.21666253072,1,24.142149925231934,18.284299850463867,30.0,123842.14217501334
188,82.46211251235322,1.0000000010379968,11279.680787006104,1,30.0,30.0,30.0,233156.12993945813
189,120.9770109903055,0.9999999864108742,11274.728626765243,1,41.62280082702637,30.0,53.245601654052734,675552.7326285513
190,87.17797887081348,1.0000000040742913,11308.297751992213,1,30.0,30.0,30.0,246489.9271735467
191,109.48803428260844,1.0000000438644114,11367.44441065336,1,39.44849967956543,30.0,48.89699935913086,545511.4378268293
192,113.87423196611067,1.0000000222610361,11230.616539846515,1,46.05550003051758,30.0,62.111000061035156,789559.0786249934
193,123.28828005937953,1.0000000274723302,11083.245928505969,1,69.27445030212402,46.56850051879883,91.98040008544922,1925299.036053543
194,101.9803902718557,0.9999999785821673,11098.604133945557,1,30.0,30.0,30.0,288342.7665751308
195,91.6515138991168,1.0000000191281153,11123.25561205944,1,46.05550003051758,30.0,62.111000061035156,635475.50526637
196,156.28241314194858,1.00000002222886,10955.121803047645,1,47.5802001953125,30.0,65.160400390625,1162088.6427300915
197,104.10176043693805,0.9999999958951726,11297.285575729335,1,50.54475021362305,30.0,71.0895004272461,881540.0050076359
198,60.0,1.0,11656.463207961724,1,30.0,30.0,30.0,169646.00329384883
199,79.09620824857383,1.000000020020363,10728.493898614906,1,39.56094932556152,30.0,49.12189865112305,396472.46705207205
200,83.59268948746829,0.9999999996806914,10604.427471213206,1,25.36769962310791,20.73539924621582,30.0,170875.93479752564
201,106.91117808723277,0.9999999953079329,11070.476894568885,1,42.04165077209473,30.0,54.08330154418945,609886.7209862532
202,111.41766194536476,0.9999999853806485,10552.408881898724,1,52.588401794433594,30.0,75.17680358886719,1027551.4009217516
203,118.06704233053429,1.0000000240608065,10408.55417471225,1,61.23154830932617,50.0,72.46309661865234,1406282.6646194207
204,64.86384990182127,1.000000062848971,10434.918744747656,1,48.20100021362305,34.29100036621094,62.111000061035156,486582.4243723692
205,116.77914117302949,1.0000000386654224,10968.986470681813,1,51.85544967651367,30.0,73.71089935302734,1044929.0852096827
206,123.8065087237484,0.9999999822178611,10293.69630650479,1,49.03120040893555,30.0,68.0624008178711,982015.1426844626
207,101.07938249188805,0.9999999865629414,10362.608574662085,1,45.86054992675781,30.0,61.721099853515625,694495.8563516279
208,91.6515138991168,1.0000000191281153,10451.469537585115,1,32.360700607299805,30.0,34.72140121459961,302061.26935683406
209,87.17797887081348,1.0000000040742913,10567.184287947404,1,30.0,30.0,30.0,246489.9271735467
210,106.55866452471393,1.0000000198028307,10399.447651039582,1,39.43364906311035,30.0,48.8672981262207,530492.7561365631
211,38.68690330032884,1.0000000570683998,10299.037052611171,1,31.3221492767334,30.0,32.6442985534668,119309.43542901345
212,112.88246584647703,0.999999970493478,10355.649118689913,1,65.25799942016602,30.0,100.51599884033203,1657183.0440343781
213,94.72993770162813,1.0000000317665723,10020.543709917722,1,44.31410026550293,30.0,58.62820053100586,604740.1274698119
214,123.28828005937953,1.0000000274723302,9975.134853711532,1,49.90705108642578,46.56850051879883,53.245601654052734,966146.1135611334
215,114.89125293076057,1.0000000201965684,9606.18711528439,1,43.98350143432617,34.72140121459961,53.245601654052734,708580.1209017565
216,128.76566743797935,0.9999999740739296,9311.27805693548,1,52.124900817871094,30.0,74.24980163574219,1165115.4165146162
217,90.34838950279241,1.000000009196815,9367.6064937618,1,34.90070152282715,34.72140121459961,35.08000183105469,345734.26062008005
218,146.72460333022582,1.0000000627980261,9551.571511703858,1,64.02384948730469,30.0,98.04769897460938,2067322.3895753284
219,113.29782172699109,1.0000000060201442,9192.561120466562,1,39.363399505615234,30.0,48.72679901123047,561916.1181028046
220,110.0142377178904,1.0000000115230094,9156.860236127482,1,58.93695068359375,30.0,87.8739013671875,1297000.9021128586
221,103.93633343012682,1.000000006999382,8735.051725931484,1,44.170549392700195,30.0,58.34109878540039,658919.6408711817
222,102.51068599636992,1.0000000472538677,8695.458168768362,1,41.06635093688965,30.0,52.1327018737793,556260.6712173593
223,95.71045671553527,0.9999999986144747,2409.3979824972266,1,37.59390068054199,30.0,45.187801361083984,430735.9410989901
224,108.47967876921273,1.000000032045118,1954.1174793273397,1,36.890499114990234,30.0,43.78099822998047,469189.9292863432
225,5925.627631419772,1.0363118526584993,38633.76889497923,4,54.79766996516738,34.72140121459961,116.20099639892578,59500557.05787995
226,150.99668870541498,0.9999999990903214,1708.6049375844723,1,68.30950164794922,30.0,106.61900329589844,2445564.7015387407
227,275.87144396710687,0.9999999420243376,1465.6119004285047,1,109.14149856567383,62.111000061035156,156.1719970703125,10962716.763856698
228,244.13111231467406,0.9999999735398747,1334.07377915598,1,133.20985412597656,79.44270324707031,186.9770050048828,14348681.62972637
229,264.00374102289913,0.9999999521248844,1638.7486176058887,1,221.15950775146484,147.68800354003906,294.6310119628906,42059212.547056265
230,4886.101109386307,1.0329927514158639,44559.39652639899,4,56.788365840911865,34.72140121459961,116.20099639892578,54186117.154102236
231,6.736130275458726,1.0000000056233147,49445.49763578531,4,78.50345230102539,77.56420135498047,79.44270324707031,130424.32029725076
232,562.3478161918912,1.0106587338565052,49452.233766060766,4,66.60162544250488,50.0,79.44270324707031,7158225.932710663
233,745.3187084589647,1.0165492323159,50014.58158225266,4,65.11864013671875,53.245601654052734,82.13819885253906,9493379.270579511
234,156.57597017875375,0.9999999787196697,50759.90029071162,4,72.94489860534668,63.7515983581543,82.13819885253906,2631226.2047403674
235,710.265724759664,1.0066637451858473,50916.47626089038,4,62.055059814453124,46.56850051879883,72.46209716796875,8502231.675163614
236,188.13966450360113,1.0000000042910253,51626.741985650035,4,72.05000305175781,65.3821029663086,78.71790313720703,3077062.6471453737
237,598.151897888566,1.0315890459862276,51814.881650153635,4,64.6521209716797,50.0,79.44270324707031,7975841.90596798
238,179.965693513272,0.9999999737232397,52413.0335480422,4,71.30045127868652,63.158199310302734,79.44270324707031,2886741.6930232584
239,86.80052148007495,0.9999999957314659,52592.99924155547,3,67.81014823913574,63.158199310302734,72.46209716796875,1255863.3041287381
240,535.8752102597574,1.1508905855566243,52679.799763035546,3,55.73119990030924,30.0,72.46209716796875,4852081.857769173
241,136.88069091270935,0.9999999955025727,53215.6749732953,3,69.4365005493164,68.87300109863281,70.0,2073372.0875136245
242,361.6704009317013,1.0057417889801856,53352.55566420801,3,59.7327241897583,47.59579849243164,72.46209716796875,3503766.091468809
243,288.562582701386,1.0694840583171705,53714.22606513971,3,49.48469924926758,30.0,72.46209716796875,2371464.2914152765
244,130.0,1.0,54002.788647841095,3,30.0,30.0,30.0,367566.34047000576
245,141.02962694215853,1.072228395672266,54132.788647841095,3,42.27746709187826,30.0,62.111000061035156,836608.2383973737
246,136.05890564908643,1.000000049414667,54273.818274783254,3,58.114999771118164,54.11899948120117,62.111000061035156,1445896.5128980458
247,1406.9800825532238,1.162224439996762,54409.87718043234,2,24.710948096381294,10.0,54.11899948120117,3335875.493329871
248,365.69220647632375,1.0590996798675534,55816.85726298553,2,43.34767436981201,30.0,59.24789810180664,2297527.583582808
249,173.55879036207654,1.0664304557691562,56182.54946946186,1,44.538299560546875,30.0,53.614898681640625,1277138.7646916977
250,322.5991939936274,1.027301001640445,7629.503087833021,6,69.51726786295573,57.51020050048828,88.93060302734375,4925992.500072373
251,436.3670748207057,1.0000000215209142,7952.102281826648,6,89.46530151367188,88.93060302734375,90.0,10972769.808477137
252,479.3569602182067,1.0068007625456117,8388.469356647354,5,67.91362075805664,53.076900482177734,90.0,6866687.833905489
253,76.48529270389177,1.0000000284570798,8867.826316865561,5,60.5768985748291,53.076900482177734,68.07689666748047,886248.0320057583
254,63.16099226265778,1.000000009403852,8944.311609569453,5,70.6084976196289,68.07689666748047,73.14009857177734,989689.1559599497
255,24.229416202781028,1.0000000127624349,9007.47260183211,5,73.8537483215332,73.14009857177734,74.56739807128906,415194.334246498
256,74.70884423862213,1.0000000645454843,9031.702018034892,5,72.58699798583984,70.60659790039062,74.56739807128906,1236936.1395234698
257,117.33146757210228,1.0000000076475444,9106.410862273515,5,74.81184768676758,70.60659790039062,79.01709747314453,2065200.8908252628
258,87.53572708986245,0.9999999844094815,9223.742329845618,5,76.63344955444336,74.24980163574219,79.01709747314453,1615518.7747978165
259,111.28498151479512,1.0000000066574064,9311.27805693548,5,84.7416000366211,74.24980163574219,95.2333984375,2523441.03060206
260,20.0,1.0,9422.563038450275,5,98.0797004699707,95.2333984375,100.9260025024414,604588.7068140446
261,20.0,1.0,9442.563038450275,5,103.77250289916992,100.9260025024414,106.61900329589844,676789.1089989612
262,116.61903789690601,0.9999999695936012,9462.563038450275,5,84.3650016784668,62.111000061035156,106.61900329589844,2668098.4057444297
263,139.43696269261392,0.9999999766936345,9579.18207634718,5,65.35940170288086,62.111000061035156,68.60780334472656,1872843.0197693226
264,110.66952494919074,0.9999999982172723,9718.619039039795,5,70.48245239257812,68.60780334472656,72.35710144042969,1727596.5581696923
265,199.53203645366324,1.0301896107621347,9829.288563988986,4,50.91190083821615,34.72140121459961,72.35710144042969,1586562.435605839
266,264.8757060621395,1.0202841573919343,10028.82060044265,4,49.480333964029946,34.72140121459961,68.0624008178711,1861831.5278500845
267,176.45785450560473,1.0123319777215913,10293.69630650479,4,62.75943247477213,50.0,70.21589660644531,1981014.8576873122
268,8.94427190999916,0.9999999853177943,10470.154161010394,4,71.33899688720703,70.21589660644531,72.46209716796875,143016.03955101522
269,149.66629547095766,1.0000000346621443,10479.098432920393,4,73.6574478149414,72.46209716796875,74.85279846191406,2551204.807050585
270,91.6515138991168,1.0000000191281153,10628.76472839135,4,68.48189926147461,62.111000061035156,74.85279846191406,1354229.2395910332
271,57.67808124362625,1.0000000614769509,10720.416242290466,4,59.648399353027344,57.18579864501953,62.111000061035156,645067.1354697536
272,46.244967222891944,0.9999999742368795,10778.094323534093,4,55.21570014953613,53.245601654052734,57.18579864501953,443122.4801231787
273,84.86142380555005,0.999999958737686,10824.339290756985,4,51.66550064086914,50.08539962768555,53.245601654052734,711863.7396402782
274,120.44952809122191,1.0954711917315738,10909.200714562536,4,39.842734018961586,34.72140121459961,50.08539962768555,592467.4345718224
275,61.01758904220568,0.9999999913650126,11029.650242653757,4,34.72140121459961,34.72140121459961,34.72140121459961,231099.713174646
276,221.8149315695271,1.0648097296953611,11090.667831695962,4,38.66233444213867,34.69710159301758,46.56850051879883,1159037.8892288734
277,225.5907213580645,1.1456852786920397,11312.48276326549,4,29.578725814819336,18.284299850463867,34.72140121459961,667542.9294633777
278,86.02280358789513,0.9999999921839472,11538.073484623554,3,41.407050132751465,30.61210060119629,52.20199966430664,473850.5198596631
279,45.257108825449585,1.0000000451739819,11624.096288211449,2,56.33074951171875,52.20199966430664,60.45949935913086,451964.910201917
280,180.68773270536076,1.1308514253573507,11669.353397036899,2,33.8660249710083,10.0,60.45949935913086,816241.8747559122
281,495.02259933796574,1.5367596308937155,11850.04112974226,2,18.42785712650844,10.0,46.56850051879883,1053521.0061752524
282,463.0104508603057,1.3409096854053042,12345.063729080224,2,16.2285498380661,10.0,68.23529815673828,680207.7544466689
283,490.5304961966195,1.1166244016717322,12808.074179940526,1,23.304733117421467,10.0,68.23529815673828,1209482.5450398284
284,306.9888121210077,1.0001767210791943,8388.469356647354,5,65.12610117594402,52.1327018737793,90.0,4242455.1914949035
285,39.5935571631212,1.0000000432565785,8695.458168768362,5,55.236900329589844,52.1327018737793,58.34109878540039,379918.05337538593
286,97.63955757728493,1.00000000709261,8735.051725931484,5,66.86310005187988,58.34109878540039,75.38510131835938,1378776.898670042
287,40.8265826243809,0.999999969678487,8832.69128350877,5,79.03879928588867,75.38510131835938,82.69249725341797,801830.9600798198
288,57.370602715557645,0.9999999520104009,8873.51786613315,5,79.82884979248047,76.96520233154297,82.69249725341797,1149066.8525831955
289,309.68462208970595,0.9999999701052317,8930.888468848707,5,78.27740097045898,76.96520233154297,79.589599609375,5961876.833516173
290,60.77742698433759,0.9999999886635174,9240.573090938413,5,87.8473014831543,79.589599609375,96.1050033569336,1477836.2578140486
291,120.77019144339177,0.9999999704899669,9301.35051792275,5,85.16044998168945,74.21589660644531,96.1050033569336,2766750.503928516
292,128.9961239727768,0.9999999977146496,9422.120709366141,5,81.23104858398438,74.21589660644531,88.24620056152344,2680704.780590111
293,116.70475568716127,0.9999999828347322,9551.116833338918,5,79.12310028076172,70.0,88.24620056152344,2305501.333038405
294,164.71515648558162,1.0000000458962057,9667.82158902608,5,61.29759979248047,52.59519958496094,70.0,1957394.609908024
295,69.27254488176216,1.000000000302029,9832.536745511661,5,58.21570014953613,52.59519958496094,63.83620071411133,739841.2617989769
296,153.35673574935126,1.000000003389868,9901.809290393423,4,63.240800857543945,62.64540100097656,63.83620071411133,1926904.8981954488
297,44.57776042416105,1.000000036679694,10055.166026142775,4,61.03835105895996,59.43130111694336,62.64540100097656,521884.05260690686
298,83.5991886430364,0.9999999866593877,10099.743786566936,4,53.40190124511719,47.372501373291016,59.43130111694336,752154.2273460984
299,54.4688027360303,0.9999999877043119,10183.342975209973,4,46.97050094604492,46.56850051879883,47.372501373291016,377536.2824768951
300,264.7846568807053,1.0557699455499505,10237.811777946003,4,41.12427616119385,34.72140121459961,48.485801696777344,1236159.2499351597
301,40.305311404843486,1.0000000523303065,10502.596434826708,4,44.74800109863281,41.01020050048828,48.485801696777344,254137.23486622164
302,59.577588598926525,0.9999999606654743,10542.901746231551,3,40.72080039978027,40.431400299072266,41.01020050048828,310364.99615684216
303,106.76826176122256,0.9999999718147967,10602.479334830477,3,37.57640075683594,34.72140121459961,40.431400299072266,474523.03712123295
304,96.5685424949238,1.0796691347054441,10709.2475965917,3,31.573800404866535,30.0,34.72140121459961,299533.60207001166
305,60.0,1.0,10805.816139086624,3,38.284250259399414,30.0,46.56850051879883,280586.96571898914
306,120.0832755431992,1.0130814194198527,10865.816139086624,3,40.76953379313151,30.0,46.56850051879883,555188.3776441887
307,99.31441589101503,1.000000009192902,10985.899414629823,3,41.44029998779297,37.140499114990234,45.7401008605957,537729.2719658269
308,226.2536317325564,1.0794134564044533,11085.213830520837,2,20.618183135986328,10.0,37.140499114990234,436191.64322062203
309,149.5741732923815,1.0371103277630176,11311.467462253393,2,16.88166681925456,10.0,34.72140121459961,135774.62881890594
310,806.6968593466283,2.721147872019674,11461.041635545773,2,14.382553577423096,10.0,34.72140121459961,752257.7964484675
311,191.56517175658723,1.1840165406224965,12267.738494892397,1,19.656859970092775,10.0,30.0,301822.8466793837
312,504.52758741553873,1.0128290510461817,7952.102281826648,5,66.60626729329427,50.0,88.93060302734375,6360833.336471714
313,898.9719218908388,1.0106481057845795,8456.629869242188,5,56.94818369547526,50.0,62.111000061035156,9171013.985742442
314,75.80802286612929,1.0000000174218917,9355.601791133027,5,62.41975212097168,53.33330154418945,71.5062026977539,934471.3546697212
315,120.16169770470073,1.000000002638157,9431.409813999157,5,84.77695083618164,71.5062026977539,98.04769897460938,2735296.4764925702
316,91.65313263829071,0.9999999501518368,9551.571511703858,5,88.74520111083984,79.44270324707031,98.04769897460938,2276012.798325062
317,41.27244086924319,0.9999999758974648,9643.224644342148,5,75.33785247802734,71.23300170898438,79.44270324707031,736658.2597185263
318,29.77835834310467,0.9999999960921961,9684.497085211391,5,68.26835250854492,65.30370330810547,71.23300170898438,436277.07242468826
319,125.95203452471709,1.0000000041931443,9714.275443554496,5,60.67960166931152,56.05550003051758,65.30370330810547,1459756.342693798
320,127.86711852544421,0.999999997575569,9840.227478079212,5,54.650550842285156,53.245601654052734,56.05550003051758,1200033.868850956
321,120.93386622447825,0.999999981942818,9968.094596604657,5,61.65279960632324,53.245601654052734,70.05999755859375,1453071.6210012687
322,266.62065586077665,1.0073796170416602,10089.028462829136,5,80.19199879964192,70.0,100.51599884033203,5146542.277334737
323,132.84449086221605,1.0000000635355033,10355.649118689913,5,85.11299896240234,69.70999908447266,100.51599884033203,3056332.630722947
324,235.55506138048906,1.013539887517825,10488.49360955213,4,58.03049977620443,51.13589859008789,69.70999908447266,2484452.451664339
325,319.5152302525065,1.018939862163541,10724.048670932618,4,57.48716481526693,48.86349868774414,72.46209716796875,3784177.3520905506
326,38.825962858425676,1.000000020392934,11043.563901185124,4,63.90460014343262,48.86349868774414,78.9457015991211,507321.0640736993
327,55.63090418652524,1.0000000512279192,11082.38986404355,4,77.20624923706055,75.466796875,78.9457015991211,1041943.9427686625
328,75.49834435270749,0.9999999990903214,11138.020768230075,4,73.10614776611328,70.74549865722656,75.466796875,1268078.1498897152
329,32.31123849852263,1.0000000360034973,11213.519112582782,4,68.30524826049805,65.86499786376953,70.74549865722656,473801.397895274
330,156.0388760131624,1.006734635596016,11245.830351081306,4,54.14449946085612,46.56850051879883,65.86499786376953,1402516.6620398115
331,12.312925224900626,0.9999999907540663,11401.869227094468,4,50.57670021057129,50.0,51.15340042114258,98953.44591113854
332,117.30188884921672,1.0000000113980236,11414.182152319368,4,56.63220024108887,51.15340042114258,62.111000061035156,1185590.0155772248
333,99.95223859805712,0.9999999860715753,11531.484041168585,3,65.0510482788086,62.111000061035156,67.99109649658203,1329678.389877518
334,25.26756816084483,0.9999999830845614,11631.436279766642,3,68.73259735107422,67.99109649658203,69.4740982055664,375021.08489022683
335,72.49471453769857,1.0000000235618387,11656.703847927487,3,76.9229507446289,69.4740982055664,84.3718032836914,1351834.1989810497
336,27.456713160258225,1.0000000159334408,11729.198562465186,3,87.3306999206543,84.3718032836914,90.28959655761719,658109.9337208532
337,7.8644026038685775,0.999999978748861,11756.655275625444,3,91.1349983215332,90.28959655761719,91.98040008544922,205209.97007766075
338,94.11507875656564,0.9999999677995951,11764.519678229313,3,78.19454956054688,64.40869903564453,91.98040008544922,1826579.3578018309
339,78.71654051571969,1.000000038621284,11858.634756985879,3,58.0453987121582,51.682098388671875,64.40869903564453,836541.9972519112
340,91.187597686527,0.9999999835986261,11937.351297501598,3,52.463850021362305,51.682098388671875,53.245601654052734,788566.1149026578
341,403.88147167611277,1.0937133872231728,12028.538895188125,3,35.4685754776001,30.0,53.245601654052734,1561929.1064180115
342,194.82060924305142,1.0351517425622523,12432.420366864237,3,30.983625411987305,30.0,33.93450164794922,570181.2827956027
343,73.48469228349535,0.9999999571193029,12627.240976107289,3,30.590149879455566,30.0,31.180299758911133,216054.7691184501
344,57.1540486290897,0.9999999949157052,12700.725668390784,3,34.92534923553467,31.180299758911133,38.6703987121582,219856.72655057648
345,53.754728002859785,1.00000002963363,12757.879717019874,3,43.10969924926758,38.6703987121582,47.54899978637695,314955.30458125204
346,42.79000967668859,1.000000026449322,12811.634445022733,2,48.52939987182617,47.54899978637695,49.50979995727539,316636.63828778925
347,138.32316055177643,1.0020284142497764,12854.424454699421,2,36.50326665242513,30.0,49.50979995727539,545246.2254197313
348,49.193495504995376,0.9999999756247011,12992.747615251197,2,30.0,30.0,30.0,139091.33506499926
349,52.19516037323709,1.0000000088346834,13041.941110756192,2,27.35260009765625,24.7052001953125,30.0,123064.09590769731
350,218.4896845600503,1.0114408623063926,13094.13627112943,2,16.83462851388114,10.0,24.7052001953125,210782.07466119452
351,80.0,1.0,13312.625955689478,1,14.142149925231934,10.0,18.284299850463867,61220.26516781599
352,329.2369125999744,1.0515196713944444,9829.288563988986,4,91.11429850260417,72.35710144042969,116.49099731445312,9877386.44161891
353,34.59219399582283,1.0000000113409173,10158.52547658896,4,81.96875,79.44270324707031,84.49479675292969,730402.1811889068
354,169.49090407730264,0.9999999900619087,10193.117670584783,4,70.58190155029297,61.721099853515625,79.44270324707031,2666603.96449403
355,77.2478418141336,1.0000000120752364,10362.608574662085,4,54.8125,47.903900146484375,61.721099853515625,732974.9682020973
356,149.19376482001826,1.0036327187863976,10439.856416476217,3,41.617899576822914,30.0,47.903900146484375,717175.575654174
357,90.97798712643996,0.9999999772435354,10589.050181296236,2,44.00274848937988,41.05569839477539,46.949798583984375,554235.933125071
358,49.4171023046752,0.9999999896990014,10680.028168422676,2,35.527849197387695,30.0,41.05569839477539,197540.21169078985
359,230.82547689717424,1.1571216238440805,10729.44527072735,2,19.748749891916912,15.355299949645996,30.0,282528.1942792212
360,268.94591490619587,1.1690576025877952,10960.270747624527,2,14.252436291087758,10.0,18.284299850463867,179445.4200924942
361,76.5685424949238,1.0618146763615333,11229.21666253072,2,22.189533233642578,18.284299850463867,30.0,126618.60232856535
362,1282.8811834019953,1.5010876981801093,11305.785205025644,1,18.034324336696315,10.0,50.0,2520133.9796883287
363,100.89221895307823,0.9999999941484209,9007.47260183211,3,62.13234901428223,51.12459945678711,73.14009857177734,1236412.3822633135
364,84.19629968137198,1.0000000355060443,9108.36482078519,3,49.92569923400879,48.72679901123047,51.12459945678711,659439.0275009376
365,105.36998249023037,0.9999999525712898,9192.561120466562,3,41.72410011291504,34.72140121459961,48.72679901123047,581700.5554332914
366,100.3760087282033,1.0000000164195133,9297.931102956793,3,34.72140121459961,34.72140121459961,34.72140121459961,380166.8766275317
367,201.00548764887066,1.0047135419160644,9398.307111684995,3,37.28973388671875,34.72140121459961,42.42639923095703,848923.6649059504
368,149.7496468491487,1.0721704120633142,9599.312599333865,3,33.01789999008179,18.284299850463867,42.42639923095703,446801.25840094936
369,16.24921160032514,0.9999999590940473,9749.062246183013,3,44.482200622558594,41.36090087890625,47.60350036621094,101173.53376142311
370,105.37196021712798,0.9999999688356516,9765.311457783338,3,58.95389938354492,47.60350036621094,70.3042984008789,1164751.435571152
371,312.94288606410464,1.2596054846663631,9870.683418000466,3,44.095899963378905,30.0,70.3042984008789,1771076.6546901674
372,242.04699910719626,1.0581447685811944,10183.62630406457,3,35.762375831604004,30.0,43.6067008972168,906522.0755057003
373,111.80339887498948,1.0000000066426,10425.673303171767,3,30.0,30.0,30.0,316116.6607969961
374,116.83238505927558,1.1456357663030263,10537.476702046757,3,37.09663391113281,30.0,46.56850051879883,524293.0161660789
375,37.416573867739416,1.0000000346621443,10654.309087106032,3,50.45415115356445,46.56850051879883,54.33980178833008,299823.34655587573
376,37.416573867739416,1.0000000346621443,10691.725660973772,3,58.22540092468262,54.33980178833008,62.111000061035156,399101.23105898156
377,37.94733192202055,1.0000000381362013,10729.142234841513,3,53.894100189208984,45.67720031738281,62.111000061035156,348951.9842275106
378,67.52777206453653,1.0000000158222724,10767.089566763532,3,31.98075008392334,18.284299850463867,45.67720031738281,230240.54624503906
379,106.0656822975545,1.0418304775996516,10834.61733882807,3,20.445499897003174,10.0,43.49769973754883,187119.91561085993
380,62.517392599511105,1.0000000223086263,10940.683021125624,3,48.37165069580078,43.49769973754883,53.245601654052734,461104.97152492695
381,82.82551692360337,1.000000014204959,11003.200413725135,3,49.90705108642578,46.56850051879883,53.245601654052734,649060.4970932028
382,78.02285725133443,0.9999999946851319,11086.025930648739,3,46.56850051879883,46.56850051879883,46.56850051879883,531564.8235260149
383,66.332495807108,0.9999999873974531,11164.048787900074,2,38.284250259399414,30.0,46.56850051879883,310200.56602738396
384,352.499460691221,1.2993301857254174,11230.381283707182,1,15.999238381019005,10.0,30.0,322472.23205646046
385,70.75695168812992,1.0000000185100113,9901.809290393423,5,68.14914894104004,63.83620071411133,72.46209716796875,1033758.9498248135
386,150.72781157951994,1.092345261247453,9972.566242081553,4,50.935899098714195,33.777099609375,72.46209716796875,1233901.921448295
387,194.07386395815436,1.0200296147381598,10123.294053661073,4,34.40663401285807,33.777099609375,34.72140121459961,725335.9185093716
388,51.93684830239508,1.0000000118533858,10317.367917619227,4,34.405900955200195,34.09040069580078,34.72140121459961,193153.90896082792
389,64.86384990182127,1.000000062848971,10369.304765921623,4,32.04520034790039,30.0,34.09040069580078,209540.42453099063
390,122.46211251235322,1.0066323644840116,10434.168615823444,4,30.0,30.0,30.0,346253.4654686907
391,162.4621125123532,1.0075472956835945,10556.630728335798,4,33.14760080973307,30.0,34.72140121459961,575979.9912814649
392,91.81159888566044,1.0000000738862,10719.092840848152,4,41.360300064086914,34.72140121459961,47.99919891357422,497655.31547679316
393,109.86068309427812,1.0000000315655546,10810.904439733813,4,63.720951080322266,47.99919891357422,79.44270324707031,1429818.6606956888
394,101.9803902718557,0.9999999785821673,10920.765122828092,3,64.72135162353516,50.0,79.44270324707031,1365172.5258654326
395,97.88656935474513,1.0680300527809832,11022.745513099948,2,28.856199900309246,18.284299850463867,50.0,284650.2733416541
396,922.1481482807038,1.1523251716501728,11120.632082454693,1,17.92357506070818,10.0,50.0,1557526.8768805326
397,1758.2746906103657,1.2718244899849942,37495.95320798919,2,22.702531613801654,10.0,88.56320190429688,5079067.523805659
398,127.15576831035452,0.9999999918384355,39254.22789859954,2,89.41915130615234,88.56320190429688,90.27510070800781,3194186.6797145
399,198.9166724561689,1.110355018996305,39381.3836669099,1,70.09170023600261,50.0,90.27510070800781,3303309.2945191
400,66.06460025159153,1.00000003281781,10237.811777946003,3,38.97990036010742,31.391300201416016,46.56850051879883,319339.3021009911
401,174.21990236050294,1.0427163781167923,10303.876378197594,3,33.611367543538414,31.391300201416016,34.72140121459961,633746.8976220681
402,207.7538520444175,1.0336140439368182,10478.096280558097,3,36.50282573699951,30.0,46.56850051879883,793936.7303289038
403,151.16611305122197,1.0257099247082992,10685.850132602514,3,40.19830067952474,34.72140121459961,46.56850051879883,696374.2779808184
404,64.18722614352485,1.0000000124904602,10837.016245653735,2,41.20574951171875,39.30500030517578,43.10649871826172,342627.35628972057
405,116.30955616025126,1.0000000095137525,10901.20347179726,2,38.913949966430664,34.72140121459961,43.10649871826172,555460.3216647947
406,76.76632793220372,1.0000000133900746,11017.513027957511,2,34.72140121459961,34.72140121459961,34.72140121459961,290746.9182958447
407,636.1462249390145,1.1532485384313447,11094.279355889716,2,17.613390513828822,10.0,34.72140121459961,860484.596358234
408,237.74491944043598,1.1026017531859884,11730.425580828727,1,14.129966735839844,10.0,30.60110092163086,166171.2691518576
409,219.27152117865194,1.000000028667991,10439.856416476217,4,60.18299865722656,47.903900146484375,72.46209716796875,2529674.1061848626
410,56.92376654741533,1.000000057485111,10659.12793765487,4,77.7813491821289,72.46209716796875,83.10060119628906,1083604.8293113362
411,60.95446592027959,1.0000000321804052,10716.051704202286,4,84.68984985351562,83.10060119628906,86.27909851074219,1373627.8581508598
412,80.73372082143459,1.0000000241456024,10777.006170122566,4,80.11629867553711,73.95349884033203,86.27909851074219,1631181.696910033
413,97.21771316196141,1.0000000078135727,10857.739890944,4,63.33869934082031,52.723899841308594,73.95349884033203,1236745.8456125145
414,83.07453451241449,1.0000000355974166,10954.95760410596,4,52.65089988708496,52.57789993286133,52.723899841308594,723485.1956049161
415,121.40298789807875,1.000000027008711,11038.032138618375,4,44.91270065307617,37.247501373291016,52.57789993286133,776808.4262852441
416,206.82398413215702,1.0128369910179829,11159.435126516453,4,32.992225646972656,30.0,37.247501373291016,676962.4074341425
417,100.29399557121025,0.999999968621737,11366.25911064861,3,47.471750259399414,34.72140121459961,60.22209930419922,727134.9140135846
418,7.409532551918471,1.0000000006641987,11466.55310621982,2,61.16654968261719,60.22209930419922,62.111000061035156,87096.99307444655
419,72.11102550927978,1.0000000355016603,11473.96263877174,2,48.41620063781738,34.72140121459961,62.111000061035156,545209.5328987581
420,261.9803902718557,1.0695304631898992,11546.073664281019,2,32.83284072875976,30.0,34.72140121459961,854991.4032217481
421,170.40357077221825,1.0461143111521702,11808.054054552875,2,34.3716672261556,33.67219924926758,34.72140121459961,635427.9202970765
422,212.71004727315284,1.0473104993878748,11978.457625325094,2,30.048159790039062,18.284299850463867,50.0,566600.6112403837
423,79.988438629161,0.9999999645183215,12191.167672598247,2,40.29409980773926,30.588199615478516,50.0,415890.78597965965
424,97.74095867009322,1.0409824057272066,12271.156111227408,2,24.092999935150146,18.284299850463867,30.588199615478516,159119.50409219836
425,94.77265523293784,1.0391848396548355,12368.8970698975,2,18.945950031280518,10.0,29.215200424194336,103275.0845303531
426,312.8595974478875,1.1289347725947139,12463.669725130438,1,18.12635548909505,10.0,30.0,399065.75914733385
427,155.81685564094488,1.0000000441933086,10488.49360955213,4,59.34029960632324,48.97060012817383,69.70999908447266,1741254.134150805
428,66.24228493734725,0.9999999736606064,10644.310465193075,4,49.160600662231445,48.97060012817383,49.35060119628906,502946.40962240676
429,134.20160790288878,0.9999999517368396,10710.552750130422,4,69.67530059814453,49.35060119628906,90.0,2104806.7620408777
430,16.42272032386835,1.0000000224338,10844.754358033311,4,88.64865112304688,87.29730224609375,90.0,405483.1969988991
431,105.23253028572485,1.0000000151968353,10861.17707835718,3,78.64865112304688,70.0,87.29730224609375,2053191.599272751
432,104.06728592598157,1.0000000220589065,10966.409608642904,3,62.04165077209473,54.08330154418945,70.0,1265337.1985480296
433,295.01612819316574,1.032826364709228,11070.476894568885,3,49.07343419392904,46.56850051879883,54.08330154418945,2189519.868285486
434,53.39973959127074,1.0000000239608506,11365.49302276205,3,46.56850051879883,46.56850051879883,46.56850051879883,363809.0595647836
435,6.600260480884625,1.000000033811345,11418.89276235332,3,46.56850051879883,46.56850051879883,46.56850051879883,44967.15813895888
436,101.9803902718557,0.9999999785821673,11425.493022834205,3,38.284250259399414,30.0,46.56850051879883,476906.1480346013
437,128.98979485566355,1.046245420385362,11527.473413106061,2,28.25142526626587,18.284299850463867,34.72140121459961,318078.86954035837
438,30.0,1.0,11656.463207961724,2,30.0,30.0,30.0,84823.00164692441
439,244.90140335409322,1.044975788264672,11686.463207961724,2,27.77928009033203,18.284299850463867,30.61210060119629,587055.5507319066
440,710.879645853266,1.2763144426775974,11931.364611315817,1,19.586969947814943,10.0,30.61210060119629,1092856.9956620934
441,95.96534976382503,0.999999946276356,52592.99924155547,3,58.985599517822266,54.8129997253418,63.158199310302734,1050703.427338979
442,996.5738230981787,1.132587613437655,52688.9645913193,3,34.744346872965494,18.284299850463867,62.111000061035156,5338685.668201367
443,488.73601593030804,1.0576636453120767,53685.53841441748,3,51.388675689697266,34.72140121459961,71.84660339355469,5043980.870907057
444,1173.8427925562912,1.064123384164561,54174.27443034779,2,32.57667664920582,18.284299850463867,80.78690338134766,7135083.477868396
445,18.518903308482297,0.9999999771143306,55348.11722290407,2,84.7353515625,80.78690338134766,88.68379974365234,418031.14051401085
446,230.41298760619418,1.0336501950240768,55366.63612621255,1,57.048632303873696,10.0,88.68379974365234,3196365.777675402
447,425.3364944203808,1.051644546802149,9718.619039039795,4,43.07031758626302,30.0,68.60780334472656,2370806.089016624
448,162.8842778523961,1.0000000031227454,10143.955533460176,4,51.62280082702637,50.0,53.245601654052734,1364128.2391841859
449,101.714363399678,0.9999999279564824,10306.839811312571,4,61.23154830932617,50.0,72.46309661865234,1211507.9442576682
450,117.12234956557707,1.0000000392314032,10408.55417471225,4,61.75784873962402,51.0526008605957,72.46309661865234,1417431.6975371453
451,838.2078000748055,1.098901969667412,10525.676524277827,3,29.677121571132115,18.284299850463867,51.0526008605957,2653396.3843615707
452,186.51308455378523,1.1094896227205362,11363.884324352635,2,22.761433283487957,10.0,30.0,314590.3130892159
453,128.55587120636872,1.1535359141543882,11550.397408906418,2,27.071074962615967,18.284299850463867,30.0,287260.1406101587
454,48.98979485566356,0.9999999830750286,11678.953280112786,2,20.0,10.0,30.0,66692.59229718715
455,142.92528739883946,1.116058990169239,11727.943074968449,1,10.0,10.0,10.0,44901.30384185689
456,88.00078125086696,0.9999999479917172,11531.484041168585,4,50.05954933166504,38.00809860229492,62.111000061035156,706188.0959204506
457,235.07505940771563,1.092632121745965,11619.484822419452,4,28.803900146484374,18.284299850463867,38.00809860229492,661305.394042363
458,208.29013307426698,1.0162938415942198,11854.559881827168,3,36.636400858561196,30.0,45.187801361083984,850521.8433054935
459,754.9808779195087,1.3269926069929294,12062.850014901434,2,17.061908073425293,10.0,50.0,1382995.4051553116
460,105.93199051063682,1.049050143440609,12817.83089282094,1,10.700259971618653,10.0,13.501299858093262,35087.93629328194
461,1159.4984568674479,1.0346667699296839,38633.76889497923,2,35.16895319620768,30.0,67.6729965209961,4568888.2451232765
462,395.59012161173973,1.0094714122022417,39793.26735184668,2,71.18533325195312,48.5713996887207,111.73899841308594,5677128.317772437
463,366.82269582535673,1.0120236789736208,40188.857473458425,2,86.35129801432292,72.46209716796875,111.73899841308594,8261052.196024975
464,770.0554632825031,1.047481484197768,40555.68016928378,2,60.95567103794643,34.72140121459961,88.43599700927734,9319890.503599033
465,170.13706710196462,0.9999999847171235,41325.73563256629,2,92.09650039672852,88.43599700927734,95.75700378417969,4535902.515946567
466,140.105886436978,0.9999999317722094,41495.87269966825,2,104.90250015258789,95.75700378417969,114.0479965209961,4855979.646953518
467,168.97737690777268,0.9999999433839232,41635.97858610523,2,111.61449813842773,109.18099975585938,114.0479965209961,6614370.115840775
468,271.1054169514422,1.0004657162394075,41804.955963013,1,57.96746699015299,30.0,109.18099975585938,4157880.194693378
469,86.97109884584847,0.9999999884137701,9462.563038450275,3,90.03779983520508,73.45659637451172,106.61900329589844,2240044.4258381203
470,73.43089972521341,0.9999999884446867,9549.534137296123,3,67.78379821777344,62.111000061035156,73.45659637451172,1062412.7446423958
471,302.14807399021777,1.052582639606686,9622.965037021337,3,41.80454025268555,30.0,62.111000061035156,1400411.2781794588
472,30.0,1.0,9925.113111011555,3,63.63960075378418,56.91170120239258,70.36750030517578,383125.4231807073
473,306.64751561901414,1.0034229045707996,9955.113111011555,3,46.958675384521484,30.0,70.36750030517578,2140343.397132312
474,278.10812440847513,1.0161527671947161,10261.760626630568,2,40.10382556915283,30.0,57.467201232910156,1278594.7006281936
475,548.4630965708828,1.1567871759124815,10539.868751039045,1,17.424517575432272,10.0,38.22669982910156,698972.1695928649
476,256.76789599688874,1.0928767167947224,11305.785205025644,2,22.976433436075848,18.284299850463867,34.72140121459961,452731.4838570568
477,1070.1490043183137,1.1252887723006288,11562.553101022533,1,21.439937512079876,10.0,46.56850051879883,2635163.870648647
478,203.08680863972205,1.0122494486045963,11038.032138618375,3,39.934399922688804,32.50389862060547,52.57789993286133,1040056.2634652982
479,26.58831982695979,1.000000001824764,11241.118947258097,3,33.61264991760254,32.50389862060547,34.72140121459961,94406.90464173473
480,42.68344968288124,1.000000020883442,11267.707267085058,3,38.19379997253418,34.72140121459961,41.66619873046875,196150.77768656934
481,105.09817732401955,1.0000000216482485,11310.390716767939,3,44.11734962463379,41.66619873046875,46.56850051879883,643295.5085160395
482,95.64986360722662,0.9999999938363663,11415.488894091959,2,37.79610061645508,29.023700714111328,46.56850051879883,436975.8557208851
483,83.31684258554364,1.073062780541828,11511.138757699186,2,21.864100138346355,18.284299850463867,29.023700714111328,128102.13111911181
484,59.19054639442605,0.9999999738355322,11594.45560028473,2,31.939099311828613,18.284299850463867,45.59389877319336,201248.53887037182
485,200.0744635427833,1.0048045212509529,11653.646146679155,2,35.07882499694824,30.0,45.59389877319336,718260.0790105683
486,179.55450728547464,1.105081561018982,11853.720610221939,2,26.25800018310547,18.284299850463867,34.72140121459961,468763.94479179825
487,329.77362325181156,1.1167544539060552,12033.275117507414,1,13.186269173255333,10.0,18.284299850463867,194376.29270686858
488,149.49495171792427,1.0601388943542316,10542.901746231551,3,44.05756759643555,41.01020050048828,46.56850051879883,937106.3402792499
489,9.873027990909858,1.0000000191831917,10692.396697949474,3,43.73900032043457,42.88399887084961,44.59400177001953,59346.245896248234
490,253.67276401307737,1.0501605092787258,10702.269725940385,3,32.12222023010254,18.284299850463867,42.88399887084961,853666.511087687
491,64.21574111906443,0.9999999548476732,10955.942489953462,2,37.759599685668945,30.0,45.51919937133789,291686.93899575813
492,210.45830877398743,1.0135799088076187,11020.158231072526,2,45.87673314412435,30.0,62.111000061035156,1221640.0959553737
493,92.44851782432276,1.0000000105855633,11230.616539846515,2,61.177799224853516,60.244598388671875,62.111000061035156,1087104.2745810791
494,369.917863470508,1.054877031660805,11323.065057670838,2,21.511581767689098,10.0,60.244598388671875,1280424.263702392
495,233.12828569009943,1.0959372224020472,11692.982921141345,1,14.571074962615967,10.0,30.0,214370.84114217252
496,96.61598035160517,0.9999999823625568,11854.559881827168,3,32.60490036010742,30.488399505615234,34.72140121459961,323127.6916726709
497,186.26085111593517,1.061906930988955,11951.175862178774,3,24.92301654815674,18.284299850463867,34.196800231933594,378273.0182923782
498,6.598958493909906,1.000000000247138,12137.43671329471,3,34.4591007232666,34.196800231933594,34.72140121459961,24617.36336836831
499,672.937922506519,1.1170605990772473,12144.03567178862,2,18.968442113775957,10.0,49.53609848022461,1363576.5476829638
500,137.6320510808828,1.2315658574979795,12816.97359429514,1,23.178699493408203,10.0,49.53609848022461,358044.19776226004
501,291.58653888178276,1.4222796701309166,10089.028462829136,3,35.82379961013794,10.0,70.05999755859375,2023588.4013690725
502,290.18801695098733,1.1350548933397266,10380.615001710918,3,38.48145008087158,16.66670036315918,62.111000061035156,1701281.6654020734
503,18.973665961010276,1.0000000381362013,10670.803018661903,3,60.294349670410156,58.477699279785156,62.111000061035156,216763.2902036695
504,31.622776601683793,1.0000000180309803,10689.776684622913,3,55.44994926452637,52.42219924926758,58.477699279785156,305762.0461326036
505,152.691597832155,1.0794227926830873,10721.399461224597,2,26.90216636657715,10.0,52.42219924926758,422029.51585127064
506,53.60120037244102,1.0469992148890326,10874.091059056751,2,21.92793337504069,18.284299850463867,29.215200424194336,80685.09726229231
507,180.10927348740483,1.0341289885808298,10927.692259429192,2,23.49990005493164,10.0,30.0,326859.44488740567
508,259.64287773676324,1.0723177781535678,11107.801532916596,2,38.86637496948242,30.0,48.89699935913086,1322433.258627855
509,199.07271553569183,1.0631773078970546,11367.44441065336,1,19.244266510009766,10.0,48.89699935913086,398240.9589514956
510,158.89781135650654,0.9999999966447499,9972.566242081553,4,71.28454971313477,70.10700225830078,72.46209716796875,2536869.410709986
511,115.46833712409799,0.9999999923044071,10131.46405343806,4,55.15410041809082,40.20119857788086,70.10700225830078,1130525.9952734697
512,112.3930743600363,1.0000000028862255,10246.932390562157,3,52.420949935913086,40.20119857788086,64.64070129394531,987859.6295689608
513,23.52795713367079,1.000000047805243,10359.325464922193,3,67.32035064697266,64.64070129394531,70.0,335163.0353926008
514,13.07142199397759,1.0000000283632202,10382.853422055863,3,69.4365005493164,68.87300109863281,70.0,197996.66728100763
515,50.1675470862118,1.0000000352340994,10395.924844049841,3,66.71295166015625,64.55290222167969,68.87300109863281,701689.1714347457
516,38.673042036229816,0.9999999932476616,10446.092391136053,3,62.52805137634277,60.50320053100586,64.55290222167969,475181.7832436691
517,96.56158597445676,1.0000000155527742,10484.765433172282,3,53.535850524902344,46.56850051879883,60.50320053100586,874356.8336135711
518,177.56630355021701,1.1275471114591005,10581.32701914674,2,20.80880006154378,10.0,46.56850051879883,265911.54683185904
519,322.2876631002128,1.1451992965387061,10758.893322696957,1,14.387249946594238,10.0,30.0,242073.79438251894
520,115.90831067929335,1.0000000064082541,11366.25911064861,3,34.48740005493164,34.25339889526367,34.72140121459961,433103.8262440196
521,61.723288136966794,1.0000000398863724,11482.167421327904,2,32.32339954376221,30.393400192260742,34.25339889526367,202837.7455934599
522,141.01385240618941,0.9999999817444936,11543.890709464871,2,35.19010066986084,30.393400192260742,39.98680114746094,551993.6765433263
523,310.71716632380094,1.117652191010082,11684.90456187106,2,31.120757511683873,18.284299850463867,46.56850051879883,1020514.1110729654
524,114.77270439858471,0.9999999940792518,11995.621728194861,2,41.23200035095215,35.89550018310547,46.56850051879883,616418.3097277167
525,282.3263865970566,1.2604995110631925,12110.394432593446,2,35.43708038330078,30.0,46.56850051879883,1166208.924407825
526,102.80666455665596,1.0554324222935856,12392.720819190505,2,26.87487506866455,18.284299850463867,30.0,224238.02337919973
527,151.85824751902118,1.148587490528432,12495.52748374716,2,31.154799779256184,29.215200424194336,34.24919891357422,446280.0735803272
528,36.05551275463989,1.0000000355016603,12647.385731266182,2,32.714749336242676,31.180299758911133,34.24919891357422,121318.51620835361
529,60.0,1.0,12683.441244020822,2,30.590149879455566,30.0,31.180299758911133,176407.97271384657
530,162.13591931880694,1.4989470518437116,12743.441244020822,1,19.656859970092775,10.0,30.0,288844.31607927196
531,564.498838563416,1.1551699907721293,10824.339290756985,2,23.303946274977463,10.0,53.245601654052734,1491081.3272987595
532,62.40474461863499,1.0000000228196584,11388.838129320398,2,34.77290058135986,22.9773006439209,46.56850051879883,246147.66649055315
533,458.0365362573194,1.1646273170292507,11451.242873939033,2,32.761855867173935,18.284299850463867,50.0,1918297.584940331
534,177.72478104642542,1.0752045219608195,11909.27941019635,1,19.40534019470215,10.0,32.17380142211914,261097.08510345244
535,109.7577211275222,1.0000000016423134,9714.275443554496,3,58.20770072937012,51.111698150634766,65.30370330810547,1174064.5446953224
536,142.2122926262397,0.9999999795658536,9824.033164682018,3,46.72454833984375,42.337398529052734,51.111698150634766,978253.9893848544
537,195.0070576871901,1.0029490928546678,9966.245457308258,3,39.258766174316406,30.0,45.438899993896484,842638.6179419374
538,216.22534571913775,1.0244439609865523,10161.252514995449,3,35.04007530212402,30.0,45.438899993896484,824300.4870779915
539,114.64101615137756,1.064415145733511,10377.477860714585,3,17.071074962615967,10.0,30.0,140690.65567679837
540,60.0,1.0,10492.118876865963,3,22.360700607299805,10.0,34.72140121459961,103847.84049697293
541,49.986976453286374,0.9999999965941372,10552.118876865963,2,29.738150596618652,24.754899978637695,34.72140121459961,140178.287375212
542,380.24040018451285,1.2482110339194632,10602.10585331925,1,12.409499975351187,10.0,24.754899978637695,207194.25202013965
543,968.8978274593364,1.1409874062096677,51626.741985650035,2,27.754876641666186,18.284299850463867,65.3821029663086,2821844.8812694815
544,174.95214235556773,1.0192016252071163,52595.639813109374,2,40.125867207845054,30.0,56.638301849365234,899062.1071589626
545,55.629887434735636,1.0000000145162684,52770.591955464944,2,64.77700233459473,56.638301849365234,72.91570281982422,737189.2394449229
546,148.39640121890417,0.9999999537579743,52826.22184289968,2,81.45785140991211,72.91570281982422,90.0,3104761.251329053
547,238.75619618961147,1.108397848752365,52974.61824411858,1,54.14212512969971,30.0,90.0,2432893.3004051507
548,1467.192834521648,1.0683568952911775,50014.58158225266,1,30.27970004081726,10.0,90.0,8996423.935158785
549,237.45151409388842,1.035410434069667,52688.9645913193,2,43.79383341471354,30.0,54.8129997253418,1298287.735492665
550,201.04717615066022,0.9999999799792216,52926.41610541319,2,52.008399963378906,46.56850051879883,57.448299407958984,1714651.0693351356
551,172.43281974676665,1.000000024328367,53127.463281563854,2,53.72414970397949,50.0,57.448299407958984,1566044.0248597453
552,737.3337274466714,1.1215691053384182,53299.89610131062,2,31.010546170748196,10.0,50.0,2663069.6293648304
553,119.88872327218417,1.038824680252591,54037.22982875729,2,37.02510070800781,30.0,46.56850051879883,471815.9716522028
554,329.01292392702,1.0728863094153016,54157.11855202948,1,48.10360107421875,10.0,79.44270324707031,3649528.644655357
555,48.24361599803372,0.9999999582651349,10685.850132602514,2,42.85490036010742,39.141300201416016,46.56850051879883,279046.3980969578
556,189.75705449774335,1.0115880567371636,10734.093748600548,2,33.04710006713867,30.0,39.141300201416016,631200.3334079715
557,215.55855718786117,1.0456125503790743,10923.85080309829,2,30.0,30.0,30.0,609477.4572308079
558,330.70338854006457,1.1634104205439004,11139.409360286152,2,13.795514242989677,10.0,30.0,226685.12011874988
559,119.49382989376326,1.040060311459409,11470.112748826214,1,10.0,10.0,10.0,37540.09436123083
560,655.4887833685588,1.7575889119597423,10724.048670932618,2,23.7325865427653,10.0,51.13589859008789,2404668.214190966
561,68.98979485566356,1.0400602773463512,11379.537454301175,2,23.763333638509113,18.284299850463867,34.72140121459961,132574.5704922197
562,212.20731970159454,1.0773194328466635,11448.527249156838,1,21.612857273646764,10.0,34.72140121459961,377627.3414174906
563,71.39306717266986,1.0000000107352143,10920.765122828092,3,82.19720077514648,79.44270324707031,84.95169830322266,1515941.706287369
564,73.83013367518983,1.0000000290454325,10992.158190000762,3,87.8011474609375,84.95169830322266,90.65059661865234,1788695.199604678
565,17.257604830016074,1.0000000133863916,11065.988323675952,3,91.31549835205078,90.65059661865234,91.98040008544922,452092.23665197374
566,105.54099249269923,0.9999999976869919,11083.245928505969,3,69.53129959106445,47.08219909667969,91.98040008544922,1658692.4615897003
567,66.56348827505958,0.9999999467241069,11188.786920998667,2,50.16390037536621,47.08219909667969,53.245601654052734,526883.4500772465
568,19.378217491516047,0.9999999893887296,11255.350409273728,2,53.245601654052734,53.245601654052734,53.245601654052734,172596.1805119798
569,63.08389503786603,0.9999999746512669,11274.728626765243,2,53.245601654052734,53.245601654052734,53.245601654052734,561870.0223889668
570,568.4832428158275,1.3597120307629884,11337.81252180311,1,21.301326751708984,10.0,53.245601654052734,1215015.995011088
571,208.17588380792,1.1006619067832297,10810.904439733813,2,35.999732971191406,30.0,47.99919891357422,849524.2338531469
572,285.2027469336945,1.0869654626652414,11019.080323541733,2,32.68695068359375,30.0,34.72140121459961,1007976.2872201287
573,582.4220863755481,1.6806829433176533,11304.283070475429,1,16.32046475129969,10.0,34.72140121459961,718907.9475899877
574,54.58837480728518,0.9999999947925258,10837.016245653735,2,43.27894973754883,39.30500030517578,47.252899169921875,322123.4192883934
575,54.28892396960533,0.9999999778722252,10891.60462046102,2,49.38184928894043,47.252899169921875,51.510799407958984,416164.27729955566
576,42.81043790877097,0.9999999496686885,10945.893544430624,2,51.37660026550293,51.242401123046875,51.510799407958984,355002.39034738304
577,62.609903369994115,0.9999999700857908,10988.703982339395,2,48.90545082092285,46.56850051879883,51.242401123046875,470801.5507462639
578,60.0,1.0,11051.313885709389,2,38.284250259399414,30.0,46.56850051879883,280586.96571898914
579,98.99494936611666,1.0000000002555316,11111.313885709389,2,30.0,30.0,30.0,279901.62503245333
580,100.99504938362078,1.0000000085219185,11210.308835075506,2,30.590149879455566,30.0,31.180299758911133,296938.8627345006
581,121.78878257256619,1.0520948347461727,11311.303884459126,2,25.61757516860962,18.284299850463867,34.72140121459961,283087.1144634043
582,271.91508225450303,1.1138075457957588,11433.092667031693,1,12.071074962615967,10.0,18.284299850463867,134565.79481385803
583,263.2951814492844,1.0643996041689845,8832.69128350877,2,53.434800465901695,30.0,75.38510131835938,2013188.5503496393
584,60.87377116942846,0.9999999918182824,9095.986464958054,2,71.3966007232666,54.9193000793457,87.8739013671875,992151.4340559299
585,75.37062179603508,1.0000000141765586,9156.860236127482,2,82.76050186157227,77.64710235595703,87.8739013671875,1623867.07706022
586,86.00728531962719,0.9999999912548089,9232.230857923518,2,69.42550086975098,61.20389938354492,77.64710235595703,1308424.3710674988
587,380.97029761056666,1.1034276921345816,9318.238143243145,2,37.18506011962891,30.0,61.20389938354492,1934507.1148644802
588,49.107007679939,0.9999999550419316,9699.20844085371,2,28.690150260925293,27.380300521850586,30.0,127075.15543878169
589,257.1672928314362,1.169094925533349,9748.315448533649,2,17.880179977416994,10.0,30.0,249032.5252346246
590,80.0,1.0690450047050883,10005.482741365084,1,16.666666666666668,10.0,30.0,87964.5943005142
591,788.1874335722882,2.1596202206282347,11850.04112974226,1,18.312309537615096,10.0,46.56850051879883,1803097.5143963303
592,602.2488348462248,1.4471116210753805,11267.707267085058,1,15.12211427234468,10.0,34.72140121459961,491150.62524117355
593,202.13136981702752,1.01302904914353,10777.006170122566,2,51.907300313313804,34.72140121459961,86.27909851074219,1835829.9971068979
594,207.2115236009815,1.0057152818684405,10979.137539939593,2,29.464625358581543,18.284299850463867,46.56850051879883,518700.0997545259
595,70.71067811865476,1.0000000002555316,11186.349063540576,2,46.56850051879883,46.56850051879883,46.56850051879883,481747.4039061594
596,171.29774335275576,0.9999999918374827,11257.05974165923,2,40.64495086669922,34.72140121459961,46.56850051879883,895320.7900476397
597,124.00233254623005,0.9999999834801778,11428.357485011986,2,34.263851165771484,33.80630111694336,34.72140121459961,457380.7667723891
598,46.29471827468163,0.9999999692975073,11552.359817558216,2,32.493300437927246,31.180299758911133,33.80630111694336,153640.35309089147
599,287.5131920476795,1.0558499917480049,11598.654535832897,2,33.549760055541995,30.0,46.56850051879883,930044.8956693287
600,252.63091488361087,1.0831460787103484,11886.167727880576,1,15.606600046157837,10.0,46.56850051879883,316572.68567851896
601,78.75094693537973,1.0000000113072656,10525.676524277827,3,35.89400005340576,20.73539924621582,51.0526008605957,337699.1088333961
602,64.2058718946195,1.0000000048685307,10604.427471213206,3,25.36769962310791,20.73539924621582,30.0,131246.38517834753
603,214.44856690383435,1.1532159781878235,10668.633343107826,2,20.601140213012695,10.0,34.72140121459961,523594.7045421564
604,108.2842712474619,1.0618146159235824,10883.08191001166,2,11.380716641743978,10.0,18.284299850463867,50055.0524904297
605,88.2842712474619,1.0706040465053,10991.366181259122,2,13.313719940185546,10.0,18.284299850463867,58494.35185571047
606,131.20955864630136,1.2182502055260638,11079.650452506583,1,11.380716641743978,10.0,18.284299850463867,62119.93252955213
607,672.2643509088906,1.3337948445277015,10644.310465193075,1,17.705409458705358,10.0,48.97060012817383,1108707.3854959402
608,143.2769970246008,1.190800569973631,10246.932390562157,3,27.530349731445312,18.284299850463867,40.20119857788086,316843.25564858865
609,61.26014999835823,0.9999999851279243,10390.209387586758,2,34.03650093078613,33.351600646972656,34.72140121459961,222985.36593027227
610,55.03322257687942,1.000000006875721,10451.469537585115,2,32.557400703430176,30.393400192260742,34.72140121459961,183532.6556588473
611,47.12437127905634,1.0000000149414232,10506.502760161995,2,30.19670009613037,30.0,30.393400192260742,134995.89087053822
612,329.11170728709413,1.0648410784919398,10553.627131441051,2,30.90535004933675,18.284299850463867,42.42639923095703,1063377.4230124496
613,164.87868638009263,1.0142780592268135,10882.738838728146,2,33.10659980773926,30.0,42.42639923095703,526162.3772834939
614,37.416573867739416,1.0000000346621443,11047.61752510824,2,30.0,30.0,30.0,105792.86655984339
615,173.1370849898476,1.2366934642131973,11085.03409897598,1,16.09476661682129,10.0,30.0,156709.97803316996
616,172.02065030021902,1.0173332951381937,11538.073484623554,3,30.204033533732098,30.0,30.61210060119629,491514.7678881345
617,88.27760192355302,0.9999999861135668,11710.094134923773,3,30.0,30.0,30.0,249599.04257764295
618,130.47918013643144,1.079081209932267,11798.371736847326,3,26.09476661682129,18.284299850463867,30.0,243603.3905205634
619,91.2024799511678,0.9999999541712968,11928.850916983758,2,32.174299240112305,30.0,34.34859848022461,297053.9665363279
620,700.999428173456,1.3597593400127939,12020.053396934925,1,22.760300091334752,10.0,46.56850051879883,1973514.4526369246
621,255.19949105264203,1.056896488254181,11082.38986404355,3,52.53646723429362,30.0,78.9457015991211,2694363.7238104986
622,275.5415315992844,1.1038745582314315,11337.58935509619,2,38.80412578582764,30.0,46.56850051879883,1407752.2088241125
623,222.38636654691066,1.143214185687471,11613.130886695475,2,19.847437620162964,10.0,43.92660140991211,350155.58158328745
624,195.93091819629717,1.0885051010905398,11835.517253242386,1,15.177687406539917,10.0,18.284299850463867,152774.80816643214
625,57.512547633203795,1.0000000190201481,10055.166026142775,3,60.29615020751953,57.9468994140625,62.64540100097656,657220.8611338721
626,372.9916265017038,1.0632957024718093,10112.678573775978,2,38.20613352457682,30.0,57.9468994140625,1927355.0574831017
627,66.93829744863064,0.9999999456545045,10485.670200277682,2,38.284250259399414,30.0,46.56850051879883,313033.57987040543
628,82.1808985158448,0.9999999749590762,10552.608497726313,2,40.64495086669922,34.72140121459961,46.56850051879883,429534.3697341901
629,181.69747133597423,1.00598888769553,10634.789396242157,2,44.845167795817055,34.72140121459961,53.245601654052734,1177192.8942380506
630,193.54921367050918,1.0104103750902909,10816.48686757813,2,48.52555179595947,34.72140121459961,71.41380310058594,1337412.7710483891
631,439.4396594304448,1.1433290904639077,11010.03608124864,1,36.64721488952637,10.0,71.41380310058594,2396985.023920396
632,101.95416460815296,0.999999944888004,12067.444125565917,1,48.284250259399414,46.56850051879883,50.0,747048.1700621969
633,769.3342407858294,1.2952079625784514,12345.063729080224,1,18.656910645334346,10.0,53.245601654052734,1844322.2021785965
634,156.80992275779354,1.0000000095220065,10909.200714562536,3,45.36520004272461,40.64500045776367,50.08539962768555,1017497.8456134937
635,192.40012959292352,1.0678145961217493,11066.010637320329,3,33.548333485921226,30.0,40.64500045776367,664834.2966918264
636,92.20497124069061,0.9999999992106071,11258.410766913252,3,30.0,30.0,30.0,260703.414452588
637,170.5719343476747,1.2713681426286296,11350.615738153941,2,25.313719940185546,18.284299850463867,30.0,361408.5005286704
638,258.5640646055102,1.125255679748924,11521.187672501617,1,11.506236336447976,10.0,18.284299850463867,106020.65062232106
639,172.81273744680595,1.0044536135207653,10659.12793765487,2,44.154032389322914,30.0,72.46209716796875,1065724.7849912862
640,147.88357033435673,1.0110058983198442,10831.940675101676,2,36.02630043029785,18.284299850463867,59.79460144042969,609582.0525167043
641,670.3522125285865,1.2104966815998808,10979.824245436032,1,18.450566736857095,10.0,62.111000061035156,3240005.8000706392
642,128.78267668332066,0.9999999406531146,10861.17707835718,3,62.21015167236328,37.12300109863281,87.29730224609375,1650653.5991140052
643,72.14690581525242,1.0000000252755572,10989.9597550405,3,41.84575080871582,37.12300109863281,46.56850051879883,398575.2725500474
644,61.01731696328919,1.0000000336363624,11062.106660855752,3,39.55875015258789,32.54899978637695,46.56850051879883,303116.7808524047
645,92.9681338249752,1.0000000194252825,11123.123977819041,3,33.63520050048828,32.54899978637695,34.72140121459961,330539.19469450135
646,77.78174593052023,1.0000000002555316,11216.092111644017,3,34.72140121459961,34.72140121459961,34.72140121459961,294592.74443837546
647,245.1634557407115,1.0777066188522328,11293.873857574537,3,37.49006716410319,31.180299758911133,46.56850051879883,1220955.6723151375
648,115.88140019773715,1.0010628238158967,11539.037313315248,2,26.488199869791668,18.284299850463867,31.180299758911133,224328.81749649413
649,296.76789599688874,1.1059886556610252,11654.918713512985,1,16.48528995513916,10.0,30.0,316527.9544117046
650,141.4213562373095,1.0000000002555316,10628.76472839135,1,54.787099838256836,34.72140121459961,74.85279846191406,1393215.6977994489
651,198.501853046274,1.0283848088613634,9108.36482078519,2,38.615333557128906,30.0,51.12459945678711,900306.5128363287
652,299.3204414529286,1.0044536416821304,9306.866673831462,2,38.17210102081299,30.0,53.245601654052734,1148932.4037017324
653,87.28631721316887,1.0000000148385244,9606.18711528439,2,53.245601654052734,53.245601654052734,53.245601654052734,777433.971165683
654,67.19487460095405,0.9999999550031524,9693.47343249756,2,49.90705108642578,46.56850051879883,53.245601654052734,526571.3141620274
655,107.75371114973501,1.0000000302912344,9760.668307098515,2,46.56850051879883,46.56850051879883,46.56850051879883,734119.2367208935
656,84.73609999375047,1.0000000088579297,9868.42201824825,2,53.81920051574707,46.56850051879883,61.06990051269531,775733.3137599968
657,371.4805719911067,1.1025488717620386,9953.158118242,1,24.388980293273924,10.0,61.06990051269531,1430804.4495879447
658,475.2394075851661,1.0343960234759861,9240.573090938413,2,40.9734837214152,18.284299850463867,79.589599609375,3519725.990349206
659,93.71115440565936,1.0224725398570877,9715.812498523579,2,27.668567021687824,18.284299850463867,34.72140121459961,193311.48743139795
660,366.84823939550694,1.7732279085438556,9809.523652929238,1,14.71404997507731,10.0,30.0,354836.77016466577
661,1561.143052698058,1.3909976529029078,53714.22606513971,1,38.32694435119629,10.0,72.46209716796875,11209905.456167117
662,595.0271179691742,2.223720800506232,11546.073664281019,1,17.079605632358128,10.0,34.72140121459961,894538.5400670699
663,88.00078125086696,0.9999999479917172,10719.092840848152,3,46.772850036621094,34.72140121459961,58.82429885864258,618201.379861325
664,88.48192789074467,1.000000021771556,10807.093622099019,3,55.453800201416016,52.08330154418945,58.82429885864258,855857.6449021385
665,197.95383638699042,1.0394976013506394,10895.575549989764,3,39.92164993286133,30.0,52.08330154418945,909570.0314021882
666,62.22251089044246,0.9999999935543995,11093.529386376753,2,57.62569999694824,47.60329818725586,67.64810180664062,655672.3947848616
667,7.338583374626883,0.9999999870868831,11155.751897267195,2,68.82405090332031,67.64810180664062,70.0,109215.63974713795
668,209.92334105753545,1.0243210427450409,11163.090480641822,2,33.31371994018555,18.284299850463867,70.0,950741.0141407652
669,177.27406610312545,1.0234923134019716,11373.013821699356,2,24.142149925231934,18.284299850463867,30.0,403913.326141156
670,103.6308110070411,1.3848250105076796,11550.28788780248,1,14.142149925231934,10.0,18.284299850463867,80124.39870705205
671,270.7404570739107,1.034013314232402,10123.294053661073,2,28.7000830968221,18.284299850463867,53.570499420166016,783236.281113135
672,43.391146158420455,1.0000000543795835,10394.034510734986,2,61.31085014343262,53.570499420166016,69.05120086669922,515141.89291713864
673,114.98322500531671,1.000000017775558,10437.425656893407,2,72.1140022277832,69.05120086669922,75.17680358886719,1879682.952673037
674,39.54455265383951,1.000000020343492,10552.408881898724,2,74.2396011352539,73.30239868164062,75.17680358886719,684748.1389763561
675,96.47429874083252,1.0000000225034893,10591.953434552563,2,62.97779846191406,52.6531982421875,73.30239868164062,1212857.7827749487
676,149.36546841795297,1.1257827912693277,10688.427733293394,2,19.94485969543457,10.0,52.6531982421875,255598.36573698232
677,127.34587054268009,1.2273839560317907,10837.793201711347,1,14.727939987182618,10.0,18.284299850463867,94103.51049189313
678,102.0322947940815,0.9999999957565466,12028.538895188125,2,42.01625061035156,30.78689956665039,53.245601654052734,579350.4491922684
679,180.6187611744789,1.0555970200379778,12130.571189982207,2,35.786566416422524,30.78689956665039,41.85139846801758,762422.6266452293
680,597.9163485438003,1.978612419852859,12311.189951156686,1,21.530407088143484,10.0,41.85139846801758,1317241.4883422926
681,126.00525007966112,1.000000008382378,10589.050181296236,2,57.828250885009766,46.949798583984375,68.70670318603516,1339403.8983317378
682,473.9008783302933,1.1345507985859051,10715.055431375897,1,16.775781393051147,10.0,68.70670318603516,937115.2816744724
683,445.62640924990507,1.2437418006426149,10380.615001710918,1,12.828717624439912,10.0,18.284299850463867,249591.8123995674
684,216.4743872721723,1.0408793862890726,9442.563038450275,2,38.94472551345825,18.284299850463867,100.9260025024414,1926888.567765008
685,403.9097410890124,1.1254286493914079,9659.037425722447,1,16.99929278237479,10.0,30.0,460232.0474024601
686,304.7649010365104,1.0710258427858361,8873.51786613315,2,25.12209963798523,10.0,82.69249725341797,1371718.5213402687
687,20.0,1.0,9178.28276716966,2,30.0,30.0,30.0,56548.66776461627
688,303.92304845413264,1.2285361099380625,9198.28276716966,1,17.2058777279324,10.0,30.0,388116.32312145486
689,202.56545171081888,1.0737331390325129,12757.879717019874,2,27.04779968261719,18.284299850463867,38.6703987121582,486023.2005286818
690,48.2842712474619,1.0796691347054441,12960.445168730694,2,15.522866566975912,10.0,18.284299850463867,31205.49656889094
691,147.88092197652114,1.0486861296283083,13008.729439978155,2,24.142149925231934,18.284299850463867,30.0,334587.3544123573
692,202.39660743313922,1.1289308967220046,13156.610361954676,1,19.264699935913086,10.0,30.0,347998.5363236535
693,74.77845717498258,0.9999999937599812,11466.55310621982,2,60.67230033874512,60.22209930419922,61.122501373291016,864799.1795093406
694,76.84539677118572,0.99999998467009,11541.331563394804,2,61.58545112609863,61.122501373291016,62.04840087890625,915655.6322380777
695,84.4257562688742,1.0000000655777683,11618.176960165989,2,59.31060028076172,56.57279968261719,62.04840087890625,933679.4402951316
696,48.023431780746364,0.9999999603411038,11702.602716434863,2,54.90920066833496,53.245601654052734,56.57279968261719,455015.4965162818
697,82.46211251235322,1.0000000010379968,11750.62614821561,2,41.62280082702637,30.0,53.245601654052734,460480.08770581114
698,35.77708763999664,0.9999999853177943,11833.088260727964,2,30.0,30.0,30.0,101157.33361219923
699,423.8026128288516,1.1939286190238985,11868.86534836796,1,22.97057991027832,18.284299850463867,30.0,769668.3405185356
700,569.9909624011325,1.1586713703838192,10628.76472839135,2,39.44895717075893,30.0,74.85279846191406,3286056.359853507
701,254.0033918527509,1.097127547100073,11198.755690792483,1,14.472140121459962,10.0,34.72140121459961,255026.60191668646
702,102.66283218439662,1.0000000549985897,10390.209387586758,2,36.27815055847168,33.351600646972656,39.2047004699707,425396.99768936227
703,74.86646863450343,0.9999999772607067,10492.872219771154,2,36.963050842285156,34.72140121459961,39.2047004699707,321739.9238545653
704,92.04347998849535,1.0610948782040168,10567.738688405658,2,18.617550373077393,10.0,34.72140121459961,117986.04822480201
705,274.0379123192207,1.357613469477002,10659.782168394153,1,12.392490907148881,10.0,18.284299850463867,148489.26989310732
706,134.90737563232042,0.9999999739223293,9840.227478079212,2,54.650550842285156,53.245601654052734,56.05550003051758,1266106.7646853363
707,45.40885620618896,1.0000000169120435,9975.134853711532,2,55.9369010925293,53.245601654052734,58.62820053100586,446706.44309007534
708,122.52969730622183,1.000000030218848,10020.543709917722,2,65.5451488494873,58.62820053100586,72.46209716796875,1659898.4295798086
709,108.85239362279596,0.9999999254899079,10143.073407223943,2,71.55019760131836,70.63829803466797,72.46209716796875,1750786.0491130853
710,24.46810588744037,1.0000000233478747,10251.925800846739,2,70.43314743041992,70.22799682617188,70.63829803466797,381334.09226776514
711,123.05374430540236,0.9999999611627413,10276.39390673418,2,59.54764747619629,48.8672981262207,70.22799682617188,1385498.7314030887
712,300.9901629636831,1.1350520989348627,10399.447651039582,1,15.543589782714843,10.0,48.8672981262207,377715.3560815512
713,268.86329318056823,1.0287962817769176,9667.82158902608,3,49.00547504425049,30.0,70.0,1932804.7286416544
714,90.71027540990825,1.0000000183797535,9936.68488220665,3,40.37165069580078,34.72140121459961,46.02190017700195,467504.45019527205
715,94.01081138690002,1.000000005689231,10027.395157616558,3,51.45190238952637,34.72140121459961,68.18240356445312,809419.3073890316
716,60.34023945186545,1.0000000462054384,10121.405969003457,3,76.7671012878418,68.18240356445312,85.35179901123047,1121795.6567536623
717,105.17880665060976,0.9999999670178894,10181.746208455323,3,65.96014976501465,46.56850051879883,85.35179901123047,1479028.7535488822
718,48.98979485566356,0.9999999830750286,10286.925015105933,2,38.284250259399414,30.0,46.56850051879883,229098.30203992192
719,230.70338854006462,1.0664267534158043,10335.914809961596,1,14.571074962615967,10.0,30.0,189972.04861964518
720,220.71890460273028,1.111965740316026,9355.601791133027,2,37.04652547836304,18.284299850463867,53.33330154418945,1093750.352977444
721,75.97840617240067,0.999999965239126,9576.320695735758,2,31.311500549316406,30.0,32.62300109863281,234154.0803208976
722,26.701171875,1.0000000714331483,9652.299101908158,2,33.67220115661621,32.62300109863281,34.72140121459961,95140.12278117299
723,302.4191172926027,1.5120955864630137,9679.000273783158,1,17.078054601495918,10.0,34.72140121459961,321855.6517414798
724,163.3798135845119,0.9999999498540777,51814.881650153635,2,70.4144515991211,62.111000061035156,78.71790313720703,2556703.125002639
725,992.0073978834622,1.283028263316629,51978.26146373815,2,53.28203652121804,30.0,72.46209716796875,9198795.615628704
726,112.49037137237059,1.081831593154898,52970.26886162161,1,29.37332534790039,18.284299850463867,50.92470169067383,319442.85604972066
727,42.42640687119285,1.0000000002555316,12144.03567178862,3,38.54104995727539,34.72140121459961,42.36069869995117,198633.62378617228
728,35.35533905932738,1.0000000002555316,12186.462078659813,3,45.54374885559082,42.36069869995117,48.72679901123047,230764.487040441
729,124.58360709646163,0.9999999724024186,12221.817417719141,3,49.363399505615234,48.72679901123047,50.0,953772.9083464851
730,294.3142395606839,1.1062526098240943,12346.401024815603,2,26.652657100132533,10.0,50.0,708854.2677666447
731,168.33204296696044,1.0699886518212596,12640.715264376286,1,13.333333333333334,10.0,30.0,128033.63775131889
732,49.97793733209388,0.9999999545075482,11022.745513099948,2,46.86025047302246,43.72050094604492,50.0,345292.2589112112
733,760.8863935303848,1.0637810309451627,11072.723450432042,1,21.081571442740305,10.0,43.72050094604492,1315441.4720745585
734,128.80396376684186,1.100446547035006,10668.633343107826,2,24.142149925231934,18.284299850463867,30.0,217375.82118734284
735,344.1224020310878,1.1680274974326528,10797.437306874666,1,17.216108322143555,10.0,30.0,417849.81192416477
736,254.17660483691645,1.0694522700591924,10721.399461224597,2,20.865971292768204,10.0,52.42219924926758,633762.5489996206
737,183.09672112417144,1.1832420384559905,10975.576066061514,1,13.3564666112264,10.0,18.284299850463867,110685.8456099843
738,234.16407864998737,1.0268774378710233,9422.563038450275,2,34.360399627685545,10.0,95.2333984375,1911453.3132858295
739,296.76789599688874,1.1380529270939779,9656.727117100261,1,14.077536322853781,10.0,30.0,248788.52712262655
740,260.9680272750323,1.0871384131227848,9551.571511703858,3,51.15404987335205,30.0,98.04769897460938,3049576.946652405
741,40.0,1.0,9812.53953897889,2,30.0,30.0,30.0,113097.33552923254
742,287.1404768425985,1.1279943243356838,9852.53953897889,1,14.83065449107777,10.0,30.0,214381.62917929477
743,451.9709549975059,1.1584064103237421,53215.6749732953,2,29.67572233412001,18.284299850463867,70.0,1615562.9426405798
744,223.9184398774936,0.9999999915372431,53667.645928292804,2,48.02765083312988,33.94430160522461,62.111000061035156,1669149.2154547567
745,11.727898122014514,0.9999999594383625,53891.5643681703,2,62.111000061035156,62.111000061035156,62.111000061035156,142136.9915232832
746,70.0,1.0,53903.292266292316,2,62.111000061035156,62.111000061035156,62.111000061035156,848369.324114587
747,57.0087712549569,1.0000000222061136,53973.292266292316,2,56.28260040283203,50.454200744628906,62.111000061035156,569363.3654202851
748,81.54753215150045,1.0000000125518302,54030.30103754727,1,40.22710037231445,30.0,50.454200744628906,423502.1767735821
749,109.30722061503663,1.0000000014276482,11624.096288211449,2,42.726850509643555,33.25170135498047,52.20199966430664,637179.8019800279
750,54.48512699449513,1.0000000091609185,11733.403508826486,2,36.40880012512207,33.25170135498047,39.56589889526367,227471.87289774252
751,10.04499308045198,0.9999999681312134,11787.888635820982,2,40.76159858703613,39.56589889526367,41.957298278808594,52447.705557399844
752,19.226215085049425,0.9999999855666132,11797.933628901434,2,44.26289939880371,41.957298278808594,46.56850051879883,118444.79951565323
753,66.332495807108,0.9999999873974531,11817.159843986483,2,54.33975028991699,46.56850051879883,62.111000061035156,619529.8683619355
754,71.93401137310255,0.9999999722857578,11883.49233979359,2,49.8044490814209,37.49789810180664,62.111000061035156,571966.5436895598
755,145.83719446524603,1.2433201175278927,11955.426351166694,2,20.47015953063965,10.0,37.49789810180664,223456.87923727528
756,82.92528739883946,1.108135803218289,12101.26354563194,1,12.071074962615967,10.0,18.284299850463867,46950.98134832641
757,99.60336281737236,0.9999999977938795,12062.850014901434,3,46.34025001525879,45.187801361083984,47.492698669433594,672094.1963823506
758,58.45666731374767,0.9999999736554935,12162.453377718806,3,47.987749099731445,47.492698669433594,48.4827995300293,422921.82864014263
759,140.97555098196747,1.016173438846095,12220.910045032553,2,36.16093317667643,30.0,48.4827995300293,548520.9684924935
760,170.92592824497626,1.0865009165840944,12361.885596014521,2,30.0,30.0,30.0,483281.6706761782
761,266.5428719769193,1.1243432103976876,12532.811524259498,1,20.429385866437638,10.0,34.72140121459961,551637.4826800919
762,60.27166105410322,1.0000000199601107,11350.615738153941,2,30.0,30.0,30.0,170414.1034270179
763,306.17134651952017,1.241023816078578,11410.887399208044,1,13.450223042414738,10.0,30.0,221685.9619789897
764,151.54262515106177,1.0135259785199573,11414.182152319368,2,37.035400390625,25.231399536132812,51.15340042114258,767758.9257450039
765,112.2828339716702,1.091304629376932,11565.72477747043,2,18.703139877319337,10.0,30.0,121666.32642916069
766,263.0085629420387,1.2918367269964561,11678.0076114421,1,17.5,10.0,30.0,426316.66654413403
767,124.23211264850305,1.000000028806392,10844.754358033311,2,81.85544967651367,73.71089935302734,90.0,2623673.284351193
768,82.77461775423883,0.999999972190588,10968.986470681813,2,68.28114891052246,62.85139846801758,73.71089935302734,1214963.3205279836
769,72.66829928334393,1.0000000339815187,11051.761088436053,2,57.025848388671875,51.20029830932617,62.85139846801758,744983.2281766243
770,466.5024067467389,1.0729806540312845,11124.429387719398,1,21.25275455821644,10.0,51.20029830932617,1136520.7505807602
771,367.0307125337917,1.102145546303911,11241.118947258097,1,13.64283062861516,10.0,32.50389862060547,310042.41974158713
772,179.28900438009327,1.0351255651448197,11527.473413106061,2,24.142125129699707,10.0,46.56850051879883,331443.5551541497
773,10.024220698406014,1.000000023123219,11706.762417486154,2,44.33245086669922,42.09640121459961,46.56850051879883,61945.83235092091
774,9.99348237309729,0.9999999783234336,11716.78663818456,2,39.86034965515137,37.624298095703125,42.09640121459961,49934.908795137424
775,215.43541929387771,1.1464429002716519,11726.780120557656,1,20.095187187194824,10.0,37.624298095703125,314131.01111636334
776,57.589358613062075,0.9999999883592178,10954.95760410596,2,48.805599212646484,44.887298583984375,52.723899841308594,431880.40282657574
777,86.0571712265337,1.0000000484946365,11012.546962719023,2,37.44364929199219,30.0,44.887298583984375,384040.465371175
778,264.05948615456145,1.1697339040365553,11098.604133945557,2,23.286528723580496,10.0,34.72140121459961,492246.3694699997
779,137.0064329840069,1.1112689436652554,11362.663620100118,1,14.0,10.0,30.0,97656.98080236852
780,229.424222483452,1.0825397284983456,11245.830351081306,2,30.82985954284668,10.0,65.86499786376953,1026427.148156329
781,36.1510335840435,1.000000057810325,11475.254573564758,2,30.0,30.0,30.0,102214.63346551689
782,162.4110838547065,1.0798937322419226,11511.405607148801,2,31.36346689860026,30.0,34.09040069580078,490888.2890778238
783,174.7050481310293,1.0883559754473717,11673.816691003507,1,18.1572167078654,10.0,34.09040069580078,239036.66542781435
784,220.20523474870302,1.0213260127906991,11365.49302276205,2,41.30796686808268,30.78689956665039,46.56850051879883,1314713.1176285732
785,481.74586805516674,1.1568936531786083,11585.698257510752,2,35.520757402692524,30.0,46.56850051879883,1893759.5058318048
786,174.61325242667914,1.0611176066330659,12067.444125565917,1,20.627420043945314,10.0,46.56850051879883,324209.3930829163
787,335.93091819629717,1.0797228651251083,10537.476702046757,1,12.812969207763672,10.0,30.0,219435.93753487122
788,56.60446132189629,0.9999999938516227,10581.32701914674,2,39.151750564575195,31.735000610351562,46.56850051879883,275846.26654203667
789,217.16013264121847,1.104297511725553,10637.931480468636,2,30.844179916381837,18.284299850463867,44.20159912109375,622884.6006660912
790,362.7022987751644,1.1072646564091684,10855.091613109855,1,24.27519989013672,10.0,44.20159912109375,941412.4284223629
791,72.65913758149073,1.000000050514749,10369.304765921623,2,26.187350273132324,18.284299850463867,34.09040069580078,161291.58301659845
792,163.92304845413267,1.1591109918430718,10441.963903503114,2,19.656859970092775,10.0,30.0,249173.40488817924
793,171.20955864630136,1.1758720313609488,10605.886951957247,1,11.035537481307983,10.0,18.284299850463867,71934.86694459997
794,131.86352129331067,0.9999999689276142,10112.678573775978,2,46.771400451660156,35.59590148925781,57.9468994140625,923469.4155899505
795,492.7401826590524,1.1169280900218679,10244.54209506929,1,22.54734166463216,10.0,50.0,1157216.4862657327
796,184.25308975541788,1.020525817307433,2388.9439202025987,2,31.180333455403645,30.0,33.54100036621094,548603.6842985423
797,551.6976199310108,1.1673689688708129,2573.1970099580167,1,23.702972932295367,10.0,34.72140121459961,1512940.806370573
798,139.98830713936132,1.028476387696586,11928.850916983758,2,14.71404997507731,10.0,30.0,113440.78776818476
799,54.64101615137755,1.115355052773058,12068.83922412312,2,22.189533233642578,18.284299850463867,30.0,85680.1219101132
800,129.2820323027551,1.125255679748924,12123.480240274497,1,17.313719940185546,10.0,30.0,139733.73484761943
801,366.0545870221032,1.091144248436339,12220.910045032553,2,26.567625045776367,10.0,50.92100143432617,891027.7314584812
802,214.41742946914835,1.0726235737011502,12586.964632054656,1,25.49792022705078,10.0,50.92100143432617,699508.385866165
803,150.97018512751924,1.0467899285927051,11363.884324352635,3,31.573800404866535,30.0,34.72140121459961,449801.3123601113
804,93.71115440565936,1.0224725398570877,11514.854509480154,3,24.90713373819987,10.0,34.72140121459961,222340.27304958715
805,128.3521705570369,1.1344836275510606,11608.565663885813,2,14.142149925231934,10.0,18.284299850463867,101019.61289113581
806,88.2842712474619,1.0706040465053,11736.91783444285,1,10.0,10.0,10.0,27735.321795584892
807,290.17238339441394,1.0767436199432814,11858.634756985879,2,29.876933097839355,18.284299850463867,64.40869903564453,1107520.108743381
808,249.25778320594748,1.1102823746203627,12148.807140380293,1,19.754899978637695,10.0,30.0,429280.4416042079
809,119.51083099354622,1.0866939413278487,11188.786920998667,2,35.6940663655599,30.0,47.08219909667969,500479.8877866268
810,84.8528137423857,1.1338934583308589,11308.297751992213,2,19.42809995015462,10.0,30.0,123892.68901645982
811,183.92304845413264,1.197237111299349,11393.150565734599,1,11.035537481307983,10.0,18.284299850463867,75928.92867469252
812,326.0978321994892,1.4456104593416137,11304.283070475429,2,18.942143031529017,10.0,34.72140121459961,660304.0010203342
813,27.367192117275206,1.000000029326281,11630.380902674917,2,13.266799926757812,10.0,16.533599853515625,15438.408728461494
814,128.93541622265226,1.0851822319475781,11657.748094792192,1,11.306719970703124,10.0,16.533599853515625,52007.02969814802
815,71.13754969601662,0.9999999907504927,11093.529386376753,2,32.211548805236816,16.819799423217773,47.60329818725586,249532.97084623144
816,282.3221835666826,1.2877536422764995,11164.66693607277,1,15.138690775090998,10.0,18.284299850463867,222479.58394005895
817,296.3826381932152,1.1234355075651647,11139.409360286152,1,13.737741629282633,10.0,30.0,237572.29492945605
818,345.55713646202224,1.0857132574714157,11337.58935509619,2,31.888560485839843,30.0,34.72140121459961,1172054.4958464196
819,211.62634459682272,1.1153687449644365,11683.146491558211,2,39.32233428955078,30.0,53.245601654052734,1006754.418205126
820,266.213567458219,1.0761045673941787,11894.772836155034,1,25.2549835840861,10.0,53.245601654052734,1305602.5542296884
821,202.86107254541815,1.1001686618411965,10143.955533460176,2,25.27656021118164,18.284299850463867,53.245601654052734,514432.2216903104
822,258.3930307086503,1.4918328810323402,10346.816606005594,1,19.142149925231934,10.0,30.0,415568.0213449056
823,331.9201937275826,1.146407230691561,10485.670200277682,1,13.737741629282633,10.0,30.0,220255.6667413331
824,83.67026905561144,1.0015085879447343,9297.931102956793,2,23.763333638509113,18.284299850463867,34.72140121459961,155842.05442878974
825,293.8174875510423,1.1011275836000776,9381.601372012403,1,15.313719940185546,10.0,30.0,279230.7901064113
826,188.06248474865697,1.0930909675082732,11415.488894091959,3,48.7942008972168,46.56850051879883,53.245601654052734,1473747.8991796179
827,236.28968604236087,1.0038987054207396,11603.551378840617,2,38.67043431599935,34.72140121459961,46.56850051879883,1098473.0222646794
828,95.71155468592364,1.0088883483010032,11839.841064882978,2,29.242367426554363,18.284299850463867,34.72140121459961,217972.59739683272
829,127.64664694883525,1.0788110806872226,11935.552619568902,1,14.944280242919922,10.0,34.72140121459961,103455.3576287526
830,304.467485522557,1.120380810080646,11257.05974165923,1,14.07752730629661,10.0,46.56850051879883,271973.00670562446
831,280.32145519674543,1.237649499856026,10923.85080309829,1,14.077536322853781,10.0,30.0,214121.4988413721
832,159.26480749925855,0.9999999448407919,11138.020768230075,2,73.27814865112305,71.0895004272461,75.466796875,2687495.9410025016
833,83.5472169708222,0.9999999838183518,11297.285575729335,2,59.83780097961426,48.58610153198242,71.0895004272461,950871.3272863713
834,317.0420092237242,1.1105225075233789,11380.832792700157,1,17.969255659315323,10.0,48.58610153198242,507974.70842402533
835,112.10183852334384,1.0658140136670855,10692.396697949474,2,20.71957540512085,10.0,44.59400177001953,210580.92009237295
836,56.568542494923804,1.0000000002555316,10804.498536472818,2,18.284299850463867,18.284299850463867,18.284299850463867,59413.00672869846
837,183.92304845413267,1.4361977188386195,10861.067078967742,1,15.224085671561104,10.0,30.0,171608.48591393727
838,200.77349340973905,1.0354102246067571,10027.395157616558,2,31.573800404866535,30.0,34.72140121459961,645477.7279507343
839,206.75009372135833,1.098192354405749,10228.168651026297,2,20.143266677856445,10.0,34.29100036621094,269672.5029266361
840,127.2241136059693,1.27971545068154,10434.918744747656,1,20.214900016784668,10.0,34.29100036621094,219303.13867599727
841,126.332495807108,1.0246918783919308,9809.523652929238,2,20.0,10.0,30.0,151039.65443359103
842,189.2820323027551,1.1476909015087013,9935.856148736346,1,16.035537481307983,10.0,30.0,166649.50519502707
843,116.14701488401364,1.0000000351347051,1837.970464443326,2,42.542049407958984,41.3031005859375,43.78099822998047,660567.9361296437
844,136.23419089337148,0.9999999926511858,1954.1174793273397,2,36.890499114990234,30.0,43.78099822998047,589232.1366998069
845,24.49489742783178,0.9999999830750286,2090.351670220711,2,30.0,30.0,30.0,69257.69200092512
846,192.85150227206034,1.0452435514286638,2114.846567648543,2,31.224066416422527,30.0,33.67219924926758,591961.163148696
847,101.69991257662338,1.0000004457044975,2307.6980699206033,2,36.37410036722819,30.262300491333008,45.187801361083984,403569.8396708119
848,158.93827511772136,1.0505566460904237,2409.3979824972266,1,27.048375606536865,10.0,45.187801361083984,520782.40946876263
849,127.40558094693891,1.000000018316762,54409.87718043234,2,62.059499740600586,54.11899948120117,70.0,1549952.4742171564
850,502.35943855205585,1.104038916107706,54537.282761379276,2,67.58205947875976,46.56850051879883,89.23079681396484,6885641.2361836
851,254.53793409755042,1.158959758843818,55039.642199931324,1,42.816719436645506,10.0,89.23079681396484,2357701.0781575283
852,374.5172627082528,1.624960472537658,13041.941110756192,1,20.142149925231934,10.0,30.0,551587.4901889748
853,258.8562055951366,1.2122052475646334,12033.275117507414,1,14.142149925231934,10.0,18.284299850463867,178117.82826328915
854,300.57656129917984,1.1224464800344627,11978.457625325094,1,17.324650001525878,10.0,34.72140121459961,555980.8814164207
855,90.02337023047176,1.0000000154962267,11931.364611315817,2,30.19040012359619,29.768699645996094,30.61210060119629,257792.99675135437
856,257.1776266225457,1.3171280197124746,12021.38798154629,1,15.339222166273329,10.0,30.0,297094.02877268416
857,85.12388251726,1.041609994327884,11951.175862178774,2,16.829466501871746,10.0,30.488399505615234,88313.9023133148
858,48.7831517751085,1.0400603318536528,12036.299744696033,2,10.0,10.0,10.0,15325.679676115486
859,117.06742302257041,1.182559552806377,12085.082896471142,1,11.380716641743978,10.0,18.284299850463867,57677.04959252906
860,121.32760100478822,1.1872709429838835,11482.167421327904,2,18.134424686431885,10.0,34.25339889526367,127984.67031736455
861,213.0735301070327,1.0817169498787091,11603.495022332692,1,17.591028485979354,10.0,30.0,253476.50084188004
862,376.0643410924523,1.206026761958138,11619.484822419452,1,21.28609981536865,10.0,38.00809860229492,774513.0358997424
863,114.89125293076057,1.0000000201965684,10955.942489953462,3,52.42639923095703,30.0,74.85279846191406,1052568.6517512007
864,107.70329614269008,1.000000030602689,11070.833742884222,2,68.48189926147461,62.111000061035156,74.85279846191406,1591407.9861647023
865,69.2820323027551,0.9999999491227188,11178.537039026913,2,54.33975028991699,46.56850051879883,62.111000061035156,647077.8684406604
866,262.06332496269624,1.211388105731205,11247.819071329668,1,27.8361143384661,10.0,46.56850051879883,594199.2700168397
867,96.99484522385713,1.0000000277804488,11401.869227094468,2,40.66985034942627,31.33970069885254,50.0,512857.3152682411
868,51.70106381884226,0.9999999759263314,11498.864072318325,2,36.883049964904785,31.33970069885254,42.42639923095703,222618.27489575624
869,219.2169111899786,1.3237340505499022,11550.565136137167,1,18.195449829101562,10.0,42.42639923095703,318965.1881036974
870,105.38149682454625,1.009835002075365,10895.575549989764,2,24.027767181396484,10.0,52.08330154418945,304336.0435156759
871,171.20955864630136,1.4469848868120556,11000.95704681431,1,12.071074962615967,10.0,18.284299850463867,90644.35259387133
872,281.26387973435027,1.116928947341591,10807.093622099019,2,22.927285603114537,10.0,58.82429885864258,858877.1215676791
873,92.33353397250951,1.0770872618880327,11088.35750183337,1,12.487750053405762,10.0,18.284299850463867,55659.674222926085
874,139.84721686301467,1.0000000222950276,10261.760626630568,2,55.4596004486084,53.45199966430664,57.467201232910156,1351907.0129218455
875,50.993890583392975,0.9999999590875563,10401.607843493583,2,45.19980049133301,36.947601318359375,53.45199966430664,330932.8053127339
876,198.71537390568588,1.2540765634423772,10452.601734076976,1,15.439525127410889,10.0,36.947601318359375,208446.9613522938
877,72.88538738048605,0.9999999471105877,10362.608574662085,2,59.01679992675781,56.3125,61.721099853515625,798078.3567540939
878,135.26220573356937,1.1646596000387586,10435.49396204257,2,54.99733352661133,46.56850051879883,62.111000061035156,1200048.403545179
879,149.54451150103324,1.0175214758438067,10570.756167776139,2,27.169899940490723,10.0,62.111000061035156,637022.7310611852
880,173.71115440565933,1.0456182785250316,10720.300679277172,1,24.142149925231934,18.284299850463867,30.0,401152.5086268766
881,575.3479562654153,1.114714000524165,10377.477860714585,1,32.128990173339844,30.0,46.56850051879883,2016841.20687599
882,264.0868548134098,1.1769385037424427,10303.876378197594,1,14.624419975280762,10.0,31.391300201416016,192837.1724097085
883,399.7460473240376,1.2395599278906186,9622.965037021337,1,20.86795997619629,10.0,62.111000061035156,938096.46849725
884,153.06820897464766,1.0087537616156776,9599.312599333865,2,30.236899693806965,18.284299850463867,42.42639923095703,557366.7879282348
885,185.85057479767892,1.135263028918929,9752.380808308513,1,14.142149925231934,10.0,18.284299850463867,123582.94317379624
886,315.95384106733184,1.1342081327133944,9306.866673831462,1,14.95743007659912,10.0,34.72140121459961,326203.6848141624
887,537.1193603320212,1.089108535405188,8456.629869242188,1,28.046240043640136,10.0,60.88819885253906,2468697.3763009766
888,64.77043235984344,1.000000012988778,12811.634445022733,2,39.5088996887207,31.468799591064453,47.54899978637695,322010.93979991454
889,224.2814427394627,1.2699450093763789,12876.404877382576,1,13.71913743019104,10.0,31.468799591064453,158971.17117206013
890,309.07304654926577,1.126724926535059,11323.065057670838,1,21.486866421169704,10.0,60.244598388671875,892964.6749022452
891,59.58209674681298,1.0000000748825117,11090.667831695962,2,27.64650058746338,20.57159996032715,34.72140121459961,146192.23095627275
892,202.485744071842,1.2967527910981353,11150.249928442776,1,14.428062438964844,10.0,20.57159996032715,137859.16852860525
893,60.0,1.0,11066.010637320329,2,29.46465015411377,18.284299850463867,40.64500045776367,171499.35817257495
894,194.13484604514082,1.1283858499166624,11126.010637320329,1,13.10661244392395,10.0,18.284299850463867,111919.89065956668
895,306.7600849027588,1.189711683263862,11418.89276235332,1,20.887777752346462,10.0,46.56850051879883,566059.8621210672
896,437.2011667982803,1.507411930756234,10979.824245436032,1,26.0246336195204,10.0,59.79460144042969,1230691.4468650331
897,329.7992038922159,1.7936059061698353,10895.575549989764,1,22.263066821628147,10.0,52.08330154418945,660079.5127336313
898,298.1549588326176,1.096039391579766,10729.44527072735,1,18.12635548909505,10.0,30.0,451016.4905548463
899,160.01544199040308,1.0724487785183088,10028.82060044265,2,37.62836710611979,20.659400939941406,46.56850051879883,873752.2040643825
900,139.87094634235126,1.0865098142362066,10188.836042433053,1,12.706242970057897,10.0,20.659400939941406,73540.42090286533
901,311.3456438634771,1.048898917367917,10161.252514995449,2,35.41216049194336,30.0,45.438899993896484,1191221.156068115
902,153.26296086244662,1.1240959580501255,10472.598158858927,1,16.092679977416992,10.0,32.179100036621094,148698.37275691621
903,105.68204506772355,1.0000000008025336,12432.420366864237,2,31.96725082397461,30.0,33.93450164794922,339710.95657446346
904,223.2455532033676,1.074090653424361,12538.10241193196,1,16.897757121494838,10.0,30.0,279706.6380900108
905,59.365634484753926,1.0000000569561587,12221.817417719141,2,36.246299743652344,23.76580047607422,48.72679901123047,254709.4772142457
906,188.8612399418456,1.136998007033412,12281.183052203894,1,16.007157189505442,10.0,30.0,188590.8591177813
907,239.444384201231,1.1543827924868715,11733.403508826486,1,13.942000150680542,10.0,33.25170135498047,199789.37768897167
908,90.61412781316115,0.9999999966933212,11937.351297501598,2,40.84104919433594,30.0,51.682098388671875,485983.9219039446
909,167.64664694883527,1.091286758234109,12027.96542531476,1,12.857142857142858,10.0,30.0,99499.84579928397
910,156.5685424949238,1.0753171234502583,11433.092667031693,2,21.313719940185546,10.0,30.0,235527.1476530115
911,157.88656935474515,1.0549240517419611,11589.661209526617,1,22.071074962615967,10.0,30.0,313230.0559296021
912,246.8483358529721,1.1174298808334038,11163.090480641822,1,17.5,10.0,70.0,665220.6952000973
913,67.81145998249544,0.9999999643150549,11085.213830520837,2,24.550249576568604,11.960000038146973,37.140499114990234,139656.3586171208
914,208.52828550676355,1.1592146107515025,11153.025290503332,1,15.504085677010673,10.0,30.0,235646.06746267795
915,148.96741403318643,1.0671202022063655,11539.037313315248,2,29.464550018310547,18.284299850463867,34.72140121459961,381604.32471005875
916,209.40093165405824,1.0465066829451624,11688.004727348434,1,26.048159790039062,18.284299850463867,33.67219924926758,433189.71136739716
917,224.8528137423857,1.1415172017419493,10797.437306874666,1,17.661250114440918,10.0,34.72140121459961,292311.42123624927
918,162.2359770240667,1.001885360476824,11072.723450432042,2,20.501200199127197,10.0,43.72050094604492,298124.21964018664
919,44.721359549995796,1.0000000066426002,11234.959427456108,2,24.142149925231934,18.284299850463867,30.0,83494.35361468613
920,103.6308110070411,1.1586276975721872,11279.680787006104,1,17.071074962615967,10.0,30.0,120134.70863451739
921,242.1960930543513,1.045949928268777,10654.309087106032,2,35.51920032501221,30.0,46.56850051879883,1011796.5218520676
922,255.5938668092047,1.024514228232194,10896.505180160384,1,22.41538009643555,10.0,34.72140121459961,629122.7401223305
923,232.20731970159457,1.1276984620884678,10831.940675101676,1,16.642149925231934,10.0,30.0,238747.01120040828
924,324.1224019560976,1.1291338346166455,10966.409608642904,1,23.10661244392395,10.0,70.0,889683.7494933202
925,256.99352549363357,1.0549253058735792,10552.118876865963,2,33.965450286865234,30.0,36.41899871826172,925580.9678956128
926,169.6672770631463,1.0585365543777996,10809.112402359597,1,18.59751968383789,10.0,36.41899871826172,276307.54794914246
927,348.9940971506645,1.3231827617529266,10437.425656893407,1,26.95247507095337,10.0,69.05120086669922,1419352.1525662672
928,297.7280381559036,1.0597597664403042,10306.839811312571,1,21.035537481307983,10.0,50.0,537386.5974613018
929,53.31543698555793,1.0000000653349403,10478.096280558097,2,23.07835054397583,11.43529987335205,34.72140121459961,96778.34820669043
930,192.03895983205896,1.0859774364540145,10531.411717543655,1,14.920142991202217,10.0,34.72140121459961,230676.60651265032
931,97.3752872330588,0.9999999724372232,10710.552750130422,2,62.10169982910156,49.35060119628906,74.85279846191406,1196371.9923264864
932,357.60254206862186,1.1285836216054834,10807.928037363481,1,31.850171497889928,10.0,74.85279846191406,2491128.1238867585
933,36.00039063347701,1.000000042620537,10286.925015105933,2,43.58620071411133,40.60390090942383,46.56850051879883,215195.06871401207
934,248.72096892976418,1.1746761474573673,10322.92540573941,1,23.61790030343192,10.0,40.60390090942383,655475.3772781477
935,117.61398710206096,1.0000000335654313,10181.746208455323,2,55.33489990234375,25.31800079345703,85.35179901123047,1242349.8150180639
936,172.7236593433193,1.1678020870446113,10299.360195557383,1,15.738700049264091,10.0,25.31800079345703,136175.50565397862
937,154.64101615137756,1.345977307496073,9812.53953897889,2,22.071074962615967,10.0,30.0,258375.29191981425
938,102.92528739883946,1.1230069748864027,9967.180555130268,1,17.313719940185546,10.0,30.0,113589.88050335861
939,240.78373193868288,1.1531448993796125,9381.601372012403,1,15.177687406539917,10.0,18.284299850463867,205921.2131200289
940,230.70338854006462,1.115146927865806,9398.307111684995,1,15.161250114440918,10.0,34.72140121459961,199014.08554354112
941,342.3529568587536,1.0676656814745142,9551.116833338918,1,23.316312551498413,10.0,88.24620056152344,1185269.4088485609
942,369.75882697306827,1.0770483210948805,9232.230857923518,1,26.56250023841858,10.0,77.64710235595703,2234442.670703144
943,417.25787155666006,1.0614834346383815,1742.357135077377,1,23.712387800216675,10.0,50.12480163574219,1341992.867356229
944,180.00274890284132,1.0000000128931925,1528.6021886816309,2,103.91950225830078,101.22000122070312,106.61900329589844,6108306.15512866
945,12.31443206035074,0.9999999931938153,1708.6049375844723,2,103.92300033569336,101.22699737548828,106.61900329589844,417912.1834064916
946,144.70922005679458,1.0000000469905024,1720.919369644823,2,72.6752986907959,44.123600006103516,101.22699737548828,2524686.917519793
947,348.83287774320775,1.0589790935347543,1865.6285897016176,1,34.713280487060544,30.0,44.123600006103516,1288153.8972485089
948,114.81878590079954,1.0000000601739574,12808.074179940526,2,51.215599060058594,34.195899963378906,68.23529815673828,980995.2852351364
949,170.58020241530565,1.344262633893424,12922.892965841325,1,17.365983327229817,10.0,34.195899963378906,264477.8021819666
950,46.32622856903178,0.9999999886365194,12876.404877382576,2,24.87654972076416,18.284299850463867,31.468799591064453,92173.47369907986
951,59.888222339497325,1.104776117319868,12922.731105951609,2,12.071074962615967,10.0,18.284299850463867,28208.430539209356
952,72.02685995619991,1.0126773220308496,12982.619328291104,1,16.666666666666668,10.0,30.0,73929.89987257296
953,184.8528137423857,1.1291682334683222,11678.953280112786,1,16.40755707877023,10.0,30.0,197494.37290396052
954,230.62858354152954,1.1474200864916582,11883.49233979359,1,19.811371394566127,10.0,62.111000061035156,667058.6309315175
955,240.49159094905644,1.2746028569961512,12144.03567178862,1,17.082042966570175,10.0,34.72140121459961,247172.8513974522
956,237.47341960509038,1.2246756409704138,11817.159843986483,1,15.224071502685547,10.0,46.56850051879883,324374.4157212056
957,212.818381698714,1.132717907038897,11550.397408906418,1,15.224085671561104,10.0,30.0,225909.58284850765
958,230.10076182516818,1.0599473401002417,12311.189951156686,1,15.733671188354492,10.0,41.85139846801758,273086.42843048455
959,346.0206126949934,1.0491953543517383,11797.933628901434,1,23.32104274204799,10.0,41.957298278808594,757259.327397905
960,217.34196541270046,1.120855594045873,11230.381283707182,1,18.571428571428573,10.0,30.0,304778.4531251718
961,229.17430806540403,1.2685241570011776,12162.453377718806,1,15.356099809919085,10.0,47.492698669433594,270845.49868173525
962,18.78940865877854,1.000000049425507,11164.048787900074,2,45.356201171875,44.14390182495117,46.56850051879883,121461.80145150636
963,105.21174337670892,0.9999999730152621,11182.838196558852,2,37.33275127410889,30.5216007232666,44.14390182495117,465785.74591063353
964,139.1427557816588,1.1759605466072023,11288.049939935561,1,14.10432014465332,10.0,30.5216007232666,104749.29181820435
965,170.76606663665137,1.0973436390137024,11511.138757699186,1,15.08461434500558,10.0,29.023700714111328,151696.9458342125
966,237.72699034745347,1.0850703088231917,10834.61733882807,1,19.264699935913086,10.0,30.0,371095.97022131673
967,293.4194398768724,1.2141460077513195,11029.650242653757,1,19.93918582371303,10.0,34.72140121459961,551012.0779746183
968,259.819576791384,1.1437919472917155,11198.755690792483,1,17.572243009294784,10.0,34.72140121459961,326969.32927209366
969,325.78579043586376,2.327863403258332,11155.751897267195,1,28.664828981672013,10.0,67.64810180664062,1400950.5274873355
970,222.69397633882375,1.1162640335095648,11047.61752510824,1,19.754899978637695,10.0,30.0,452227.76464885566
971,255.15233483000674,1.1128778044239496,11159.435126516453,1,19.116585867745535,10.0,37.247501373291016,412421.90176848613
972,287.6750630114054,1.445621621373085,11019.080323541733,1,19.264699935913086,10.0,30.0,434609.8321828112
973,280.1118920521682,1.3897441774141024,10882.738838728146,1,23.897042683192662,10.0,42.42639923095703,734635.5914915809
974,193.50690794139288,1.1122342933231155,11017.513027957511,1,15.898571559361049,10.0,34.72140121459961,190764.75436687082
975,212.0194744651766,1.0732111127592638,10688.427733293394,1,19.643728256225586,10.0,52.6531982421875,543433.4144438945
976,169.6599775106156,1.0000000257343218,10715.055431375897,2,74.07470321655273,68.70670318603516,79.44270324707031,2929737.283765456
977,238.54020317292782,1.0342029719012882,10884.715408886512,2,67.8882344563802,62.111000061035156,79.44270324707031,3496138.8475413993
978,160.0,1.0690450047050883,11123.25561205944,1,23.02775001525879,10.0,62.111000061035156,587966.1967508848
979,212.1830706047869,1.1440144685695182,10556.630728335798,1,15.224085671561104,10.0,30.0,180410.58134835237
980,245.2695996929071,1.2999262521786241,10382.853422055863,1,19.754899978637695,10.0,70.0,709111.9750272923
981,282.25547781089267,1.1931824115099514,9868.42201824825,1,19.264685767037527,10.0,46.56850051879883,492762.5498771885
982,289.75849141308083,1.228849715164921,9579.18207634718,1,24.526471546718053,10.0,62.111000061035156,847841.3355088227
983,40.0,1.0,9198.28276716966,2,30.0,30.0,30.0,113097.33552923254
984,242.98173181884624,1.0341989066829993,9238.28276716966,1,20.0,10.0,30.0,493840.2589778543
985,316.0381232918794,1.9599853253874153,9699.20844085371,1,23.286528723580496,10.0,34.72140121459961,798092.1809360154
986,229.2820323027551,1.064415145733511,9852.53953897889,1,18.081228528703964,10.0,30.0,323667.7239104576
987,314.52265108807353,1.3185475043111659,9106.410862273515,1,27.413799830845424,10.0,70.60659790039062,1472179.3776171915
988,105.23172755886648,0.9999999996081869,52413.0335480422,2,65.22685241699219,51.01100158691406,79.44270324707031,1428801.3916945963
989,230.38087408136528,1.1370243004976948,52518.265275601065,1,29.51590042114258,10.0,51.01100158691406,1209805.110085256
990,81.66242829113399,0.9999999814059375,49452.233766060766,2,70.31100082397461,61.179298400878906,79.44270324707031,1275421.53863196
991,412.3723483247833,1.091720368332676,49533.8961943519,1,33.190059661865234,10.0,61.179298400878906,2752479.431838276
992,62.041769116865545,0.9999999706940498,44559.39652639899,2,92.93369674682617,69.66639709472656,116.20099639892578,1718546.1181336243
993,138.67275980844335,1.0817138659890457,44621.43829551585,1,23.590139389038086,10.0,69.66639709472656,507129.26635772805
994,120.0,1.0,13008.729439978155,1,11.380716641743978,10.0,18.284299850463867,50984.22103143139
995,504.08049251961734,1.1777067681671358,11562.553101022533,1,39.49396673838297,18.284299850463867,62.111000061035156,3223931.7600598233
996,184.92071305196072,1.0469073467020633,12538.10241193196,1,19.42809995015462,10.0,30.0,213325.51983033982
997,241.02045620241893,1.1623038675587742,12186.462078659813,1,22.060116449991863,10.0,42.36069869995117,595025.407260673
998,190.61804207061203,1.0901428739971635,12020.053396934925,1,15.43881638844808,10.0,34.34859848022461,179345.41099149754
999,186.26151539758365,1.128857147106777,12361.885596014521,1,13.333333333333334,10.0,30.0,137110.00593142398
1000,60.0,1.0,11608.565663885813,2,20.0,10.0,30.0,81681.40899333461
1001,123.92304845413264,1.0626313415107225,11668.565663885813,1,18.97057991027832,10.0,30.0,144451.05078654882
1002,155.93091819629717,1.3178568054304323,11853.720610221939,1,16.88166681925456,10.0,34.72140121459961,147962.84160326736
1003,220.3314928099757,1.1266240941664456,12130.571189982207,1,20.939966519673664,10.0,30.78689956665039,359886.3099754421
1004,165.61544068124314,1.1734272239375878,11868.86534836796,1,14.71404997507731,10.0,30.0,129902.56797934334
1005,217.08936604882683,1.090915138925051,11514.854509480154,1,18.834283510843914,10.0,34.72140121459961,402614.3270936943
1006,133.00563079745768,1.078818151955503,12036.299744696033,1,16.09476661682129,10.0,30.0,119376.07912031712
1007,207.27698342468315,1.1497469954558965,12021.38798154629,1,16.628116607666016,10.0,30.0,230527.27026686512
1008,160.19935350196494,1.0900184899357994,11833.088260727964,1,16.09476661682129,10.0,30.0,158726.97787291277
1009,248.1662662553283,1.1054203718524471,11886.167727880576,1,24.142133394877117,10.0,46.56850051879883,545349.5820034895
1010,161.76896353095725,1.0666729040946175,11839.841064882978,1,14.120233535766602,10.0,34.72140121459961,154922.43730321643
1011,168.48362474942684,1.203454462495906,11603.495022332692,1,14.142149925231934,10.0,18.284299850463867,110921.53312166769
1012,208.31268731003212,1.0800509643298069,11594.45560028473,1,14.142149925231934,10.0,18.284299850463867,156438.94542079567
1013,143.63081100704113,1.0826579600939426,11311.467462253393,1,14.142149925231934,10.0,18.284299850463867,107413.25399387159
1014,167.27922061357856,1.200994751720371,11311.303884459126,1,16.291483243306477,10.0,31.180299758911133,194729.7221235187
1015,164.21518944375907,1.1611767405918734,11126.010637320329,1,12.761433283487955,10.0,18.284299850463867,87342.16067616375
1016,159.90837717222792,1.1516470372594128,11153.025290503332,1,17.802149931589764,10.0,30.0,177412.84061631683
1017,133.1370849898476,1.1252137519524144,11120.632082454693,1,12.761433283487955,10.0,18.284299850463867,70008.22118382897
1018,79.3833696413194,1.0000000024629672,11070.833742884222,2,64.65544891357422,54.458099365234375,74.85279846191406,1051177.0063267858
1019,251.42153859726983,1.0707669430785236,11150.21711252554,1,24.54847984313965,10.0,54.458099365234375,730184.3566590955
1020,190.8240478942713,1.0281372244635705,11498.864072318325,1,16.318050066630047,10.0,31.33970069885254,183505.0034158523
1021,153.52848016310122,1.1464751502730013,11613.130886695475,1,18.41586685180664,10.0,43.92660140991211,259964.8171014653
1022,149.92946089277763,1.0000000151712252,10992.158190000762,2,62.78369903564453,40.615699768066406,84.95169830322266,1933808.3776700736
1023,142.14880225093214,1.0884176930882583,11142.08765089354,1,19.43685989379883,10.0,40.615699768066406,205615.25751327028
1024,189.5741732923815,1.0597518526897332,10865.816139086624,1,20.80880006154378,10.0,46.56850051879883,384439.14905882924
1025,159.49382989376326,1.0954080790206426,11216.092111644017,1,15.50095017751058,10.0,34.72140121459961,172668.84313693337
1026,97.3819121036456,0.9999999986876443,10857.739890944,2,69.55694961547852,65.160400390625,73.95349884033203,1482133.1204275035
1027,86.67362723153279,1.0000000588435676,10955.121803047645,2,55.864450454711914,46.56850051879883,65.160400390625,857626.0685249792
1028,146.29253005049435,1.1423527377758034,11041.795430279177,1,24.142125129699707,10.0,46.56850051879883,482045.63278661546
1029,186.38772500659962,1.074615492542419,10734.093748600548,1,17.618316650390625,10.0,39.141300201416016,298629.9610554989
1030,180.0,1.0,11062.106660855752,1,22.761416753133137,10.0,46.56850051879883,351919.75841994694
1031,215.96476176869956,1.0798525616315844,10989.9597550405,1,17.281933466593426,10.0,37.12300109863281,324792.58909915027
1032,206.01566671645432,1.0701107393896623,10602.479334830477,1,15.071900049845377,10.0,40.431400299072266,235058.31267339276
1033,174.45511184966895,1.187016635355053,10567.738688405658,1,16.88166681925456,10.0,34.72140121459961,211298.3200976107
1034,206.64362004839367,1.040041867367518,10484.765433172282,1,19.797916730244953,10.0,60.50320053100586,552358.132241026
1035,182.88343073533974,1.2600766632727236,10492.872219771154,1,16.24816672007243,10.0,39.2047004699707,253821.57384224527
1036,209.86955767790664,1.0959451919471672,10446.092391136053,1,20.472867012023926,10.0,64.55290222167969,760544.7154496727
1037,299.2331205935196,1.0970418165132678,9925.113111011555,1,25.866000175476074,10.0,56.91170120239258,920124.1772349413
1038,229.06839719031825,1.0460875354310257,10395.924844049841,1,23.95431677500407,10.0,68.87300109863281,865434.3728916955
1039,207.85882302521128,1.0722691399152595,10359.325464922193,2,48.21356709798177,30.0,64.64070129394531,1632507.6765053528
1040,117.566303550217,1.0915757582043266,10567.184287947404,1,17.071074962615967,10.0,30.0,153911.84583566053
1041,225.02170713915936,1.0816730162620343,10251.925800846739,1,27.58186626434326,10.0,70.63829803466797,801517.1201789045
1042,187.13515159189126,1.0363930080087638,9749.062246183013,1,17.988250096638996,10.0,41.36090087890625,266259.7675184455
1043,259.42253423971044,1.2200501829326362,10131.46405343806,1,25.518783887227375,10.0,70.10700225830078,1106909.2778788
1044,270.87171105211996,1.15463029468962,9693.47343249756,1,24.683067003885906,10.0,53.245601654052734,1131774.9697158122
1045,206.0714727264508,1.3190411122291716,9693.47343249756,1,20.54093360900879,10.0,53.245601654052734,644593.8041878835
1046,253.66009049380256,1.0900072729322068,9031.702018034892,1,26.8559996287028,10.0,74.56739807128906,1394147.167274793
1047,355.80594615140853,1.042796070099262,1978.321157465699,1,29.62118371327718,18.284299850463867,34.72140121459961,971524.8438677592
1048,258.11896689421434,1.0006245658596622,54174.27443034779,2,66.22890090942383,46.56850051879883,103.71800231933594,3123119.927126999
1049,218.9805602661815,1.078328291951482,54432.393397242005,1,73.42883427937825,46.56850051879883,103.71800231933594,4047106.729640188
1050,471.4770370333966,1.0285106687613874,53352.55566420801,1,52.84592056274414,30.0,68.87300109863281,4211660.616900929
1051,99.07474819000225,1.0000000303990648,52679.799763035546,2,64.31814765930176,56.174198150634766,72.46209716796875,1294477.9752934715
1052,178.58975209948218,1.0486398385826288,52778.87451122555,1,28.614624500274658,10.0,56.174198150634766,718824.4507831802
1053,328.70951426627414,1.2680557469770082,40188.857473458425,1,43.318359756469725,10.0,111.73899841308594,4031209.9368897974
1054,134.0033918527509,1.0869110629947636,12922.731105951609,1,13.313719940185546,10.0,18.284299850463867,79962.09694132906
1055,159.70365084995817,1.1421870441701791,12854.424454699421,1,21.215679931640626,10.0,49.50979995727539,305047.45362703555
1056,122.3942994444822,1.1513886934204138,12683.441244020822,1,14.236059951782227,10.0,31.180299758911133,90471.6426911224
1057,153.06405125226343,1.062330176046914,12647.385731266182,1,19.820419692993163,10.0,34.24919891357422,212472.9462599405
1058,142.92528739883946,1.207939162068846,12123.480240274497,1,18.97057991027832,10.0,30.0,187687.7471460039
1059,134.26274874919233,1.0532691314399603,12495.52748374716,1,15.49990005493164,10.0,29.215200424194336,149825.00436365526
1060,149.2820323027551,1.151735944445677,12627.240976107289,1,17.313719940185546,10.0,30.0,166295.93708835114
1061,151.90576698785839,1.0733180372887172,12271.156111227408,1,17.43135986328125,10.0,30.588199615478516,161926.56733144424
1062,113.13708498984761,1.1094003686895062,11727.943074968449,1,13.313719940185546,10.0,18.284299850463867,75151.7825734642
1063,158.99777058693059,1.1491781940970711,12281.183052203894,1,14.410020065307616,10.0,23.76580047607422,118844.47306154598
1064,188.69026782998188,1.4304572501577473,12532.811524259498,1,25.545420455932618,10.0,34.72140121459961,543085.2861989157
1065,197.9786443388308,1.1641285532921046,11955.426351166694,1,15.499579620361327,10.0,37.49789810180664,217924.1155801373
1066,117.56630355021701,1.0915757582043266,11470.112748826214,1,13.313719940185546,10.0,18.284299850463867,74667.5146009109
1067,209.60222065184047,1.0815771101742497,11995.621728194861,1,24.627420043945314,10.0,46.56850051879883,637997.6861037386
1068,155.24080102062985,1.0738230305873808,11798.371736847326,1,18.0,10.0,30.0,245974.3901860422
1069,117.27406610312546,1.0705608726841214,11521.187672501617,1,13.313719940185546,10.0,18.284299850463867,82299.30130815365
1070,180.8537081824304,1.0539832643473317,11653.646146679155,1,18.775639724731445,10.0,45.59389877319336,327824.06112557213
1071,131.5298244508295,1.0668477814834576,11373.013821699356,1,15.656859970092773,10.0,30.0,148924.97320063098
1072,199.74406667314628,1.083264323633674,11764.519678229313,1,29.70979995727539,10.0,91.98040008544922,1206865.006985639
1073,200.00700007035033,1.1439247884439363,11678.0076114421,1,25.313719940185546,18.284299850463867,30.0,429336.4478975009
1074,139.50066786565475,1.1313270773317454,11684.90456187106,1,17.654220199584962,10.0,39.98680114746094,171296.3692661208
1075,195.98465337810651,1.0487461958225859,11618.176960165989,1,23.723400115966797,10.0,62.04840087890625,688103.3984740006
1076,133.16191257310743,1.0716584031713656,11362.663620100118,1,14.0,10.0,30.0,85766.4521625895
1077,292.3974361795218,1.3146280231437724,11756.655275625444,1,34.057919311523435,10.0,90.28959655761719,2396341.3505449947
1078,145.7962437276273,1.1569337092549081,11543.890709464871,1,15.735540008544922,10.0,30.393400192260742,154863.03384408655
1079,145.1146556572727,1.3058034012602167,11598.654535832897,1,19.892919921875,10.0,31.180299758911133,192016.202473548
1080,162.13869889007645,1.0688459949625309,11673.816691003507,1,20.47494010925293,10.0,34.09040069580078,325569.3890486011
1081,198.38292039740747,1.0751621519615684,11150.249928442776,1,17.771179962158204,10.0,30.0,296616.95793005626
1082,155.19835466896535,1.0653150407238465,11552.359817558216,1,18.074980163574217,10.0,33.80630111694336,216959.24693125236
1083,118.87245286100777,1.034724271414088,11688.004727348434,1,14.734439849853516,10.0,33.67219924926758,115674.99893206966
1084,168.5731064759986,1.0740404681119329,11258.410766913252,1,17.313719940185546,10.0,30.0,188740.05381902662
1085,187.5456909734604,1.1969654660685018,11428.357485011986,1,18.25800018310547,10.0,34.72140121459961,290743.8232762626
1086,151.20955864630136,1.0692130432634641,11234.959427456108,1,16.627439880371092,10.0,18.284299850463867,144818.0560412307
1087,20.051696934795938,1.0000000078523124,11085.03409897598,2,28.656100273132324,27.31220054626465,30.0,51767.05433480847
1088,123.69482451221495,1.1004847597127416,11105.085795910776,1,18.470200061798096,10.0,27.31220054626465,159027.38074361882
1089,246.37583979993803,1.3320973925659674,11619.484822419452,1,25.25847969055176,10.0,38.00809860229492,649408.8812631204
1090,192.13226620656815,1.287630228179902,11565.72477747043,1,25.046279907226562,10.0,30.0,404125.07670666755
1091,204.6571446965745,1.0786378371894372,11894.772836155034,1,24.30598030090332,10.0,53.245601654052734,489034.26907937997
1092,24.31873876943454,0.9999999930940748,11550.565136137167,2,43.70590019226074,42.42639923095703,44.98540115356445,145980.58984123162
1093,255.59647104673246,1.1405634782575809,11574.883874906602,1,40.249176025390625,34.72140121459961,46.56850051879883,1322345.6684148838
1094,169.52655490404484,1.0711095428599797,11186.349063540576,1,18.97056007385254,10.0,46.56850051879883,386483.2873386588
1095,137.24878022832513,1.0711835849420532,10837.793201711347,1,15.41422004699707,10.0,30.0,149895.48403644486
1096,357.0094354515418,1.1558607535919438,10691.725660973772,1,43.38392105102539,34.72140121459961,54.33980178833008,2220632.5601589195
1097,102.92528739883946,1.1230069748864027,11000.95704681431,1,10.0,10.0,10.0,32334.933227497724
1098,189.7056274847714,1.176504410735809,11094.279355889716,1,18.944280242919923,10.0,34.72140121459961,371833.3219007943
1099,197.16550033412688,1.0485153984691868,10988.703982339395,1,18.248480224609374,10.0,51.242401123046875,368396.5361005067
1100,158.84855221782067,1.0856127297889524,10985.899414629823,1,17.14802017211914,10.0,45.7401008605957,252349.6848783155
1101,155.9143572769371,1.0356248884865418,11012.546962719023,1,18.634319686889647,10.0,44.887298583984375,271942.2510117693
1102,50.03056527502549,0.9999999621398662,11010.03608124864,2,62.92350196838379,54.43320083618164,71.41380310058594,626092.8265025549
1103,30.127807296440526,0.9999999893537898,11060.066646523665,2,49.60795021057129,44.78269958496094,54.43320083618164,233661.6463904357
1104,110.62150167092793,1.0103286096025355,11090.194453820104,1,21.59423319498698,10.0,44.78269958496094,248589.43869446524
1105,115.6835836452661,1.0469863789560556,10539.868751039045,1,15.645339965820312,10.0,38.22669982910156,132181.14843867763
1106,277.27406610312545,1.0632975021638433,10920.765122828092,1,31.20226058959961,10.0,79.44270324707031,1939255.2648913362
1107,319.970289004089,1.0221075526743146,10720.416242290466,1,37.33556022644043,10.0,62.111000061035156,2123111.075390188
1108,131.91508225450303,1.0992923521208586,10805.816139086624,1,15.656859970092773,10.0,30.0,113643.57364551356
1109,143.63081100704113,1.1355012828727828,10346.816606005594,1,15.656859970092773,10.0,30.0,163083.73866222048
1110,150.1096576057373,1.1686020471767298,10425.673303171767,1,17.313719940185546,10.0,30.0,154504.77108033636
1111,119.84567015623108,1.0421559669274434,10659.782168394153,1,10.292900085449219,10.0,11.464500427246094,39339.194427466
1112,129.76245123595245,1.0000000004938059,11124.429387719398,2,49.150699615478516,47.10110092163086,51.20029830932617,985394.1554565526
1113,178.37845617425634,1.114713650460897,11254.19183895535,1,24.275275230407715,10.0,47.10110092163086,640628.6417939799
1114,233.1850750567939,1.0555792070967864,10570.756167776139,1,30.079059982299803,10.0,62.111000061035156,1478430.4719555164
1115,217.07049011732738,1.1528594463678445,10637.931480468636,1,18.347000122070312,10.0,31.735000610351562,286602.7140309813
1116,146.17084060220705,1.1018041533152965,10709.2475965917,1,16.601140213012695,10.0,34.72140121459961,181591.81673326145
1117,234.9049436696762,1.0238884024125414,11051.761088436053,1,27.883999633789063,10.0,62.85139846801758,1012519.896307125
1118,193.18994891815706,1.0732774939897614,10670.803018661903,1,20.422200012207032,10.0,62.111000061035156,517650.16255842237
1119,208.54112821302277,1.0385597061541634,10470.154161010394,1,25.35689926147461,10.0,70.21589660644531,824335.303236363
1120,121.64414002968977,1.1598313954343096,10553.627131441051,1,17.313719940185546,10.0,30.0,155303.61686581222
1121,263.3226099060831,1.157140400510371,10634.789396242157,1,29.36648025512695,10.0,62.111000061035156,728434.1201288812
1122,150.92617233244488,1.1714142718773588,11043.563901185124,1,21.086419677734376,10.0,48.86349868774414,263826.0032139435
1123,174.0080815415974,1.0728677643887565,10968.986470681813,1,26.055899810791015,10.0,73.71089935302734,831899.6595760548
1124,25.304642350149788,0.9999999493835331,10183.62630406457,2,40.46540069580078,37.324100494384766,43.6067008972168,130433.54882870278
1125,133.83883124848694,1.032229847075531,10208.930946414719,1,18.902100086212158,10.0,37.324100494384766,240467.40783674325
1126,166.0112615949154,1.0295581848984048,10552.608497726313,1,20.627420043945314,10.0,46.56850051879883,368457.8683747057
1127,117.27406610312546,1.0705608726841214,10434.168615823444,1,15.656859970092773,10.0,30.0,119558.17503630763
1128,131.91508225450303,1.1659756153346974,10441.963903503114,1,11.656859970092773,10.0,18.284299850463867,57713.21576244364
1129,155.96775100609267,1.0248047021329938,10502.596434826708,1,19.35402030944824,10.0,48.485801696777344,233204.84734673114
1130,141.4213562373095,1.1470787008657328,10335.914809961596,1,18.97057991027832,10.0,30.0,183305.6957451583
1131,302.52889390562154,1.147895625191353,10158.52547658896,1,35.50009956359863,10.0,84.49479675292969,2260016.071605912
1132,144.4419492901237,1.0605751495495814,10299.360195557383,1,14.720460128784179,10.0,25.31800079345703,130208.4693886896
1133,189.31732534289242,1.0319165658632912,9765.311457783338,1,19.17756004333496,10.0,47.60350036621094,375636.61701862526
1134,281.12711307700283,1.261053430491754,9953.158118242,1,32.47196044921875,10.0,61.06990051269531,1558213.0298745895
1135,192.7544461803024,1.106554308973323,10183.342975209973,1,21.474500274658205,10.0,47.372501373291016,383127.34671490325
1136,54.494957541881384,1.000000010490265,10244.54209506929,2,34.120100021362305,32.6442985534668,35.59590148925781,199433.2306328607
1137,109.08328634613758,1.157024944175819,10299.037052611171,1,15.6610746383667,10.0,32.6442985534668,110168.40682596291
1138,210.44728856970914,1.0669320744139699,10121.405969003457,1,24.950200653076173,10.0,68.18240356445312,884214.5716810554
1139,199.5466938220727,1.063587494067887,10143.073407223943,1,25.806139373779295,10.0,72.46209716796875,725862.117884994
1140,166.70385094221285,1.074448871996623,10131.46405343806,1,23.67826042175293,10.0,70.10700225830078,579627.3228036562
1141,125.85057479767892,1.2340663902809588,9967.180555130268,1,14.970579910278321,10.0,18.284299850463867,106757.18890831925
1142,245.30077296370192,1.0848508432174395,9549.534137296123,1,30.00503921508789,10.0,73.45659637451172,1233084.6195787909
1143,131.91508225450303,1.0699726349899865,9752.380808308513,1,13.313719940185546,10.0,18.284299850463867,84147.47654075515
1144,149.06658676975053,1.237613349613484,9748.315448533649,1,15.132920074462891,10.0,27.380300521850586,115511.65712232862
1145,252.8429012842019,1.0641890674817025,9968.094596604657,1,22.649120330810547,10.0,53.245601654052734,559700.9132091716
1146,142.9010383020318,1.0534803785131477,9679.000273783158,1,16.601140213012695,10.0,34.72140121459961,157650.8074948343
1147,261.2265489055321,1.0326041889781452,9431.409813999157,1,34.26408081054687,10.0,71.5062026977539,1892896.4633440564
1148,370.6578412140381,1.0346066499777802,2573.1970099580167,1,27.65248031616211,10.0,34.72140121459961,1092146.1529844778
1149,189.09612800104648,1.0990988967575486,2114.846567648543,1,18.97057991027832,10.0,30.0,238830.88495626743
1150,163.17552417822247,1.0361655746015248,54537.282761379276,1,27.071074962615967,10.0,70.0,808313.3328345536
1151,22.11176744868193,1.0000000286497406,52974.61824411858,2,89.28020095825195,88.5604019165039,90.0,553723.6159933766
1152,232.02053295141548,1.0283046133020983,52996.73001156726,1,66.00103505452473,30.0,88.5604019165039,4035587.31301015
1153,191.45190736801678,1.1127915859237008,54002.788647841095,1,34.14212512969971,30.0,46.56850051879883,784374.2038771395
1154,204.87442844836477,1.0440677370700453,51978.26146373815,1,28.02775001525879,10.0,62.111000061035156,960309.0551535533
1155,239.99373877961906,1.0309693116526026,50759.90029071162,1,35.10562467575073,10.0,82.13819885253906,1766530.4548305813
1156,240.4093157580257,1.041363820335373,39254.22789859954,1,39.64080047607422,10.0,88.56320190429688,2534372.4040011615
1157,184.54166942187652,1.1166813872997572,12922.892965841325,1,18.120049953460693,10.0,34.195899963378906,302405.7723227067
1158,115.57429303244838,1.0104842066484119,13156.610361954676,1,15.0,10.0,30.0,98099.41521637278
1159,122.06468210273893,1.0414929091612377,13094.13627112943,1,20.747375011444092,10.0,30.0,157659.77851621096
1160,113.46278083078852,1.107283386286152,12992.747615251197,1,15.0,10.0,30.0,97243.3940156081
1161,165.39479505843545,1.0237680630195256,12743.441244020822,1,19.142149925231934,10.0,30.0,243404.13739254524
1162,195.5724637993937,1.2082507524143324,12700.725668390784,1,22.36614990234375,10.0,31.180299758911133,336403.9287887896
1163,105.51905666543522,1.0406058726062615,11909.27941019635,1,24.68560028076172,18.284299850463867,32.17380142211914,181704.37077873497
1164,114.3467015460395,1.0821762520494345,11730.425580828727,1,17.22135019302368,10.0,30.60110092163086,143105.93077186495
1165,68.2842712474619,1.0796691470011266,12101.26354563194,1,10.0,10.0,10.0,21452.136488405307
1166,107.64664694883524,1.0986639711808686,12068.83922412312,1,14.142149925231934,10.0,18.284299850463867,78243.91092305645
1167,167.3149262547389,1.0891274403623352,12191.167672598247,1,27.071074962615967,10.0,50.0,547027.8877954765
1168,76.5685424949238,1.1543141954529064,11736.91783444285,1,10.0,10.0,10.0,24054.71705527186
1169,122.10960423639015,1.0414766071432282,12110.394432593446,1,25.6160249710083,18.284299850463867,35.89550018310547,235635.9130172709
1170,103.6308110070411,1.0576775179240432,11668.565663885813,1,15.0,10.0,30.0,83858.57434345916
1171,122.55526101282277,1.0260100473969433,12137.43671329471,1,18.120275020599365,10.0,34.196800231933594,141289.9587370144
1172,134.55440252490916,1.4008224997297367,11451.242873939033,1,18.244325160980225,10.0,30.0,211859.72597069028
1173,90.71067811865476,1.152026719554476,12085.082896471142,1,10.0,10.0,10.0,28497.599992294927
1174,117.20463267432604,1.0677666957958427,11288.049939935561,1,20.13040018081665,10.0,30.5216007232666,195909.0559641509
1175,126.75204166065734,1.0712502859401851,11808.054054552875,1,20.322500228881836,10.0,34.72140121459961,213533.5957021222
1176,129.2820323027551,1.410582643708219,11935.552619568902,1,23.25142526626587,10.0,34.72140121459961,284808.01384974725
1177,84.8528137423857,1.1338934583308589,11079.650452506583,1,10.0,10.0,10.0,26657.297622138412
1178,94.26358632543088,1.0658914330792522,11657.748094792192,1,11.633399963378906,10.0,16.533599853515625,39036.10041830373
1179,190.04691694389072,1.0072466248988559,11448.527249156838,1,23.410325050354004,10.0,34.72140121459961,455786.4865916602
1180,137.56684399288264,0.9999999653841007,11603.551378840617,2,44.76140022277832,42.95429992675781,46.56850051879883,866376.9214660388
1181,114.98479210035015,1.059196560131302,11741.1182228335,1,23.74619992574056,10.0,42.95429992675781,287459.47918223793
1182,76.5685424949238,1.0618146763615333,10991.366181259122,1,12.071074962615967,10.0,18.284299850463867,42842.69864224841
1183,103.6308110070411,1.0576775179240432,11393.150565734599,1,14.142149925231934,10.0,18.284299850463867,75055.17719537785
1184,207.77810114122516,1.0715337304608843,11473.96263877174,1,29.20810031890869,10.0,62.111000061035156,970125.758846223
1185,236.66808440915128,1.0361458460778739,11541.331563394804,1,29.85170030593872,10.0,61.122501373291016,1152439.0894269296
1186,207.81470148802464,1.087751881331832,11686.463207961724,1,20.0,10.0,30.0,434954.93500438303
1187,109.28004979491837,1.0447745996282007,11716.78663818456,1,20.09517526626587,10.0,42.09640121459961,208274.42276767868
1188,97.27406610312546,1.1158100676272384,11107.801532916596,1,15.0,10.0,30.0,81861.54347841287
1189,114.83314773547883,1.0482784381728067,11706.762417486154,1,19.142125129699707,10.0,46.56850051879883,226840.82910518907
1190,101.4969664034825,1.0601432755366482,11310.390716767939,1,17.916549682617188,10.0,41.66619873046875,157641.26102228207
1191,178.5343063566968,1.0447929631542103,11255.350409273728,1,25.811400413513184,10.0,53.245601654052734,684687.7994808274
1192,156.62140642323325,1.0859740995043676,11163.090480641822,1,29.142149925231934,10.0,70.0,739070.4647446794
1193,75.86340669794964,1.055644166518072,11088.35750183337,1,10.416675090789795,10.0,11.66670036315918,25357.488620985183
1194,90.99019513592785,1.0577395121395496,11210.308835075506,1,15.0,10.0,30.0,81982.22182689066
1195,239.32865384293342,1.1434721459404418,11631.436279766642,1,29.497774124145508,10.0,67.99109649658203,1238411.3838648584
1196,115.20186108682302,1.032511219274793,10975.576066061514,1,15.480974912643433,10.0,18.284299850463867,101242.13711637717
1197,166.85251964395883,1.1331910056624577,10767.089566763532,1,23.061450004577637,10.0,45.67720031738281,391444.1700871643
1198,96.080714629789,1.0739130351100945,11164.66693607277,1,13.77602481842041,10.0,18.284299850463867,70849.30100079143
1199,116.5685424949238,1.271867094884765,11111.313885709389,1,17.071074962615967,10.0,30.0,139184.95353758693
1200,181.24688306083178,1.0831573295454764,11178.537039026913,1,27.169899940490723,10.0,62.111000061035156,714803.0482374667
1201,160.91990998229517,1.178230695621081,11150.21711252554,1,25.256674766540527,10.0,54.458099365234375,471001.7176895946
1202,93.0056307974577,1.0398345706740222,11475.254573564758,1,17.071074962615967,10.0,30.0,92087.22383349758
1203,239.83580452517418,1.1433723637227826,10729.142234841513,1,30.098824977874756,10.0,62.111000061035156,1196915.4078491114
1204,139.55450728547464,1.0519316650812507,11051.313885709389,1,24.142125129699707,10.0,46.56850051879883,417118.3314132979
1205,167.96691275336337,1.0665909213016682,11683.146491558211,1,25.0,10.0,30.0,386950.65887211636
1206,135.6317158564715,1.1042137631642555,11060.066646523665,1,21.10830020904541,10.0,54.43320083618164,323113.318480488
1207,102.75777561144396,1.0237725079270927,11585.698257510752,1,15.196724891662598,10.0,30.78689956665039,101662.83541602467
1208,103.6308110070411,1.1047082011339213,10861.067078967742,1,16.2132248878479,10.0,18.284299850463867,94846.88337951241
1209,110.35945230136514,1.0594846787117203,10874.091059056751,1,12.071074962615967,10.0,18.284299850463867,50424.647191479016
1210,176.60583402480472,1.4080881866808508,10778.094323534093,1,28.86752462387085,10.0,57.18579864501953,721982.9508644361
1211,97.27406610312546,1.1796213223317982,10720.300679277172,1,14.142149925231934,10.0,18.284299850463867,62866.96441101644
1212,221.34039744690182,1.1665662976914026,10920.765122828092,1,37.36067581176758,10.0,79.44270324707031,1379829.6148715338
1213,129.4427190999916,1.1441228059277282,10804.498536472818,1,14.142149925231934,10.0,18.284299850463867,113149.13655933192
1214,157.074105766358,1.0691499294577707,11380.832792700157,1,21.717600345611572,10.0,48.58610153198242,384558.78805489524
1215,177.9292962107571,1.1681630739991358,10884.715408886512,1,31.50282573699951,10.0,79.44270324707031,1094820.2535744114
1216,221.71711541545565,1.1025129741069508,11213.519112582782,1,44.32849979400635,30.0,70.74549865722656,1364595.247371393
